name,start,end,years,ann_ret,cagr,ann_vol,sharpe,sortino,max_dd,calmar,skew,t_stat,hit_rate,turnover_py,cost_py,gross_sharpe,avg_abs_pos,time_in_mkt,symbol,dataset,is_sharpe,oos_sharpe,sr_1990-1999,sr_2000-2009,sr_2010-2019,sr_2020-2029
long_only_voltarget,1991-10-29,2024-03-28,32.4,0.04062362739847422,0.02890243136969306,0.15556299554678227,0.26113940050902096,0.36758243965299275,-0.6664850952536293,0.04336545794575392,-0.3673248430555725,1.4859945333935112,0.5198529411764706,0.6585649731608298,0.016090108594391937,0.36458804085789126,0.6335585418538162,1.0,XTIUSD,fut,0.5702565202312936,-0.04023538329390917,0.04,0.89,-0.27,0.35
long_only_voltarget,1990-08-23,2024-03-28,34.1,0.030237690033281032,0.018525271625795536,0.15398644715026805,0.19636591786401505,0.28051574474311075,-0.6785512572706058,0.02730121184995118,-0.31241552032165076,1.146536014228303,0.5119310906762892,0.5318997837381993,0.013230660089371436,0.2822959095864077,0.529125189429279,1.0,XBRUSD,fut,0.4258520257808008,-0.036387632729808196,0.19,0.51,-0.19,0.33
long_only_voltarget,1991-08-09,2024-03-28,32.5,-0.02546638281568885,-0.0372451509883428,0.15811991281242724,-0.16105740486904285,-0.2592952550092767,-0.8802593838591626,-0.04231156369507315,0.19381391618579394,-0.9186167997871749,0.4885337887289583,0.37688018522666533,0.010218327416329297,-0.09643358172386902,0.39207326449054786,1.0,XNGUSD,fut,0.23228684689071158,-0.5804215654491995,0.16,0.05,-0.64,-0.3
long_only_voltarget,1990-08-23,2024-03-28,34.4,0.015602681082193648,0.008138738242911225,0.12241288057264481,0.12745947166020963,0.18905526289065883,-0.7190229261663947,0.01131916375226647,-0.11906336562902457,0.7472758259317106,0.5095820826598938,,,,,,PORT,fut,0.5034432632792298,-0.2786222301038711,0.19,0.55,-0.47,0.2
long_only_voltarget,1987-02-24,2026-09-22,36.7,0.029075964924232027,0.017599991886840805,0.15237535477515837,0.19081802937972392,0.2664604446653614,-0.568513726198721,0.030957901411669382,-0.2341026014968812,1.1557731307658239,0.5137912385073012,0.4754946666055163,0.011422822970229176,0.2657856747557387,0.4212350317370888,1.0,XTIUSD,spot,0.3321634312649576,0.05460412219069261,0.13,0.53,-0.12,0.21
long_only_voltarget,1988-06-01,2026-09-22,35.0,0.026752746050720734,0.014668343623326585,0.15609095712391777,0.17139203028579175,0.24502338675827762,-0.6640978428838678,0.022087624256734214,-0.08608651625398686,1.0146010218848884,0.5063979164307553,0.47260386277424726,0.01231860329959858,0.2503184211947701,0.44922076280025375,1.0,XBRUSD,spot,0.3617603800757692,0.005743182508873953,0.13,0.48,-0.15,0.19
long_only_voltarget,1999-07-27,2026-09-22,21.6,0.07087790631673874,0.06018470897166428,0.15837346864189059,0.4475364903259508,0.7137967661332655,-0.372066306053356,0.16175801998860256,1.3886801782105447,2.077629402260904,0.4472472841097404,0.3171242765877885,0.006354265297165684,0.48755962702468597,0.21037559982230644,1.0,XNGUSD,spot,0.9427912230623449,0.3684783387392884,,0.55,0.2,0.71
long_only_voltarget,1987-02-24,2026-09-22,39.5,0.046138606631164536,0.03938221426990984,0.12251003540084325,0.376610834208011,0.5381992943369941,-0.42930623773286725,0.09173454939272312,-0.1323881178651339,2.368388701083203,0.5121412803532008,,,,,,PORT,spot,0.5173299965116231,0.20181452714594553,0.24,0.73,-0.02,0.5
tsmom_21,1991-10-29,2024-03-28,32.4,0.014160837821098783,0.0030078861647291344,0.1493774918868831,0.09479900647831303,0.1398956287249571,-0.47736537991115224,0.00630101446671513,0.011209763650794619,0.5394467672182731,0.5084558823529411,27.58938373445944,0.023492636477800297,0.252117325684864,0.6062627730525342,0.9995098039215686,XTIUSD,fut,0.0756040723045549,0.11353650890573708,-0.1,0.39,-0.17,0.32
tsmom_21,1990-08-23,2024-03-28,34.1,0.05965769556436391,0.049942070690574436,0.14783605388012164,0.4035395561406122,0.6012359264740447,-0.4356147590283671,0.11464733380928038,0.13903836893362836,2.3561758543115436,0.5114654871377022,20.21641419528702,0.019603502023316354,0.5362245253690171,0.5080784051365506,1.0,XBRUSD,fut,0.33168560178823314,0.47599233163795357,0.46,0.45,0.18,0.66
tsmom_21,1991-08-09,2024-03-28,32.5,0.06522793005484598,0.05544716998565602,0.1500841197073811,0.43460913907494564,0.6770747260996839,-0.5662635153891299,0.09791760987382941,0.04164329686747364,2.4788630912059624,0.5086606489387655,15.865714127319404,0.025259113579316057,0.6031022459393367,0.3741625341085131,1.0,XNGUSD,fut,0.6390925552296031,0.21576317736497386,0.73,0.6,-0.31,1.01
tsmom_21,1990-08-23,2024-03-28,34.4,0.04571993691454981,0.040727488903955944,0.10769276102543411,0.42454048423693025,0.6328081934483261,-0.33720652733845624,0.12077906446655914,0.04144618944827995,2.4890173862115526,0.5111983375663819,,,,,,PORT,fut,0.48366270590005367,0.3635927717274191,0.53,0.63,-0.16,0.92
tsmom_21,1987-02-24,2026-09-22,36.7,0.017462439491071347,0.0068153988147339195,0.14599445766795874,0.11961029048641626,0.1671069991531463,-0.5281234181786064,0.012904935816402324,-0.16389805634009835,0.724472212383011,0.506652244456463,18.874050731897515,0.016476883830840713,0.23248558603397282,0.4038952842947347,0.9994591671173607,XTIUSD,spot,0.06358421458872747,0.1737880488786975,0.42,-0.18,-0.14,0.63
tsmom_21,1988-06-01,2026-09-22,35.0,0.05161257049115375,0.0413121898843245,0.149197437521515,0.34593469799848925,0.5007500652746754,-0.4153307974777356,0.09946815920035186,0.03176779807768024,2.047853085755784,0.5086626656097837,17.638210398772493,0.017788704013038465,0.46515669083869643,0.4299979580044294,0.9996602876231457,XBRUSD,spot,0.22043131603539184,0.45427483065600577,0.14,0.33,0.32,0.53
tsmom_21,1999-07-27,2026-09-22,21.6,-0.04911363081090347,-0.05840920498494018,0.14889053991466097,-0.3298640117703498,-0.4426617491753376,-0.8063179323218417,-0.07243942202394942,0.4027352662550414,-1.5313503690004604,0.45017498618530116,12.028740083379597,0.01775409305946703,-0.2105774304909608,0.19980661573652833,0.9983428466212484,XNGUSD,spot,0.08066637076899219,-0.39714506028083923,,0.04,-0.49,-0.4
tsmom_21,1987-02-24,2026-09-22,39.5,0.020669373467755943,0.014454477252933362,0.1124184177217369,0.1838610957762962,0.2616827666956075,-0.3404617485342474,0.04245551024502059,0.04198266194527158,1.1562453924648508,0.5009030704394943,,,,,,PORT,spot,0.21623061641694835,0.14391974184885029,0.3,0.14,-0.1,0.37
tsmom_63,1991-10-29,2024-03-28,32.4,0.045368567129882124,0.03426601023930931,0.15280623549309708,0.2969025902868448,0.43812229294929844,-0.41200776746467993,0.08316835978643733,0.00549689120332528,1.6895023319216964,0.5129901960784313,15.658556030011319,0.02027018497662771,0.4296363952620457,0.6209835086144857,0.9996323529411765,XTIUSD,fut,0.3069880638480045,0.28701556441726983,-0.05,0.81,0.14,0.07
tsmom_63,1990-08-23,2024-03-28,34.1,0.046153768791967836,0.03535627167987143,0.15107075177973261,0.30551094932831163,0.4533035142370797,-0.47717932357864257,0.074094307805951,0.07846538869122309,1.783809074182408,0.5065766499825398,13.146951108257058,0.017386958767767854,0.420615262482718,0.5186288749621957,1.0,XBRUSD,fut,0.38876928001822675,0.22141191815248457,0.72,0.23,0.03,0.22
tsmom_63,1991-08-09,2024-03-28,32.5,0.0663823176215734,0.056008520168975284,0.15414561642440122,0.4306468076186245,0.6595203547139082,-0.42108250992997465,0.13301079681103214,-0.02405850263685701,2.456263296772038,0.5106123444742621,9.079788273587729,0.018681110677882782,0.5520076636488235,0.3825011911726186,1.0,XNGUSD,fut,0.508693757924454,0.34794749217298554,0.53,0.68,0.13,0.31
tsmom_63,1990-08-23,2024-03-28,34.4,0.054537581196265866,0.049610774837173244,0.11060245943271144,0.4930955557045778,0.7383616628067388,-0.25202137219514154,0.19685145908482454,0.05850273553298463,2.8909455205864156,0.5143154006003232,,,,,,PORT,fut,0.559976060237954,0.42226753764534336,0.65,0.69,0.21,0.31
tsmom_63,1987-02-24,2026-09-22,36.7,-0.0038843104168939696,-0.0149553147795497,0.14955234808365742,-0.025972914946953175,-0.0372419338620799,-0.6794611568564364,-0.022010551491627967,0.03748349657591543,-0.15731635695502208,0.49972958355868036,11.581515475054797,0.014516675327676943,0.07109603285359146,0.41228136779428,1.0,XTIUSD,spot,0.0651666305516239,-0.11429052448135764,0.26,-0.04,-0.09,-0.41
tsmom_63,1988-06-01,2026-09-22,35.0,0.010932949879971425,-0.0006868510345401369,0.1524163838175919,0.07173080482643981,0.10235245246959492,-0.5650097502069775,-0.001215644569476059,-0.03553119291193166,0.4246297086053281,0.49869776922205866,11.729985027386341,0.01594060815054773,0.17629089979150683,0.4376494851940448,1.0,XBRUSD,spot,0.07333335804033937,0.07032851636430085,0.45,0.08,-0.11,-0.12
tsmom_63,1999-07-27,2026-09-22,21.6,-0.06315495824640385,-0.07204828006660602,0.15240569789621855,-0.41438712015484847,-0.5533513854186509,-0.8796449807982416,-0.08190608897833439,0.17177691183586397,-1.9237378032010113,0.4433805928926533,7.30717914683892,0.013194583806985447,-0.32781133185186323,0.20445907044653439,0.9990793592340269,XNGUSD,spot,0.4099926971751556,-0.5518702304137831,,0.54,-0.35,-1.1
tsmom_63,1987-02-24,2026-09-22,39.5,-0.004473943671575685,-0.01109900993055224,0.11566947454240231,-0.038678689336793165,-0.055178214812044886,-0.6823589513033905,-0.01626564714854513,0.11985424954958378,-0.24323827802407846,0.49608669476219147,,,,,,PORT,spot,0.14372580477331542,-0.2741415819789338,0.35,0.07,-0.26,-0.77
tsmom_126,1991-10-29,2024-03-28,32.4,0.015327613978799916,0.003641717840275005,0.15284627410402518,0.10028124053824264,0.14557128400921582,-0.5914667018374109,0.006157096974287628,-0.13433124450412948,0.5706430165317032,0.5077205882352941,12.017054532175841,0.019211466546327032,0.22600554772185286,0.6221024994264759,0.9998774509803922,XTIUSD,fut,0.18154485948382704,0.020131651577825965,-0.31,0.67,-0.29,0.37
tsmom_126,1990-08-23,2024-03-28,34.1,0.04062647433238077,0.029499972653806772,0.15198087586003003,0.2673130688481923,0.39245107378306876,-0.4678948822073592,0.06304829092089348,-0.025085160940496606,1.5607803219731082,0.5100686765219415,8.892051471459174,0.015981005357754673,0.3724371224065683,0.5219683329728818,1.0,XBRUSD,fut,0.35080212819617657,0.18230485256166676,0.39,0.41,-0.17,0.61
tsmom_126,1991-08-09,2024-03-28,32.5,0.04919633889213708,0.037770965529943856,0.1556694164855256,0.3160308556607934,0.48161314999005134,-0.3447501641441153,0.1095603989738915,-0.042268239585894235,1.802532789455879,0.5090265918516711,7.251879721121505,0.016934069792007747,0.42492607559975876,0.3858278228414032,1.0,XNGUSD,fut,0.19618616611561554,0.44280394417805385,-0.04,0.47,0.28,0.71
tsmom_126,1990-08-23,2024-03-28,34.4,0.035480987795261244,0.029759833401267644,0.11093817059662965,0.31982668908675127,0.4722435605790703,-0.31338823904101587,0.09496155150025497,-0.02841219360514913,1.8750960609616056,0.5106211036712076,,,,,,PORT,fut,0.3450398301782132,0.29345487814690857,0.11,0.62,-0.06,0.8
tsmom_126,1987-02-24,2026-09-22,36.7,-0.011156350312442066,-0.02204626565497414,0.14911319308379134,-0.0748179961928182,-0.10431992761197371,-0.7273148785836115,-0.03031185845930652,-0.21235709582892318,-0.4531680259904595,0.5002704164413196,8.262352459730506,0.013539712702281315,0.015981285263901832,0.4131085155945698,0.9998918334234721,XTIUSD,spot,-0.2511169900072143,0.09658864080351284,-0.31,-0.09,-0.19,0.32
tsmom_126,1988-06-01,2026-09-22,35.0,0.0040291254585554746,-0.007663091319824011,0.15301398211525968,0.026331746961009653,0.03687633565109623,-0.595535961233782,-0.012867554301755773,-0.1677791435344298,0.15587782775025247,0.5033405050390669,8.44178112844036,0.014852429503255866,0.1233837402125746,0.4402318640283099,1.0,XBRUSD,spot,-0.13718543152021745,0.16797210273394042,-0.26,0.23,-0.2,0.37
tsmom_126,1999-07-27,2026-09-22,21.6,-0.04411204184178786,-0.05426450353157464,0.15287146510280045,-0.2885564144500357,-0.38697711218322733,-0.7637153760708265,-0.0710533075957635,0.23629522357979793,-1.3395852714395167,0.4514822316332167,5.032728472307607,0.010927581501338627,-0.21706723940083092,0.2058981809894909,0.9996317436936107,XNGUSD,spot,-0.5027232245145736,-0.25414061486626033,,-0.06,-0.27,-0.42
tsmom_126,1987-02-24,2026-09-22,39.5,-0.015647743779645593,-0.022161036255668898,0.11621184477391179,-0.13464844147417174,-0.18660978503063616,-0.721816941276173,-0.03070174027293979,-0.23129595122855653,-0.8467622767053893,0.49789283564118003,,,,,,PORT,spot,-0.268183631914297,0.03713791380649706,-0.41,-0.06,-0.3,0.15
tsmom_252,1991-10-29,2024-03-28,32.4,0.05450173497451331,0.04362779701107944,0.15356276411944836,0.3549150426344195,0.5223451336573458,-0.46497430909893556,0.09382840332754057,-0.06591424338856912,2.0196179211020797,0.5125,8.352894202554749,0.01823943564732111,0.4736381601736793,0.6271526993747305,1.0,XTIUSD,fut,0.6013064727220181,0.11403632981741982,0.27,0.67,0.13,0.28
tsmom_252,1990-08-23,2024-03-28,34.1,0.062007497564108144,0.05174542677805838,0.15201343650528623,0.4079080046450489,0.6040443696860883,-0.4590046705090334,0.11273398747919715,0.03058701432807862,2.381682233377319,0.5127458968688162,7.745205475645695,0.015611907526258179,0.5105865307074293,0.5232447883555417,1.0,XBRUSD,fut,0.6272689860302905,0.18489149399392033,0.61,0.49,0.34,0.01
tsmom_252,1991-08-09,2024-03-28,32.5,0.06070096194937914,0.04973433711698827,0.1559403473054325,0.38925757828721025,0.5983913837332313,-0.3594136114019283,0.13837633172264838,-0.03139070485018978,2.2201931736690588,0.510368382532325,3.9844329012576543,0.013717792662242337,0.47720533079454497,0.3878163233232903,1.0,XNGUSD,fut,0.37695719595028115,0.4026981285745784,0.35,0.35,0.33,0.68
tsmom_252,1990-08-23,2024-03-28,34.4,0.05920964091040094,0.05446428003003123,0.11111076598610556,0.5328884234116893,0.7902741263057085,-0.29220622665209606,0.18638986805328076,0.007572196023056086,3.124245154538265,0.5169706765181251,,,,,,PORT,fut,0.7096666028688271,0.3446014063216745,0.64,0.58,0.4,0.51
tsmom_252,1987-02-24,2026-09-22,36.7,0.0014472357579478868,-0.009836719828764662,0.1504984323832371,0.009616284601972265,0.013760010086792345,-0.5438530233793072,-0.01808709229497856,-0.06391601836219542,0.05824524756326645,0.4994050838290968,6.8229057243583,0.013198662670405707,0.09731294261165292,0.4163767047440916,1.0,XTIUSD,spot,-0.09379220093382429,0.10950564244293222,-0.28,-0.03,0.23,0.07
tsmom_252,1988-06-01,2026-09-22,35.0,0.026364636890487955,0.014620832879386425,0.15388162256799293,0.17133064007587184,0.24323537499193426,-0.4540654842918167,0.032199833251342166,-0.10574739405039986,1.0142376060970328,0.5011889933189899,7.347556006357962,0.014521517434875572,0.2656832133002528,0.4420050460928809,1.0,XBRUSD,spot,0.06808619695410288,0.26080683954639133,0.02,-0.06,0.54,0.04
tsmom_252,1999-07-27,2026-09-22,21.6,-0.06929170192128137,-0.07783806314977959,0.15307084513692568,-0.4526773328996663,-0.5886321584401678,-0.8632464736641899,-0.09016899057737622,-0.07782963524711803,-2.1014950890024853,0.4470631559565458,4.878405467179657,0.01077825435191193,-0.3822108474243821,0.20574889755591275,0.9998158718468054,XNGUSD,spot,-0.7471775099320694,-0.4054186456592633,,-0.55,-0.39,-0.44
tsmom_252,1987-02-24,2026-09-22,39.5,0.0018761090446067514,-0.005113675648758753,0.11830189069340781,0.01585865647294591,0.022326955082564957,-0.5323234596822009,-0.009606331556027302,-0.12294166465419039,0.09973017075801946,0.5003010234798314,,,,,,PORT,spot,0.033244859060620635,-0.00609752272743105,-0.22,0.11,0.23,-0.17
sma_10_50,1991-10-29,2024-03-28,32.4,0.047380034522122076,0.03642876824443553,0.1522354148898118,0.3112287279304609,0.45173771923611167,-0.3683150649703929,0.09890653874655891,-0.11837050605098899,1.771024163485835,0.5149509803921568,8.545496456044033,0.018072251710853967,0.42987517372508144,0.6181168092140433,1.0,XTIUSD,fut,0.26833687033092396,0.353226694668628,0.17,0.44,0.17,0.58
sma_10_50,1990-08-23,2024-03-28,34.1,0.04195811787944722,0.031083150250972302,0.15065204216497938,0.27851011693222716,0.41020524737530895,-0.3849031036263706,0.08075577972253774,0.030471964538131873,1.626157343714133,0.5080898614829473,6.867451076860341,0.015151628648414016,0.3790427709026982,0.517007587500015,1.0,XBRUSD,fut,0.3210501830182841,0.23534986981002945,0.58,0.17,0.12,0.28
sma_10_50,1991-08-09,2024-03-28,32.5,0.0511001742442085,0.040075687579194774,0.15365469235961585,0.33256500962959756,0.5120626972912614,-0.5586909679795671,0.07173140407857902,-0.0019083930223327307,1.8968379945991085,0.5035374481580873,4.903451169929604,0.014495085022523587,0.4269522082812544,0.3821510466415829,1.0,XNGUSD,fut,0.4943601099960175,0.1598364449788621,0.65,0.4,-0.24,0.74
sma_10_50,1990-08-23,2024-03-28,34.4,0.048587091281041626,0.04343392616866448,0.11014063612492625,0.4411368318767658,0.6448527531402349,-0.2867443029288992,0.1514726734760422,-0.0695446643027054,2.5863192911109403,0.5144308473793581,,,,,,PORT,fut,0.5022245988230755,0.3766313218842029,0.67,0.42,0.08,0.78
sma_10_50,1987-02-24,2026-09-22,36.7,0.006529174654195082,-0.004575693381675849,0.14903867445660987,0.04380859315879076,0.061707303716978266,-0.6591583190963193,-0.006941721357547227,-0.09175652128909836,0.2653459687963952,0.5039480800432666,5.8510574199348,0.012778790306802365,0.12955628025216012,0.41168634308102126,1.0,XTIUSD,spot,-0.1143904921702617,0.19651544461675383,-0.02,-0.15,-0.11,0.55
sma_10_50,1988-06-01,2026-09-22,35.0,0.00508404250719157,-0.006494324662357331,0.15226572637610372,0.033389276944922844,0.04770340609806283,-0.7166738598324923,-0.009061757413442211,-0.06411507684455536,0.19765676648924452,0.49530064545351604,6.16233536396463,0.013984198222652771,0.1252355102333358,0.4374681662461119,1.0,XBRUSD,spot,-0.12304084007379307,0.16977937439209795,-0.07,-0.15,0.1,0.03
sma_10_50,1999-07-27,2026-09-22,21.6,-0.03004065823821996,-0.04090064202617849,0.1529457254297221,-0.19641384650546193,-0.2547461778741576,-0.7569697375758597,-0.05403207023461705,-0.1715550845401341,-0.9118254965392824,0.45645369176947154,3.1446317298082964,0.009027237767037287,-0.13740038152441245,0.20505117979792997,1.0,XNGUSD,spot,0.344227594337402,-0.28473194513983124,,0.44,-0.44,-0.29
sma_10_50,1987-02-24,2026-09-22,39.5,-0.0011602135870883463,-0.007748091368418253,0.11501814808697365,-0.010087221941801948,-0.014119544890073126,-0.6619099688446051,-0.011705657465686626,-0.07589420118175903,-0.06343540945263151,0.4963877182420229,,,,,,PORT,spot,-0.05609009982346485,0.04977592171078142,-0.04,-0.09,-0.19,0.12
sma_20_100,1991-10-29,2024-03-28,32.4,0.04417467136287796,0.03286497718929415,0.15378016481664933,0.28725857730447235,0.41298070534158915,-0.4483348324177824,0.07330453672773926,-0.1566945847521389,1.6346237860421886,0.5162990196078432,4.3786986525237195,0.017010530431007816,0.3978281355889397,0.6257694976451603,1.0,XTIUSD,fut,0.4594609557833269,0.11958527336640888,0.12,0.82,-0.14,0.28
sma_20_100,1990-08-23,2024-03-28,34.1,0.044677245524319384,0.03364383924378456,0.1522146358811223,0.29351478105700524,0.4303698894911887,-0.4823766159151581,0.06974599956499951,0.0031382350155817226,1.7137661710890084,0.5108834827144686,3.8442839267619884,0.01424957912671544,0.3871098757653816,0.5235140678554767,1.0,XBRUSD,fut,0.3384841334625151,0.24821874473005348,0.62,0.23,0.05,0.33
sma_20_100,1991-08-09,2024-03-28,32.5,0.06158312004569666,0.05064363436820596,0.1560437119021263,0.39465300648784113,0.6033836417459051,-0.35235192709957763,0.14373026077956894,-0.030218370045711925,2.250966865764589,0.5121980970968529,2.6529438474422027,0.012371261424105755,0.47392145490542625,0.38720281841068815,1.0,XNGUSD,fut,0.46970392375085895,0.31506776996614877,0.44,0.64,-0.09,0.73
sma_20_100,1990-08-23,2024-03-28,34.4,0.05266174648059516,0.04742984578616949,0.11240050517905562,0.4685187704157045,0.6841905880128212,-0.3060649009554426,0.1549666284441887,-0.07918967145691579,2.7468555029026023,0.5167397829600554,,,,,,PORT,fut,0.5899460703955377,0.3420100175735572,0.61,0.7,-0.03,0.67
sma_20_100,1987-02-24,2026-09-22,36.7,-0.013618091576927258,-0.024667346030674553,0.15066928659870749,-0.09038399188281603,-0.12833184295850114,-0.6886852029292547,-0.03581802821630903,-0.04204378722710374,-0.5474503096436193,0.49951325040562466,3.2306421605294844,0.012110665572126901,-0.010004816088645724,0.41614740344948875,1.0,XTIUSD,spot,-0.12714280802519126,-0.055030558523870926,-0.32,0.25,-0.23,-0.16
sma_20_100,1988-06-01,2026-09-22,35.0,-0.012399016465622208,-0.024007771264873523,0.15422563300942974,-0.08039530280199338,-0.11459137307927328,-0.7243030143555514,-0.03314603251545824,-0.058639423781674145,-0.47592152471519866,0.4940550334050504,3.6534575023441964,0.013256832424892735,0.005562601151765892,0.4431238987820349,1.0,XBRUSD,spot,-0.17816102181492247,0.004383205132489089,-0.1,-0.04,-0.26,-0.01
sma_20_100,1999-07-27,2026-09-22,21.6,-0.04603863146037067,-0.05649769377716085,0.15540340899227031,-0.2962523908510952,-0.379008921760615,-0.8138546232301817,-0.06941988429447266,-0.34854084393282664,-1.3753128315280847,0.4520346160928006,2.0257236974436172,0.007995884451078345,-0.24481931494303263,0.2078686666230794,1.0,XNGUSD,spot,0.2652153060881926,-0.3875360003585592,,0.54,-0.68,-0.35
sma_20_100,1987-02-24,2026-09-22,39.5,-0.02045337576579935,-0.026969174735077872,0.11734125804568016,-0.1743067707509748,-0.24660555513311322,-0.7743886344403232,-0.03482640826020052,0.040027560993154174,-1.0961612064003854,0.49498294200280957,,,,,,PORT,spot,-0.14928204166304143,-0.2077136402852033,-0.28,0.09,-0.6,-0.23
sma_50_200,1991-10-29,2024-03-28,32.4,0.029248262664619402,0.01752561846492573,0.15401481101044925,0.18990551929862792,0.273918124593124,-0.592668892144727,0.02957067377284593,-0.1662434047349326,1.080643376636949,0.5102941176470588,2.5778477685879166,0.0165259594264563,0.2971922314865449,0.6279665103953412,1.0,XTIUSD,fut,0.389577677592919,-0.006637913493392745,-0.2,0.83,-0.34,0.54
sma_50_200,1990-08-23,2024-03-28,34.1,0.020056410413089865,0.008514718364466933,0.15193364993606084,0.13200769165705112,0.18595199376616522,-0.6284022230270995,0.013549790329274091,-0.46157483719724063,0.7707629424000471,0.5113490862530555,2.181300867318466,0.013719677547534148,0.22229343827864445,0.5254886634355532,1.0,XBRUSD,fut,0.22220879316370573,0.039626750784541497,0.21,0.29,-0.1,0.13
sma_50_200,1991-08-09,2024-03-28,32.5,0.025040861301916597,0.012784116100336584,0.1570653126074786,0.15942960852531537,0.242432441197093,-0.6577985933410224,0.019434696622570788,-0.034993491457135935,0.9093324016609537,0.5086606489387655,1.6670807444264328,0.0114451672526026,0.23231518741168206,0.38957531356751063,1.0,XNGUSD,fut,-0.18134979675261925,0.522220353622008,-0.19,-0.11,0.52,0.7
sma_50_200,1990-08-23,2024-03-28,34.4,0.023594746215332803,0.01770861972920601,0.10988668829791255,0.214718876151453,0.3136272905341779,-0.3542896870174711,0.04998344681800671,-0.1276325775587999,1.2588646683469378,0.5060032325098129,,,,,,PORT,fut,0.1742183227139139,0.2574722301399024,-0.01,0.34,0.05,0.7
sma_50_200,1987-02-24,2026-09-22,36.7,-0.007638940403422557,-0.01886405637455002,0.15090745414473705,-0.050620033627338,-0.07058183759327513,-0.6283310220458075,-0.030022481323824825,-0.20243569031214165,-0.3066024470282913,0.5042725797728502,1.679561527957612,0.011712812113083719,0.02699410593045772,0.41848455576460014,1.0,XTIUSD,spot,-0.005401324597495625,-0.09457957512456977,-0.48,0.45,-0.26,0.02
sma_50_200,1988-06-01,2026-09-22,35.0,-0.011809258469739832,-0.02347769500414132,0.15449136034465688,-0.07643960441149845,-0.10792744098733244,-0.7650646901052343,-0.03068720241279463,-0.13365454948486688,-0.4525047087607332,0.496093307666176,1.9629104270809328,0.012724393939071233,0.005923124846589227,0.44470783559519084,1.0,XBRUSD,spot,-0.1918976237225321,0.023831069582150567,-0.71,0.39,-0.32,0.34
sma_50_200,1999-07-27,2026-09-22,21.6,-0.017599416611873905,-0.029405622117368968,0.15650921671350826,-0.11244971370657243,-0.15158989771964065,-0.5880291734533689,-0.05000708033697728,0.11662431071267872,-0.5220330331107499,0.45019333456085436,1.0326330733741498,0.007023873925828517,-0.06757365769534726,0.20873173867818784,1.0,XNGUSD,spot,-0.28354303181427176,-0.08518525672232909,,0.11,-0.23,-0.08
sma_50_200,1987-02-24,2026-09-22,39.5,-0.008217377648049824,-0.015142121751754334,0.1185849912625694,-0.06929525870483061,-0.09641900073341657,-0.717201214262408,-0.02111279436040409,-0.21919341648758628,-0.43577638466054325,0.5005017057997191,,,,,,PORT,spot,-0.07010354107539223,-0.06890296541455421,-0.64,0.52,-0.39,0.13
ewmac_4_16,1991-10-29,2024-03-28,32.4,0.003920915987996005,-0.01345162439690728,0.18690312060154296,0.020978333456266735,0.026144731760112026,-0.6466636002228355,-0.020801579665643697,0.16005087603590376,0.11937566209830404,0.5037418721629248,28.814213007864254,0.024437179519369377,0.15171084079171857,0.6293483165440384,0.9988970588235294,XTIUSD,fut,-0.06997451653849165,0.1105770601123305,-0.4,0.24,0.12,0.06
ewmac_4_16,1990-08-23,2024-03-28,34.1,0.08135389558206636,0.06745363401406612,0.17959954541800668,0.4529738390635693,0.5874403468061649,-0.4459373342759506,0.15126258518719385,0.5920489417278708,2.644811409428453,0.5036122116056864,21.377229882121263,0.019946591923142742,0.5639372809368964,0.5051737605677333,0.9989523920381795,XBRUSD,fut,0.4165131895830442,0.4891755424222387,0.46,0.37,0.57,0.37
ewmac_4_16,1991-08-09,2024-03-28,32.5,0.05651278348847557,0.04137064758202236,0.1788514321356822,0.3159761306557682,0.41315272426477706,-0.5113573268650263,0.08090359795107074,0.2506051023219808,1.8022206565922858,0.4955428013188424,16.218824031723848,0.025346621229228337,0.4576479491203993,0.3621231360071598,0.9989021712612832,XNGUSD,fut,0.5085699104431194,0.1124894162878494,0.68,0.34,-0.12,0.44
ewmac_4_16,1990-08-23,2024-03-28,34.4,0.045741294970256516,0.03729900815039433,0.13509357350689813,0.3385897180958122,0.4457017524742644,-0.39976437160162004,0.09330248216207764,0.15836922562725778,1.9851008947891395,0.5139258060788165,,,,,,PORT,fut,0.377479787400921,0.29830030574796457,0.35,0.38,0.25,0.41
ewmac_4_16,1987-02-24,2026-09-22,36.7,-0.04202469674530633,-0.058245133108628444,0.1893207442020248,-0.22197618608799485,-0.26349436067992044,-0.9186582018918649,-0.06340239818104239,-0.2002155214747041,-1.3444961798648576,0.4898224339540927,20.360954139808744,0.017304309608939104,-0.13057419437132706,0.41798607031577095,0.9990265008112493,XTIUSD,spot,-0.446825282487845,-0.002824937267414322,-0.36,-0.46,0.02,-0.01
ewmac_4_16,1988-06-01,2026-09-22,35.0,0.03763859990607035,0.020262775909322572,0.187403081830226,0.20084301463178858,0.2439691002703792,-0.594721996027051,0.034071004678967544,8.85451076267716e-05,1.1889440106641125,0.5077080027204716,19.781521381763135,0.018548685647801842,0.29980735099262656,0.4306363167371296,0.9989808628694372,XBRUSD,spot,0.037066375345014176,0.3443025958462057,0.06,0.13,0.39,0.25
ewmac_4_16,1999-07-27,2026-09-22,21.6,-0.11841853173124613,-0.12746910231646136,0.18886549632222144,-0.6269992880500179,-0.7256358898157743,-0.957922942828477,-0.13306822147936131,-0.12903479734388903,-2.9107618802225623,0.44098118775359646,10.459841531373584,0.015896861994442957,-0.542849119715587,0.18956392853093298,0.9983428466212484,XNGUSD,spot,-0.5279142606884606,-0.6427601920991083,,-0.29,-0.64,-0.78
ewmac_4_16,1987-02-24,2026-09-22,39.5,-0.023201248521457968,-0.03318400969353896,0.1451353118277014,-0.1598594320657231,-0.19685625892275685,-0.8451194791504582,-0.039265465430872115,-0.04760123773846244,-1.005306375378786,0.4977398292315419,,,,,,PORT,spot,-0.18772274972860645,-0.12517097858337634,-0.22,-0.14,-0.07,-0.26
ewmac_8_32,1991-10-29,2024-03-28,32.4,0.047498909415746075,0.029335171588202202,0.19266365094465984,0.246537990860505,0.3020092192170097,-0.5282424300092303,0.055533538999677876,-0.055355195676962406,1.402906286751142,0.5081705369209977,14.71006591575831,0.02021265210139328,0.35140400378163333,0.6312353680068205,0.9974264705882353,XTIUSD,fut,0.27562546975269303,0.21720335583401362,0.11,0.5,0.04,0.35
ewmac_8_32,1990-08-23,2024-03-28,34.1,0.0959832218675356,0.08209753545683252,0.18490222239913445,0.5191025863407086,0.6598923494357647,-0.39263451780855285,0.2090940346127769,0.2621673605460243,3.0309221518310494,0.5054842473745624,11.30903482285236,0.01631508201749249,0.6071849597255989,0.5002912663502938,0.9975555814224188,XBRUSD,fut,0.4485110268587426,0.5894376817113548,0.63,0.39,0.54,0.55
ewmac_8_32,1991-08-09,2024-03-28,32.5,0.06910103567964625,0.05416339193577757,0.18085066366407926,0.3820889250812916,0.4885865055878863,-0.506967043922117,0.10683809250547348,0.08864251980012752,2.179305607697413,0.498960498960499,8.37472255056655,0.017277073304706833,0.47759859186918274,0.3530815972670742,0.9974383996096609,XNGUSD,fut,0.49359472616187916,0.265857626608804,0.61,0.44,-0.12,0.78
ewmac_8_32,1990-08-23,2024-03-28,34.4,0.07135784376834799,0.06361971069291039,0.1390589603230936,0.513148117910224,0.6617414212336354,-0.34567327369212064,0.18404578986796152,-0.06112900384086147,3.008510694747962,0.5180555555555556,,,,,,PORT,fut,0.5344702218687266,0.4908858282532474,0.61,0.54,0.24,0.81
ewmac_8_32,1987-02-24,2026-09-22,36.7,-0.014454212861122492,-0.033019127735473996,0.19512997055205356,-0.07407479650731888,-0.08737752490058852,-0.8598198528315152,-0.03840237885498582,-0.32353436508935896,-0.44866651096021887,0.49804856895056376,10.956744006879207,0.014573274613436002,0.0006101802640172556,0.42074441180959116,0.9977285018929151,XTIUSD,spot,-0.24209897079265608,0.08552325034097262,-0.09,-0.25,-0.09,0.21
ewmac_8_32,1988-06-01,2026-09-22,35.0,0.033584563097311185,0.014799090977270613,0.19417349389000366,0.1729616253201703,0.20983497218902977,-0.7477252435885773,0.019792151066406357,-0.15259370666229893,1.0238926600268161,0.49648127128263336,10.885382934526909,0.015550520165873386,0.2530266678830755,0.4376052722305208,0.9976220133620202,XBRUSD,spot,-0.11565333565145564,0.4217117227586559,0.14,-0.08,0.36,0.31
ewmac_8_32,1999-07-27,2026-09-22,21.6,-0.061340709816832914,-0.0744472340561847,0.17841841318578072,-0.3438025746421196,-0.3988094078732666,-0.8761066624507774,-0.08497508037198312,-0.5171552056755494,-1.596058317231809,0.4487985212569316,5.366880412687229,0.010775841117291088,-0.2834309941376919,0.18978371363695365,0.996133308782913,XNGUSD,spot,0.13982130529412698,-0.4316241402944672,,0.19,-0.6,-0.4
ewmac_8_32,1987-02-24,2026-09-22,39.5,-0.00348724080132704,-0.014360148899024483,0.14806915835751333,-0.0235514325873798,-0.02890704943031102,-0.7322739725013352,-0.019610350003254142,-0.10257933807480145,-0.148107653226633,0.4975349632759835,,,,,,PORT,spot,-0.10655516334996701,0.08450272634694028,0.01,-0.15,-0.1,0.11
ewmac_16_64,1991-10-29,2024-03-28,32.4,0.07352512116754152,0.05548349515643891,0.19723413350963429,0.3727809170715881,0.44991265395647617,-0.4421831241763554,0.12547628374508135,-0.36459847094779857,2.121282364292874,0.5189342543480943,8.34939485960741,0.018256481988175657,0.46526652053579,0.628224837080818,0.9935049019607843,XTIUSD,fut,0.4775653511747642,0.26168500314732895,0.33,0.69,0.03,0.38
ewmac_16_64,1990-08-23,2024-03-28,34.1,0.09046983826357478,0.07560999618780873,0.18734512261031006,0.4829046895005529,0.6011972533768698,-0.3823403822248682,0.1977557163798088,-0.10795045399069653,2.8195708500471013,0.5064417896462872,6.708151283781685,0.014577229258313493,0.5605547769959008,0.49473126804062223,0.9938307531137237,XBRUSD,fut,0.43321025882140657,0.5327021306753816,0.7,0.32,0.45,0.45
ewmac_16_64,1991-08-09,2024-03-28,32.5,0.06902090011919601,0.05420359684533538,0.18014885695390503,0.3831326009293331,0.48252233054681826,-0.448781903115424,0.12077937294052284,0.02113156289828608,2.18525838067499,0.5080417434008594,4.713142177043145,0.013225644302810785,0.45653711855931506,0.3381450998044992,0.9935350085386679,XNGUSD,fut,0.34405321423682317,0.4215835244325184,0.39,0.41,0.05,0.87
ewmac_16_64,1990-08-23,2024-03-28,34.4,0.07930070127417903,0.07171852432304027,0.14152421226182463,0.5603331048928223,0.7130273583753983,-0.31495431808352903,0.22771087807095822,-0.23028518138942028,3.2851492188193414,0.5217239776951673,,,,,,PORT,fut,0.559597366072355,0.5610625814086896,0.67,0.57,0.29,0.85
ewmac_16_64,1987-02-24,2026-09-22,36.7,-0.0055771725386643736,-0.02383396882564781,0.19205969205487233,-0.029038745605563868,-0.03433795949901734,-0.7544448246854483,-0.031591400783463446,-0.5182644147093246,-0.1758859057037361,0.5016318537859008,6.272371982869629,0.013063468529302468,0.038977769973464096,0.41610263914984197,0.9942671714440238,XTIUSD,spot,-0.1219847200052665,0.05750831118055675,-0.07,-0.02,-0.13,0.11
ewmac_16_64,1988-06-01,2026-09-22,35.0,0.018338223875301058,-0.0006228135177532845,0.1944229508979602,0.09432129175390196,0.11359727804268785,-0.8213877395898123,-0.0007582454518548177,-0.2785713521436483,0.5583601456814351,0.4989747095010253,6.386471925644805,0.013781667515640725,0.1651972819840257,0.43088924020525576,0.9939984146755747,XBRUSD,spot,-0.21350583347998567,0.35461613215048116,0.04,-0.19,0.29,0.15
ewmac_16_64,1999-07-27,2026-09-22,21.6,-0.02450865278388876,-0.03955902748222606,0.17764697942089822,-0.1379626766736096,-0.16370482003820888,-0.7982015538098367,-0.04956019854059391,-0.3598214761110936,-0.6404736142586787,0.4483079211602826,2.9839548269500216,0.008564420432004245,-0.08975090884166767,0.1968458310552333,0.9902412078806849,XNGUSD,spot,0.5561368029848782,-0.278481479026838,,0.6,-0.56,-0.23
ewmac_16_64,1987-02-24,2026-09-22,39.5,-0.0003855527117767059,-0.01107608307406649,0.14647980788336007,-0.002632121910507395,-0.0032332683116103817,-0.7102314563023895,-0.015595033106152251,-0.27274896106146257,-0.016552598137089508,0.5020197939810139,,,,,,PORT,spot,-0.08811654387386011,0.10659824107966813,-0.01,-0.06,-0.13,0.05
ewmac_32_128,1991-10-29,2024-03-28,32.4,0.07825379984431842,0.06002434454455807,0.19936290893764835,0.3925193520766325,0.4747184954857661,-0.5116611000834903,0.11731269884453518,-0.4320877026316779,2.2336024755363932,0.515230635335074,5.1673434557410625,0.017314196105066498,0.4792607896030485,0.6278043566925303,0.9856617647058824,XTIUSD,fut,0.6217481078229554,0.12867936789677675,0.32,0.82,-0.06,0.31
ewmac_32_128,1990-08-23,2024-03-28,34.1,0.07551204143736122,0.059404958108849826,0.1883923512420567,0.4008232868240986,0.4898648086979915,-0.45375728743641197,0.1309179152680267,-0.32127553038170625,2.340316174436328,0.5068444654236488,4.238585724743029,0.013765609733551426,0.473762006731777,0.49778209684530594,0.9863810964963333,XBRUSD,fut,0.43813915364077866,0.3607858789315495,0.6,0.3,0.33,0.34
ewmac_32_128,1991-08-09,2024-03-28,32.5,0.057928887509765846,0.042991006737124415,0.1778520939512004,0.3257138345847114,0.40679540754870996,-0.41183774175786514,0.10438821501308747,-0.10460529624736825,1.8577612163557706,0.5131790619972776,2.8745391972750065,0.011361362866550742,0.3895972118836789,0.3378911627390754,0.9857282263966821,XNGUSD,fut,0.1975770538304277,0.4459743707993053,0.15,0.31,0.24,0.76
ewmac_32_128,1990-08-23,2024-03-28,34.4,0.0725115732606566,0.06438702486616199,0.14206955685792894,0.5103948718103551,0.6507880749134399,-0.32126092305482745,0.20041972193167573,-0.22188649003901031,2.9923688245010998,0.5166803230715206,,,,,,PORT,fut,0.5700143389733662,0.44448479746926683,0.54,0.58,0.27,0.74
ewmac_32_128,1987-02-24,2026-09-22,36.7,-0.01751554804094255,-0.03349067906457637,0.18129208144890724,-0.09661507497159429,-0.1139090470520013,-0.767679021517199,-0.04362588806762911,-0.764454192350021,-0.5851915987292956,0.5025197195442594,3.7542944431789773,0.011914980623367433,-0.03089315107453227,0.40106070140149824,0.9873445105462412,XTIUSD,spot,-0.16835948985860394,-0.030132880073690426,-0.42,0.11,-0.2,0.04
ewmac_32_128,1988-06-01,2026-09-22,35.0,-0.0014171645133089902,-0.01867597528735354,0.1862827721435727,-0.007607598367801542,-0.009029369197833603,-0.7728587060921546,-0.024164798999012176,-0.5122013711365306,-0.045035215845162464,0.4987376635299518,3.927476168443118,0.012630562755433943,0.06019242907761711,0.4188924909914857,0.9867512173026838,XBRUSD,spot,-0.27743133602275216,0.22018984849438497,-0.3,-0.07,0.19,0.09
ewmac_32_128,1999-07-27,2026-09-22,21.6,-0.03325808192299362,-0.04629043052397763,0.16754619280451818,-0.19850097078479695,-0.23436721550849574,-0.7210234683768353,-0.06420100392596989,-0.7820524411706047,-0.9215146970014857,0.44862627022958224,1.8578125483986216,0.007251466139933481,-0.15524317870594243,0.1981861440803767,0.9784570060762291,XNGUSD,spot,-0.3631189526879885,-0.17367269753078624,,0.12,-0.42,-0.17
ewmac_32_128,1987-02-24,2026-09-22,39.5,-0.016498604128143003,-0.025942118191118024,0.13957413533843957,-0.11820674430930318,-0.1424653467354481,-0.7526213962272382,-0.03446901499367598,-0.6825970601259594,-0.7433655439114549,0.5020337604230222,,,,,,PORT,spot,-0.23269084200194481,0.02226175280223818,-0.4,0.01,-0.17,-0.02
ewmac_64_256,1991-10-29,2024-03-28,32.4,0.05973709370265605,0.04153710288270118,0.19478486144920665,0.3066824252059931,0.3747490263117444,-0.6212642966889038,0.06685898916785936,-0.3531087654798144,1.7451537625331537,0.5051168667087808,3.4521046150234844,0.016285287340891973,0.39021521494754924,0.606496635030175,0.9699754901960784,XTIUSD,fut,0.5803055679549807,-0.034666944304387236,0.13,0.75,-0.14,0.23
ewmac_64_256,1990-08-23,2024-03-28,34.1,0.05514435422009609,0.03806388966392249,0.18833370790341525,0.2928012984716269,0.3578811321253526,-0.5801468182538816,0.06561078759078037,-0.2945625479113187,1.709600308252121,0.5093457943925234,3.0080144573510044,0.013454937140614166,0.3641503473827796,0.502895537241839,0.9714817832615528,XBRUSD,fut,0.44400217429334904,0.12322972265156114,0.48,0.22,0.2,0.23
ewmac_64_256,1991-08-09,2024-03-28,32.5,0.04352554406213011,0.027160700239056812,0.1826516997295814,0.2382980510259162,0.30017594967213895,-0.5147826564011568,0.05276149050734759,-0.3225095361148436,1.3591712421229019,0.5111278762731045,2.0937681426499357,0.011617283468427754,0.30190709303293306,0.3792664251076882,0.9701146621127105,XNGUSD,fut,0.0802488947488563,0.3852391580589848,0.01,0.13,0.39,0.55
ewmac_64_256,1990-08-23,2024-03-28,34.4,0.05575050394450743,0.047019810373441384,0.13992565273382349,0.3984294720465589,0.5192804788840053,-0.3455776503075435,0.13606149104722645,-0.15685882843539964,2.335932425585876,0.5172946630215143,,,,,,PORT,fut,0.50953994690448,0.2696853224911424,0.35,0.48,0.26,0.58
ewmac_64_256,1987-02-24,2026-09-22,36.7,-0.01741967132173278,-0.03295221060228826,0.1787916672586221,-0.09742999541771279,-0.1140521498856789,-0.7699428685557614,-0.04279825419267685,-0.7214679851375738,-0.5901275220191288,0.5011111111111111,2.4878620243415757,0.011172068190181636,-0.034941379047837624,0.38569276995788004,0.9734991887506761,XTIUSD,spot,-0.12854638240720667,-0.06745537215704063,-0.57,0.12,-0.14,0.11
ewmac_64_256,1988-06-01,2026-09-22,35.0,-0.0010275433725080157,-0.01875313880055296,0.18870720555737924,-0.0054451729570844385,-0.006395318487423461,-0.7572873701520201,-0.024763569999574138,-0.5830451625177546,-0.03223415953113791,0.4969718145818775,2.6634344254274605,0.012316087268981868,0.05981159774029852,0.4232887818644502,0.9722568225569018,XBRUSD,spot,-0.1824990563617895,0.15085494434297178,-0.55,0.02,0.28,0.11
ewmac_64_256,1999-07-27,2026-09-22,21.6,-0.025273318613209424,-0.038227821152118646,0.16466056005170446,-0.15348738401760229,-0.17654536527003517,-0.7132369782458321,-0.05359764330522782,-1.3184281874548942,-0.7125450299680061,0.4496721943694562,1.3239312384470643,0.006642824590207377,-0.11315712373567065,0.20184772513010357,0.9548886024673172,XNGUSD,spot,0.04897029132411987,-0.1719902338352178,,0.22,-0.25,-0.27
ewmac_64_256,1987-02-24,2026-09-22,39.5,-0.01309334044336896,-0.022799638984693726,0.1407856375917893,-0.0930019614737503,-0.10979542996103064,-0.7436031077082188,-0.03066103240875647,-0.904003423330473,-0.5848604838897123,0.4970103092783505,,,,,,PORT,spot,-0.13229323951945876,-0.04487167846267859,-0.63,0.24,-0.03,-0.06
ewmac_multi_8-64,1991-10-29,2024-03-28,32.4,0.07133828261799234,0.05504098320583051,0.18805465565854398,0.379348665249337,0.45052142555790503,-0.46922040162651024,0.11730304781087075,-0.4351349633572377,2.158655651777705,0.5124207858048162,7.148530192036342,0.016710464183161265,0.4681075170692836,0.5801766786095655,0.9669117647058824,XTIUSD,fut,0.5546511606841786,0.1799620978057245,0.27,0.8,-0.03,0.35
ewmac_multi_8-64,1990-08-23,2024-03-28,34.1,0.09369019404209857,0.0786695919807705,0.18928288204947744,0.49497446904685494,0.6051833930301764,-0.42357982308680675,0.1857255414279926,-0.205755870463504,2.890043552663523,0.5079918279052998,6.053574849856692,0.014472129309981704,0.5712609430226008,0.5004805350409004,0.9685717611453847,XBRUSD,fut,0.5412277137310323,0.44635143495474144,0.74,0.37,0.4,0.43
ewmac_multi_8-64,1991-08-09,2024-03-28,32.5,0.07478816557353223,0.05781602432313715,0.19270528483299929,0.38809607966042314,0.4872895550103236,-0.4474466902320773,0.12921321262461388,-0.011335432675994777,2.213568379532062,0.5126135216952573,4.399497237482902,0.013583390267070138,0.45857833092092165,0.3648798778332037,0.9670651378384972,XNGUSD,fut,0.32108146731217646,0.4536730800851559,0.27,0.45,0.15,0.84
ewmac_multi_8-64,1990-08-23,2024-03-28,34.4,0.08214044632348394,0.07481691206078134,0.14118670142179232,0.5817860003548853,0.7349548546823348,-0.3290974754254452,0.22733967182234008,-0.23135702532236418,3.410924337500022,0.5218790986049839,,,,,,PORT,fut,0.6350387895419692,0.5234658748051532,0.63,0.66,0.29,0.84
ewmac_multi_8-64,1987-02-24,2026-09-22,36.7,-0.012243688915546754,-0.030225426851487325,0.19152812691525173,-0.06392632305627047,-0.07497648853725133,-0.7920041016979243,-0.038163220097836695,-0.5634484687622678,-0.387197828094456,0.5007242339832869,5.809140750005018,0.012931501867647213,0.0035911805836159627,0.4146942863458364,0.9707950243374798,XTIUSD,spot,-0.13597369181547167,0.008443219447948054,-0.28,0.07,-0.18,0.11
ewmac_multi_8-64,1988-06-01,2026-09-22,35.0,0.010586895355715019,-0.00658730218294068,0.18503995059633815,0.057214106043565534,0.06744026015587215,-0.7729934810085644,-0.008521808197329022,-0.4486241010855276,0.3386942226032094,0.49982478682396914,5.573122734691025,0.01299858258883211,0.12744839946181977,0.4100464086492763,0.9694258860831163,XBRUSD,spot,-0.23967333296843066,0.3047398075168966,-0.15,-0.09,0.28,0.16
ewmac_multi_8-64,1999-07-27,2026-09-22,21.6,-0.04473688343803171,-0.05683685370612268,0.16545201102557053,-0.27039189890002396,-0.3144821458819863,-0.8094676088077585,-0.07021510569130252,-0.6444393176855837,-1.2552588926965373,0.450494090292579,2.6928580743961636,0.007709498673894642,-0.22382537490202675,0.19054506735743798,0.9502853986374517,XNGUSD,spot,-0.08815676210705582,-0.29184427598675455,,0.28,-0.51,-0.31
ewmac_multi_8-64,1987-02-24,2026-09-22,39.5,-0.010882874117234268,-0.020917646885807217,0.14297331328340526,-0.07611822001817894,-0.09181701986247626,-0.7674450143971201,-0.027256215746270032,-0.47978695551226497,-0.47868387168609383,0.5006202191440976,,,,,,PORT,spot,-0.16184441623405676,0.03261373279264792,-0.26,0.03,-0.16,-0.01
ewmac_multi_16-64,1991-10-29,2024-03-28,32.4,0.07232697624533138,0.05641581922178185,0.18636819621373454,0.38808647459561124,0.4619795703002203,-0.4625083383917631,0.1219779505337164,-0.46611273753869414,2.2083775125811256,0.5143802494273352,5.104489066516985,0.015965040274774668,0.4736454201293507,0.5747628174499114,0.9629901960784314,XTIUSD,fut,0.605742274820227,0.1337631165595916,0.31,0.82,-0.05,0.32
ewmac_multi_16-64,1990-08-23,2024-03-28,34.1,0.08141636645248218,0.06561390947084567,0.18873614193924776,0.43137665958377636,0.5241413033349418,-0.43853201552313825,0.14962170867404703,-0.27933667695696174,2.5187103815684,0.5075401134033056,4.451262041603624,0.013814259101391545,0.5044211178273359,0.49669923452054043,0.9648469328366895,XBRUSD,fut,0.47782628170999925,0.38184873931058544,0.62,0.33,0.35,0.38
ewmac_multi_16-64,1991-08-09,2024-03-28,32.5,0.06924814655107456,0.051799875857923006,0.19353487915235168,0.35780706224309083,0.4498414776105268,-0.42044164356771574,0.12320348531217791,-0.04083188679860433,2.0408100995185987,0.5122847011144883,3.1382475209018525,0.012432452659580732,0.42203219076844684,0.3694856466292393,0.9631617467675043,XNGUSD,fut,0.2424321760229579,0.4697653793971627,0.17,0.37,0.25,0.79
ewmac_multi_16-64,1990-08-23,2024-03-28,34.4,0.07695362026164625,0.06935220459616342,0.140577460054098,0.5474108027846883,0.6965718966355384,-0.3274350876876234,0.2118044375938298,-0.19377887164398225,3.209387693567315,0.5193297426690604,,,,,,PORT,fut,0.5991511155550617,0.4900768968551373,0.56,0.62,0.31,0.8
ewmac_multi_16-64,1987-02-24,2026-09-22,36.7,-0.01355280948712637,-0.0312957473797264,0.19042208157493806,-0.07117246789360845,-0.08399778390349867,-0.7829081657379393,-0.03997371435030088,-0.6326146493092403,-0.4310872840953188,0.5013977412501398,4.178455314740462,0.012587369478268481,-0.005070033488149702,0.4194917900135699,0.9673336938885885,XTIUSD,spot,-0.12742980499749165,-0.013099736838502362,-0.36,0.11,-0.17,0.08
ewmac_multi_16-64,1988-06-01,2026-09-22,35.0,0.004967457174354931,-0.011667780180674714,0.1823009717974166,0.027248659869323445,0.03190138196106025,-0.751809577056607,-0.01551959503675782,-0.5659268470755366,0.16130573925934286,0.49958963536170714,4.009246743718888,0.01228762633105566,0.09464229972920818,0.40403708193295207,0.9658022873966708,XBRUSD,spot,-0.24377515272050307,0.25406021796350464,-0.25,-0.09,0.26,0.12
ewmac_multi_16-64,1999-07-27,2026-09-22,21.6,-0.03672358289303357,-0.048471294320472924,0.16036109630688006,-0.22900556144088918,-0.2651961492066951,-0.7513086236555949,-0.06451582318412533,-0.9259860001458335,-1.0631282543783855,0.44433612790017546,1.9174926720942038,0.006891706402276189,-0.1860536863321686,0.19056775845014953,0.9443932977352237,XNGUSD,spot,-0.4078814352348908,-0.21759493690291046,,0.23,-0.43,-0.24
ewmac_multi_16-64,1987-02-24,2026-09-22,39.5,-0.012580305865248246,-0.022431757572729416,0.14184613237983976,-0.08868980531355153,-0.1060227220817972,-0.7641659972233853,-0.02935456125270651,-0.6696454163361925,-0.557742671550091,0.5036307053941909,,,,,,PORT,spot,-0.17882002557797688,0.02600893053608048,-0.36,0.06,-0.13,-0.02
breakout_20,1991-10-29,2024-03-28,32.4,0.021878506306793884,0.00751426731812499,0.16954874631483324,0.12903962301300606,0.17008771827315405,-0.5537990843028329,0.013568580250696077,-0.14387575149476808,0.7342904747989667,0.5061955588271377,22.819609391959144,0.022935129358857227,0.26427372782079167,0.6417050070734195,0.9988970588235294,XTIUSD,fut,0.08566121119101924,0.17333779251659162,-0.19,0.4,0.18,-0.05
breakout_20,1990-08-23,2024-03-28,34.1,0.09332556974468054,0.08317472114158053,0.16389001847696535,0.5694402295634459,0.7833787662626716,-0.41884603388111086,0.19858065831701205,0.14525983215505608,3.3248322226520504,0.5065252854812398,17.123044753968657,0.01899795272509495,0.6852661672285194,0.5276748360354078,0.9989523920381795,XBRUSD,fut,0.5467301657207508,0.5931899480469122,0.59,0.56,0.61,0.46
breakout_20,1991-08-09,2024-03-28,32.5,0.0539824837979377,0.04037102727648101,0.16973211539298166,0.3180451953535827,0.4424636219314122,-0.5421023792198202,0.07447122319326832,0.03560566925082245,1.8140218997130506,0.49859567712785446,13.465681147119692,0.02316077256137502,0.4545149975504071,0.3851452445765827,0.9989021712612832,XNGUSD,fut,0.5225372444498092,0.09681154962349595,0.69,0.39,-0.19,0.49
breakout_20,1990-08-23,2024-03-28,34.4,0.05577144989258695,0.04926084838256606,0.1239340189863426,0.4500092093255921,0.6269882620657916,-0.3192810010482018,0.15428681387505785,-0.05192911868384626,2.638336713587981,0.5173928117415925,,,,,,PORT,fut,0.5115120594361209,0.38326547387545606,0.5,0.56,0.27,0.44
breakout_20,1987-02-24,2026-09-22,36.7,-0.012289831051396428,-0.026933060285895705,0.17296190819479015,-0.0710551310381913,-0.088699775927342,-0.834934437783829,-0.032257694816594545,-0.3733431223424906,-0.4303765819400742,0.49480294499783456,16.274673662714694,0.016487847408984544,0.02427099029046295,0.4330559935310657,0.9990265008112493,XTIUSD,spot,-0.2779161616047571,0.13743445261614146,-0.22,-0.24,0.02,0.22
breakout_20,1988-06-01,2026-09-22,35.0,0.05440449061797206,0.040481358781213395,0.17149636282711647,0.31723407844408114,0.4100564508167058,-0.45007650236095187,0.08994328423914963,-0.06962146243315409,1.8779520823072833,0.5086148265699388,15.797560527959954,0.017572092972873318,0.41967702716496397,0.44573874945891095,0.9989808628694372,XBRUSD,spot,0.175400940471018,0.44517291872738596,0.25,0.18,0.37,0.48
breakout_20,1999-07-27,2026-09-22,21.6,-0.09356389213089554,-0.10253915219812049,0.17069010994413333,-0.5481506348640756,-0.671460154630644,-0.9230167469822735,-0.1110913236768062,-0.09615804994063738,-2.544717359319978,0.44079675396532647,8.996275898329218,0.01491209381097558,-0.46079111184367266,0.20624688344496847,0.9983428466212484,XNGUSD,spot,-0.31494896217459273,-0.587219835687605,,0.01,-0.68,-0.7
breakout_20,1987-02-24,2026-09-22,39.5,0.0006582548186552219,-0.008159285443571807,0.13298869262474644,0.004949705164127121,0.006435884549954222,-0.6264069826624805,-0.013025533988927735,-0.0962291864524784,0.031127160239731878,0.4990457056755399,,,,,,PORT,spot,-3.6595465576053124e-05,0.011705179831538778,-0.03,0.05,-0.1,-0.01
breakout_40,1991-10-29,2024-03-28,32.4,0.06773795523591422,0.05346853253017625,0.17672171293571293,0.383302957574634,0.4917903730287762,-0.39589434256633715,0.13505758173651322,-0.21806738332463282,2.1811572611379835,0.5145738531545936,10.952481429482946,0.019433203549039275,0.49319054712769483,0.6438675439240266,0.9964460784313726,XTIUSD,fut,0.3590401820693955,0.4081886927123104,0.18,0.58,0.31,0.47
breakout_40,1990-08-23,2024-03-28,34.1,0.08584279499485495,0.07349812264711764,0.17277564970903989,0.49684544748879345,0.6689550838688972,-0.3920530338429974,0.18746984796080138,0.1711600851992005,2.9009677710251474,0.5031534688156972,9.100110991877557,0.016290427744084252,0.5910085202748729,0.530825610382684,0.996624374345245,XBRUSD,fut,0.37631109127750606,0.6184811667659755,0.52,0.36,0.58,0.57
breakout_40,1991-08-09,2024-03-28,32.5,0.06232579110613429,0.04901576010117559,0.17009288253779295,0.3664220993626004,0.4992126001719802,-0.49210569413381355,0.09960413115611542,-0.022059550087024593,2.0899473486578515,0.5010405190353776,6.5881587829159916,0.015953604629402363,0.46021107138010925,0.3722243830715383,0.9964625518419127,XNGUSD,fut,0.45980755415477603,0.26675333321463507,0.62,0.39,-0.11,0.75
breakout_40,1990-08-23,2024-03-28,34.4,0.07253613686734468,0.06634152625904832,0.1287615168303009,0.5633370796877337,0.761593134241829,-0.32066142359780014,0.20688963927965126,-0.12741440488568329,3.3027610739188966,0.5209684893419834,,,,,,PORT,fut,0.5225637981284683,0.6069820218121065,0.59,0.54,0.41,0.88
breakout_40,1987-02-24,2026-09-22,36.7,0.004429754830696814,-0.012088816404432712,0.1818973145207407,0.02435305239314962,0.03043984403781335,-0.8041955616355796,-0.01503218493253852,-0.25682394915652823,0.14750494856082766,0.4983723958333333,8.528881410473556,0.014288963653413742,0.10290671065250714,0.4370570822933902,0.9968631692806923,XTIUSD,spot,-0.20505249500389508,0.24285517500930567,-0.11,-0.18,0.05,0.4
breakout_40,1988-06-01,2026-09-22,35.0,0.0387344278008805,0.021715674958476594,0.18563748199238408,0.20865628743267273,0.2677349815302878,-0.7567850944679929,0.02869463883104403,-0.06970069604579043,1.2351967713953076,0.49863667348329926,8.703561264368394,0.015516617202342351,0.29223092692066993,0.46487245501717644,0.9967161136904088,XBRUSD,spot,-0.12940094905022043,0.5108693310388246,0.11,-0.17,0.44,0.46
breakout_40,1999-07-27,2026-09-22,21.6,-0.0369942187470296,-0.04956381884576655,0.16620095060700935,-0.2225872873284842,-0.27146457698148013,-0.7999952370713982,-0.061955142417108,-0.08380820052730774,-1.0333322594238947,0.4520547945205479,4.235930821598373,0.010004198027871022,-0.16239833461003939,0.2015848904302263,0.9946602835573559,XNGUSD,spot,0.38871210307343,-0.3328574574609728,,0.49,-0.53,-0.36
breakout_40,1987-02-24,2026-09-22,39.5,0.006969902929272674,-0.0027913121100793248,0.13973472172472137,0.0498795349018796,0.0646112867699367,-0.7222192867026689,-0.00386490940005661,0.027560892675186383,0.3136769209662425,0.500402900886382,,,,,,PORT,spot,-0.09361273997041811,0.24201678359996215,-0.01,-0.13,0.04,0.27
breakout_80,1991-10-29,2024-03-28,32.4,0.06877569569545897,0.05337837655146127,0.18285470975127568,0.37612209053302303,0.47554807761902446,-0.380121880523444,0.14042437251430245,-0.35262048182225736,2.1402950658964386,0.5186009145964652,5.897108571080552,0.017917334824216827,0.4740335167709458,0.6433615613095071,0.9915441176470589,XTIUSD,fut,0.4974038017166551,0.2460950382929023,0.27,0.81,-0.01,0.32
breakout_80,1990-08-23,2024-03-28,34.1,0.0771909628401855,0.06349601209991929,0.1766755344620687,0.4369080477113711,0.5670345423337708,-0.41868420074023716,0.15165609781228384,-0.09933024952910144,2.5510069010762,0.5073926308378315,4.939820603416536,0.014580911921369798,0.5193216072997536,0.5203631775714933,0.9919683389593761,XBRUSD,fut,0.46150194767660513,0.4122661910313823,0.73,0.37,0.28,0.33
breakout_80,1991-08-09,2024-03-28,32.5,0.06476572089720652,0.05095833922146897,0.17350914191583638,0.37326978960349105,0.498252688696934,-0.42243433503742733,0.12063020212822925,-0.04325491002647957,2.129004250761394,0.510148849797023,3.399986100459934,0.012532404688758752,0.4454964467947224,0.3639040011084343,0.9915833130031715,XNGUSD,fut,0.3730152203986791,0.37374161407682494,0.33,0.48,0.07,0.75
breakout_80,1990-08-23,2024-03-28,34.4,0.07180255856430817,0.0650419398694162,0.13245450384891652,0.5420922390544708,0.7208571216742207,-0.30048640775472213,0.2164555140960251,-0.1970025905303929,3.17820574959328,0.5211824953445066,,,,,,PORT,fut,0.5944621582762722,0.4856006784610119,0.64,0.67,0.21,0.69
breakout_80,1987-02-24,2026-09-22,36.7,-0.003839354724834176,-0.02020623925253584,0.18170276542589117,-0.02112986401629691,-0.026140784983898848,-0.6961689395921764,-0.029024907753530175,-0.39643954725377517,-0.12798229373899292,0.5,4.506043416721158,0.012871099831906483,0.04970541637249369,0.4282768593485378,0.9925365062195781,XTIUSD,spot,-0.08758259952743769,0.04127712200714004,-0.14,0.11,-0.23,0.1
breakout_80,1988-06-01,2026-09-22,35.0,0.014312052551674741,-0.002968794718546608,0.18568280474398116,0.07707796406569876,0.09611377017068044,-0.7565416104054319,-0.003924165806234539,-0.25439127694988223,0.45628364968582596,0.49680438256105913,4.812666974112867,0.013634155869190073,0.15050372125702935,0.4453809387003901,0.992186615332352,XBRUSD,spot,-0.15569922594527866,0.27590995227210346,0.0,-0.04,0.15,0.11
breakout_80,1999-07-27,2026-09-22,21.6,-0.029317319641835198,-0.042182452696584716,0.16596382464397083,-0.1766488552835375,-0.21867147142830176,-0.7399777459940851,-0.057005028765989264,0.11686800876705974,-0.820069119605212,0.45300261096605743,2.186449105405807,0.007893505491697735,-0.12909083347114467,0.20118559926910756,0.987295157429571,XNGUSD,spot,0.14056593027889694,-0.23544544523122074,,0.42,-0.47,-0.27
breakout_80,1987-02-24,2026-09-22,39.5,-0.003958270170159969,-0.01361507334425327,0.13951760201417143,-0.028371116712269107,-0.03608493687670196,-0.7053098803721425,-0.01930367590635417,-0.23255371487515697,-0.1784171514867739,0.49878616224964595,,,,,,PORT,spot,-0.09812120368008628,0.060904107618583524,-0.09,0.01,-0.23,-0.02
breakout_160,1991-10-29,2024-03-28,32.4,0.06458036084227517,0.0479914908418595,0.18784120934399315,0.3438029443475809,0.4319665105217843,-0.5538981566554559,0.08664316763868901,-0.3761302592051651,1.9563853438786243,0.5171638996379978,3.415698439117526,0.01722010984653811,0.43540133559447985,0.6456608038419039,0.9817401960784313,XTIUSD,fut,0.5124613106490294,0.14880396861681258,0.15,0.79,-0.21,0.64
breakout_160,1990-08-23,2024-03-28,34.1,0.06149272778055367,0.04543271361479717,0.18448068704789142,0.3333288094519622,0.4233657618774384,-0.43208391873317,0.10514789290932576,-0.27999765429513634,1.9462312440653595,0.5127931769722814,2.8488103580429778,0.014311101503699328,0.41083156181889,0.5399974409032663,0.9826562681876382,XBRUSD,fut,0.3163355795746287,0.3528923257283733,0.39,0.28,0.19,0.62
breakout_160,1991-08-09,2024-03-28,32.5,0.05120865367202602,0.0350668048991869,0.18290117186553062,0.2799799101870968,0.3679943258681187,-0.5182395409536058,0.0676652438265535,-0.08742262638885023,1.5969104265022669,0.5122375450366505,1.9603110259356793,0.011445456921720063,0.3425648843601057,0.37808508030449056,0.9818248353256892,XNGUSD,fut,0.1602499540877382,0.4009862661263167,0.07,0.27,0.32,0.59
breakout_160,1990-08-23,2024-03-28,34.4,0.06012858762797153,0.0518887278796607,0.13804706620420623,0.43556584925192304,0.58136156474715,-0.3316568808246164,0.15645304192286605,-0.15283943554557955,2.5536574528967604,0.5155680883562449,,,,,,PORT,fut,0.4425568762194459,0.42832792479152076,0.34,0.53,0.19,0.89
breakout_160,1987-02-24,2026-09-22,36.7,-0.019881231342139125,-0.0357603277004821,0.18139247341912274,-0.1096033973592821,-0.13389883960002788,-0.8111656267779033,-0.04408511223845689,-0.5282371843831821,-0.6638610728780989,0.5034080914687775,2.5512118840997755,0.012070887276113567,-0.04305766697472963,0.42036775722157554,0.9838831800973499,XTIUSD,spot,-0.23176713623134026,0.008551217198753513,-0.58,0.21,-0.2,0.11
breakout_160,1988-06-01,2026-09-22,35.0,-0.006171761611685541,-0.023289386122441802,0.18606836209965508,-0.03316932304902028,-0.040515290857641176,-0.8149693225983365,-0.02857700955931582,-0.5097798643402466,-0.19635469049902385,0.49769638332181526,2.6941029598410675,0.01300734992469423,0.036737010408903134,0.44495293014371723,0.9831276186162382,XBRUSD,spot,-0.30294064482154526,0.20904088371737253,-0.56,0.09,0.14,0.19
breakout_160,1999-07-27,2026-09-22,21.6,-0.05137782075269898,-0.06339763409539156,0.16780372925004317,-0.306178062801818,-0.37256862346996145,-0.7655378051819902,-0.0828145046087177,-0.15950028336937536,-1.421391460484125,0.45077622112836047,1.2383930679112913,0.007081334242751895,-0.2640123210075309,0.21841991916731554,0.9725649051740011,XNGUSD,spot,-1.4883069704524994,-0.20921613168960765,,-0.15,-0.2,-0.54
breakout_160,1987-02-24,2026-09-22,39.5,-0.025341146553339574,-0.03468127410022559,0.14079076247221428,-0.1799915428282503,-0.22210176408844035,-0.8332212492690383,-0.041623127267398065,-0.6331535907757538,-1.13191097441852,0.49872461993674116,,,,,,PORT,spot,-0.3304628401910451,0.008543489444815009,-0.64,0.12,-0.11,-0.11
breakout_320,1991-10-29,2024-03-28,32.4,0.04421813257143481,0.028164360366048635,0.18098252507986487,0.24432266348323967,0.3003561268714081,-0.6510459101311389,0.04326017555409502,-0.4595226752023578,1.3903001294042365,0.5046490892879888,1.9059523397728029,0.015337123533614765,0.32901708864781803,0.5877054748441743,0.9621323529411765,XTIUSD,fut,0.5253836388391168,-0.09867416066757209,0.13,0.68,-0.27,0.3
breakout_320,1990-08-23,2024-03-28,34.1,0.05190831813401292,0.03480121060648167,0.18787332666937223,0.2762942406686792,0.3468761929706949,-0.5190942358526867,0.06704218271527461,-0.3030445852311036,1.613219345272923,0.5109876841342671,1.676767037881423,0.014235160976455668,0.3520005462535755,0.5529295163243104,0.9640321266441625,XBRUSD,fut,0.4343525379501591,0.07773507111403272,0.42,0.29,0.11,0.24
breakout_320,1991-08-09,2024-03-28,32.5,0.04923240091333831,0.034345875100044054,0.17571958953918504,0.280175938507753,0.3720724447000906,-0.51864803619015,0.06622193222274528,-0.18618395042490193,1.5980285055420684,0.511851945747243,1.0430960411248238,0.010522190887708813,0.3400553998543332,0.37744503900157894,0.9623078799707245,XNGUSD,fut,0.15899282758869035,0.3951570115826957,0.05,0.2,0.45,0.49
breakout_320,1990-08-23,2024-03-28,34.4,0.0507925399833353,0.04256136060909066,0.13491617747215728,0.37647479297890263,0.5020781665722456,-0.3274159465572184,0.12999171560403133,-0.1519432105891955,2.2072154246470577,0.515093435553426,,,,,,PORT,fut,0.4998575766496577,0.22671826766396017,0.35,0.47,0.2,0.55
breakout_320,1987-02-24,2026-09-22,36.7,-0.008247593684985566,-0.02519428885281072,0.1852850269398641,-0.044513006912654605,-0.05299223944557063,-0.700558029426726,-0.03596317192085782,-0.659001608094303,-0.2696125598114277,0.50772157564906,1.4531846633274887,0.011726010590475618,0.018773537733497124,0.4159239768844399,0.9665765278528935,XTIUSD,spot,-0.07693869382942019,-0.011115068215759673,-0.49,0.19,-0.04,0.1
breakout_320,1988-06-01,2026-09-22,35.0,0.006811390826902845,-0.009696945898066023,0.18149056885561898,0.037530274271835605,0.044916290551120695,-0.6932571879694943,-0.01398751584021473,-0.6016226580869416,0.22217050912069858,0.5036376437455996,1.4495561093189935,0.012139106684630129,0.10440709518129866,0.4276443025762596,0.9650096251840109,XBRUSD,spot,-0.10978091994798174,0.1684522706260672,-0.51,0.07,0.3,0.16
breakout_320,1999-07-27,2026-09-22,21.6,-0.05450670933614811,-0.06962370274662266,0.18734444980060164,-0.29094381709285666,-0.34331034252684095,-0.7992105925106732,-0.08711559055780765,-0.49388182013082454,-1.350668474782662,0.4478719250292854,0.8058983807835763,0.006922669883806575,-0.2540146980989026,0.2398642101342107,0.9431044006628614,XNGUSD,spot,-0.6566774848873581,-0.2782496938376645,,-0.38,-0.02,-0.68
breakout_320,1987-02-24,2026-09-22,39.5,-0.011612865689247794,-0.021749032457627826,0.14365716137257153,-0.08083736013083326,-0.0975032470507259,-0.7079894948513257,-0.030719428205915705,-0.8203951017717565,-0.5083610798448633,0.5025960539979232,,,,,,PORT,spot,-0.07153033138827378,-0.09295468513900454,-0.59,0.26,0.12,-0.26
breakout_multi,1991-10-29,2024-03-28,32.4,0.07292486643633264,0.05802464048818323,0.1814203522723128,0.4019662927722248,0.4825350836032086,-0.4423636953881662,0.13116953559506653,-0.4021868841227806,2.287359596076531,0.5179701341432549,9.053742960675493,0.01753391306257578,0.4984928443257405,0.5898002163080659,0.9683823529411765,XTIUSD,fut,0.5220686994485361,0.2672379301354322,0.21,0.83,0.05,0.46
breakout_multi,1990-08-23,2024-03-28,34.1,0.10194091341783093,0.08902080925107092,0.18235888670996386,0.5590125891696454,0.7006939011605997,-0.3909644895300407,0.2276953831742583,-0.12287451090571046,3.2639475977387113,0.5065402616104644,7.439412211199469,0.015292880444202564,0.6426711148795027,0.514050715659437,0.9699685717611454,XBRUSD,fut,0.5749489874322946,0.5417307827276554,0.72,0.48,0.46,0.58
breakout_multi,1991-08-09,2024-03-28,32.5,0.07475037801769985,0.05822789341519008,0.19049101147108172,0.39240895116485663,0.4973222587718027,-0.4774402830022678,0.12195848462772778,0.005706569297499011,2.238167535482187,0.5089420654911839,5.768127631294763,0.015071329343094691,0.4715338184394912,0.3695767055379613,0.9685289094901195,XNGUSD,fut,0.39809296429592017,0.3865741125269295,0.36,0.47,0.14,0.74
breakout_multi,1990-08-23,2024-03-28,34.4,0.08447586660128407,0.07800176160537275,0.13670874962921498,0.6179258228196931,0.7896169285794059,-0.30777762644815976,0.2534354511259801,-0.22322391728857802,3.622806713361506,0.5223809523809524,,,,,,PORT,fut,0.6610779248826416,0.5695857890277803,0.62,0.72,0.35,0.88
breakout_multi,1987-02-24,2026-09-22,36.7,-0.005910226251947785,-0.023440098351373395,0.18818250374423673,-0.03140688498852429,-0.036753654122904086,-0.7896280864371963,-0.02968498556977016,-0.5777496440533181,-0.19022958107671345,0.5063981306331368,7.168225359418508,0.013371075191802452,0.03964683830356045,0.41572949996316616,0.9720930232558139,XTIUSD,spot,-0.1893197303121767,0.12899126486195894,-0.36,0.12,-0.09,0.24
breakout_multi,1988-06-01,2026-09-22,35.0,0.02952288448204805,0.012841219438576301,0.18275607760023826,0.1615425591844151,0.1921142937347336,-0.6903559906941585,0.018600866236656178,-0.3749718357867783,0.9562944400221327,0.5049574244721801,6.880953150874692,0.013699737201411486,0.2364788904850221,0.4184730309858575,0.9707847355905334,XBRUSD,spot,-0.15664283162255124,0.4296190634160708,-0.14,0.06,0.36,0.37
breakout_multi,1999-07-27,2026-09-22,21.6,-0.06532315378354928,-0.07643659359340538,0.168265581401208,-0.3882145905275451,-0.45338428963645694,-0.8560977621772673,-0.08928488891152842,0.06735115192525931,-1.8022352704228992,0.45234873381016816,3.695702828327671,0.008760585704009727,-0.3361955398786649,0.19260062031785422,0.9524949364757872,XNGUSD,spot,-0.4706855753976454,-0.38241168687328286,,0.08,-0.4,-0.66
breakout_multi,1987-02-24,2026-09-22,39.5,-0.006689465565253517,-0.016577407625619878,0.14140851065295873,-0.047305961532051195,-0.05733392352658899,-0.7544937596009369,-0.021971563600987128,-0.384480550310673,-0.29749251643808255,0.5018583522609953,,,,,,PORT,spot,-0.15955431295993144,0.09712966067684177,-0.3,0.12,-0.04,-0.02
donchian_20_10,1991-10-29,2024-03-28,32.4,0.014172562507219216,0.005791071999586839,0.12963035033934625,0.1093305886323557,0.13886686156351383,-0.40569930280763,0.01427429615853391,0.10866990528579057,0.6221376656440745,0.48759422110552764,13.485170674662365,0.015544849955387427,0.22921347875953263,0.45911674263164876,0.7436274509803922,XTIUSD,fut,-0.00015294680119111911,0.2169957601821097,-0.18,0.23,0.23,0.09
donchian_20_10,1990-08-23,2024-03-28,34.1,0.06147496461091438,0.054542569643455385,0.129443840876086,0.47491610411779367,0.6214015304789563,-0.3003644746544859,0.181587951458629,0.33920583673396554,2.772927313614195,0.4903245013396844,10.719188032337362,0.013270747599981246,0.5773554366994752,0.38638034989320647,0.7468280758933767,XBRUSD,fut,0.4102897687053076,0.5408068446473876,0.41,0.49,0.51,0.5
donchian_20_10,1991-08-09,2024-03-28,32.5,0.016116166221719366,0.007511187847160317,0.13139505315241715,0.12265428442747194,0.16211607363142255,-0.613291220351635,0.012247342857531407,-0.009563262120275954,0.699578428775535,0.4760728619944427,8.794258120959965,0.015963948266248935,0.24414470922933412,0.2849954236697685,0.7517687240790437,XNGUSD,fut,0.32919511281623665,-0.09854299891872655,0.66,0.09,-0.39,0.21
donchian_20_10,1990-08-23,2024-03-28,34.4,0.029992073787409944,0.02580916783941456,0.09498550458831509,0.3157542186821157,0.44369730663454227,-0.3059953106720166,0.08434497830288097,0.08660729631560452,1.8512197758525677,0.5051882239382239,,,,,,PORT,fut,0.34563332534095526,0.28444606884546764,0.43,0.34,0.15,0.39
donchian_20_10,1987-02-24,2026-09-22,36.7,-0.011947817007721752,-0.019844469639077267,0.12714622034761178,-0.09396910875570648,-0.11044857127441417,-0.7104654565647406,-0.02793164601559901,-0.22188795563576452,-0.5691651432251795,0.47546628407460545,9.128993007187615,0.010655522138400233,-0.010163206969159013,0.29563945269042974,0.7168199026500811,XTIUSD,spot,-0.32370530116551266,0.1305867583670043,-0.14,-0.41,0.08,0.28
donchian_20_10,1988-06-01,2026-09-22,35.0,0.049908357943258964,0.04205992799434122,0.1319504248663939,0.3782356744496545,0.4707858671205599,-0.3561506680304103,0.11809588404520384,0.0011618639776613162,2.239067366026486,0.49330453563714904,9.5185054381333,0.012143926281367687,0.47020532663649045,0.3262502974908201,0.7503114030121164,XBRUSD,spot,0.17707543300452255,0.5528254995474454,0.19,0.27,0.32,0.83
donchian_20_10,1999-07-27,2026-09-22,21.6,-0.03662653330774881,-0.044397065356149845,0.13258918278430834,-0.2762407350178154,-0.31925348589463354,-0.6822881812400547,-0.0650708404115376,0.26808101527510897,-1.2824113465187466,0.43651551312649167,4.82923194672731,0.009086268874748425,-0.20769754561412684,0.14897228374377153,0.7357761001657154,XNGUSD,spot,-0.20940862133312352,-0.2868061464891867,,-0.19,-0.35,-0.24
donchian_20_10,1987-02-24,2026-09-22,39.5,0.009182363896551428,0.00424512005520139,0.099456677933988,0.09232526248912117,0.11961069467358762,-0.45883066021799324,0.00925204094509401,0.0010543658475463322,0.5806049339063974,0.48890606027155314,,,,,,PORT,spot,-0.004538798052107498,0.21686160297756402,0.02,0.02,0.05,0.43
donchian_55_20,1991-10-29,2024-03-28,32.4,0.0337964797023798,0.02635078562085824,0.1247433110213382,0.2709281918659244,0.30976221915671637,-0.3517271753878881,0.07491825330754821,-0.11046293716222556,1.5416969299546368,0.5085800490288516,5.916150169945145,0.011809517655062085,0.36554564676426254,0.4013891909436146,0.6330882352941176,XTIUSD,fut,0.17479754242005138,0.3683631833907204,0.03,0.49,0.2,0.32
donchian_55_20,1990-08-23,2024-03-28,34.1,0.051470889664528854,0.044910653452863825,0.122828626247989,0.4190463675838071,0.4934935249048678,-0.29732459594164085,0.15104923731798808,0.2018268049861193,2.44671660587813,0.5059015798075177,5.002342401457765,0.009822911776323608,0.4989204421774406,0.3271997984168083,0.623908741706437,XBRUSD,fut,0.336862253384641,0.5012092735942045,0.52,0.36,0.41,0.39
donchian_55_20,1991-08-09,2024-03-28,32.5,0.04356109030626715,0.03610960487245185,0.127169279989029,0.3425441294471841,0.41426753854769494,-0.3308995275125337,0.10912558607713364,-0.004871717757490767,1.9537555086927814,0.4970913867517358,3.894029253950118,0.010062292425064429,0.4216611091704188,0.2457626610138224,0.6324713344718224,XNGUSD,fut,0.4167615710979472,0.26173874541524556,0.56,0.45,-0.01,0.37
donchian_55_20,1990-08-23,2024-03-28,34.4,0.04353898902715652,0.04018168107392328,0.09100282111031824,0.4784355967863496,0.6272064653728429,-0.2375563075998699,0.1691459236755088,-0.027213937448878962,2.804996373253147,0.5193283873486919,,,,,,PORT,fut,0.4454102488216442,0.5131318469572119,0.57,0.53,0.29,0.56
donchian_55_20,1987-02-24,2026-09-22,36.7,-0.004524682974361346,-0.011766691017042086,0.12082815259517854,-0.03744725775557291,-0.04050822498636432,-0.596663253335021,-0.019720824018024777,-0.25699663929291516,-0.2268157494102715,0.4910560715514276,4.208187086447443,0.008119705343043,0.02975138560419677,0.2557648910085963,0.6109248242293132,XTIUSD,spot,-0.15457891549557826,0.07728044370804214,0.01,-0.28,0.02,0.03
donchian_55_20,1988-06-01,2026-09-22,35.0,0.026314698100231248,0.018932105332585047,0.12293077967341128,0.21406110146003457,0.23762379573991455,-0.442271767373163,0.04280649756377338,-0.04985254824739191,1.267192015433873,0.4962540135569033,4.448528452176846,0.008947470170803636,0.2868143842215539,0.27699723231207535,0.6166912014494395,XBRUSD,spot,-0.012549626577809656,0.40309145740562474,0.35,-0.02,0.22,0.32
donchian_55_20,1999-07-27,2026-09-22,21.6,-0.02511115950751428,-0.032495332366001994,0.12585287742766418,-0.19952789336856677,-0.20778319991767935,-0.7122313991225672,-0.04562468378399856,0.05329833363198681,-0.9262820502788285,0.448832516575382,2.327394289612167,0.006030564230055728,-0.15161315834827546,0.13087335021494548,0.6201436199594919,XNGUSD,spot,0.3362573213657836,-0.2953702290498292,,0.52,-0.31,-0.52
donchian_55_20,1987-02-24,2026-09-22,39.5,0.0036562474651032273,-0.0007635357562023604,0.09401319244581448,0.03889079149408255,0.04683490161236398,-0.4945102392282952,-0.0015440241589211403,-0.025413344842256182,0.2445721226912292,0.490120060030015,,,,,,PORT,spot,-0.018042440530335074,0.11281254613768522,0.1,-0.06,-0.01,-0.06
donchian_100_50,1991-10-29,2024-03-28,32.4,0.04512514870526233,0.036311963495590405,0.13743299989719177,0.32834289245682396,0.4034804045529366,-0.32021058387168844,0.11340026009302981,-0.18697727481616797,1.8684110567704206,0.5144641683103222,3.2251313228440113,0.012595636306761537,0.41992539929327866,0.46386484703507114,0.7381127450980393,XTIUSD,fut,0.3315248788284986,0.32515437778589057,0.11,0.73,0.09,0.27
donchian_100_50,1990-08-23,2024-03-28,34.1,0.05373719713340971,0.04577887778806011,0.1339268852788604,0.4012427902098894,0.4915752381560863,-0.42828668270615666,0.10688839890795428,-0.05748993246933123,2.342765559467762,0.5128497072218607,2.5878329913976397,0.009955866860458323,0.4754929716930973,0.36651112469267577,0.7078337795367244,XBRUSD,fut,0.3867619148263158,0.41631105888607645,0.76,0.2,0.31,0.33
donchian_100_50,1991-08-09,2024-03-28,32.5,0.04443677841190307,0.03591969589202004,0.13523786742966243,0.32858236569734994,0.42231906031396893,-0.40298674756280306,0.08913369015049849,-0.013985357060979196,1.8741223446933628,0.5087867522811761,1.934544932911629,0.008781621366249227,0.39351521081063745,0.2719974481462672,0.7139546230787998,XNGUSD,fut,0.263198314021429,0.3974048011119453,0.41,0.33,0.07,0.7
donchian_100_50,1990-08-23,2024-03-28,34.4,0.050095975335213656,0.04619059856117613,0.09934887336125592,0.5042430139399053,0.6840529527014225,-0.2431288927953139,0.18998399585549552,-0.10449033772080173,2.95630140156834,0.5222005367162723,,,,,,PORT,fut,0.4829689113236115,0.5265419168729685,0.7,0.5,0.26,0.63
donchian_100_50,1987-02-24,2026-09-22,36.7,-0.001616434205679983,-0.010476638964993734,0.13346992258102422,-0.01211084995346956,-0.014533305780761882,-0.5901236491097588,-0.017753294552418714,-0.1105786495558411,-0.0733546772936331,0.4992677211482132,2.307187544645781,0.008838589467457149,0.05410812798980855,0.3027837050772559,0.7299080584099513,XTIUSD,spot,-0.0972381387198101,0.07064592853994345,-0.24,0.15,-0.05,-0.01
donchian_100_50,1988-06-01,2026-09-22,35.0,-0.013096301132313937,-0.021931047847352336,0.13466743440171422,-0.09724920646551821,-0.11571250991945177,-0.7142403622973081,-0.030705416558667355,-0.1497887359424046,-0.575692720909374,0.4936708860759494,2.6357189416663642,0.009276562413685414,-0.028365818950123804,0.3092701407020639,0.7148680783603216,XBRUSD,spot,-0.3484797370581466,0.12214560813192696,-0.18,-0.16,-0.07,-0.03
donchian_100_50,1999-07-27,2026-09-22,21.6,-0.03189870977428713,-0.04089649975115528,0.1402682100251088,-0.227412253771379,-0.2549746542500001,-0.7722575302676193,-0.052957074742907256,-0.17374922444122867,-1.055731532697409,0.45234052874120784,1.3128258767999401,0.005539878034891825,-0.1879206309991116,0.1503274097558861,0.7516111213404529,XNGUSD,spot,0.2887865453889671,-0.3078989117213844,,0.58,-0.53,-0.38
donchian_100_50,1987-02-24,2026-09-22,39.5,-0.013233931535356864,-0.018479960883726165,0.10407283305869332,-0.12716028906307764,-0.1622021060919266,-0.6858917753589233,-0.026942969062510928,-0.06936351070843194,-0.7996716092270637,0.4920850293984622,,,,,,PORT,spot,-0.20047113071871894,-0.034375031603265715,-0.3,0.03,-0.29,-0.18
trend_combo,1991-10-29,2024-03-28,32.4,0.07244909754659105,0.05703769147731985,0.1838700067169105,0.39402346712335173,0.4697434414617578,-0.44497405856914585,0.12818206000756469,-0.4579763584513748,2.2421615314761056,0.5150976909413855,6.229310202495947,0.016427163005853365,0.4832536229686139,0.5797619922851373,0.9659313725490196,XTIUSD,fut,0.5564324283315071,0.2087862633267352,0.27,0.81,-0.02,0.43
trend_combo,1990-08-23,2024-03-28,34.1,0.0906381681507165,0.07607534317674536,0.18586158907516134,0.4876648725631144,0.5996854664526943,-0.4002571748658068,0.190066157345589,-0.21219178506141892,2.847364478263816,0.50920245398773,5.3479561387203995,0.014306595960353751,0.564477122353892,0.5036995262893685,0.9676405540682109,XBRUSD,fut,0.519850985799102,0.4526555736673638,0.69,0.39,0.39,0.47
trend_combo,1991-08-09,2024-03-28,32.5,0.07282073591154617,0.055785195401308885,0.1924632284562196,0.37836181225709303,0.4785768665328843,-0.4408973158333802,0.12652650265258295,-0.023887260923364666,2.1580474205448574,0.5103535353535353,3.8817506725476605,0.013152214755443595,0.44669037335524664,0.3687012903604355,0.966089290070749,XNGUSD,fut,0.3147549463432239,0.44204792636613843,0.24,0.44,0.19,0.79
trend_combo,1990-08-23,2024-03-28,34.4,0.08068833530970206,0.07359597200744972,0.1389458921407509,0.5807176740998253,0.7382630942356976,-0.3188315896459728,0.23083023890189144,-0.22091857019401087,3.4046609003916157,0.5235708318415085,,,,,,PORT,fut,0.6212848436234251,0.5355009024829108,0.59,0.67,0.32,0.86
trend_combo,1987-02-24,2026-09-22,36.7,-0.00923229457492075,-0.02681976212096815,0.1889418794463034,-0.0488631456508007,-0.057392088810146444,-0.7731772360147,-0.03468772859792039,-0.5818476096190103,-0.29596108403105287,0.5009479201516672,5.0477854535650994,0.01266403469818368,0.018163127824448396,0.41275192942091377,0.9699296917252569,XTIUSD,spot,-0.14857395924358013,0.05252984225364924,-0.33,0.12,-0.14,0.15
trend_combo,1988-06-01,2026-09-22,35.0,0.013620437238530392,-0.0032962113117958047,0.18354383144713768,0.07420809041165301,0.08761313599571263,-0.745673284903065,-0.004420449784820039,-0.481296694962949,0.4392946640415108,0.5007599672629487,4.9322171620273405,0.012869817234612835,0.14431476247213534,0.4129989857428017,0.9685199864115049,XBRUSD,spot,-0.22647444713681653,0.3294381577609629,-0.19,-0.05,0.3,0.21
trend_combo,1999-07-27,2026-09-22,21.6,-0.04771723869212308,-0.05926477346053027,0.16312134183071086,-0.2925260309692925,-0.34063744713930705,-0.8098148417805988,-0.07318311594564074,-0.46304133709538925,-1.3580136949857213,0.4486706772753736,2.3544683557284563,0.007338695402981426,-0.24757027283577207,0.19100017238045833,0.9488123734118947,XNGUSD,spot,-0.24715352807004148,-0.2995099820006581,,0.23,-0.41,-0.46
trend_combo,1987-02-24,2026-09-22,39.5,-0.010353278548530154,-0.020260019288018016,0.14196704649240627,-0.07292733633846461,-0.08781793141452153,-0.7601904584261031,-0.026651241229683837,-0.5168275879365404,-0.4586173941260453,0.5008794619762028,,,,,,PORT,spot,-0.17325806084873627,0.05598351122037753,-0.32,0.08,-0.09,-0.04
