name,start,end,years,ann_ret,cagr,ann_vol,sharpe,sortino,max_dd,calmar,skew,t_stat,hit_rate,turnover_py,cost_py,gross_sharpe,avg_abs_pos,time_in_mkt,symbol,dataset,is_sharpe,oos_sharpe,sr_1990-1999,sr_2000-2009,sr_2010-2019,sr_2020-2029,family,lag,cost_mult,window_start
crude_long_FebMay,1991-10-29,2024-03-28,32.4,0.03916695042855522,0.035722437862584444,0.0900146028919713,0.43511773834697043,0.3378099330268218,-0.3254095298463259,0.10977686449273415,-0.8846002945648493,2.4760054564949123,0.5343119266055046,1.8014803971992752,0.005863631708603443,0.5000952891968123,0.21319304844076728,0.33002450980392156,XTIUSD,fut,0.6269106434762963,0.2611730551105774,0.43,0.96,0.03,0.19,C_fixed_month_rule,1,1.0,
crude_long_FebMay,1990-08-23,2024-03-28,34.1,0.04076333757715876,0.03762207591391631,0.08738503653617086,0.46647960787068843,0.37396544000451193,-0.3382624734283146,0.11122154796721567,-0.729340114433696,2.723668527331809,0.523321554770318,1.3876509599901756,0.004669102426039986,0.5198117568978622,0.16886382582141862,0.3255732743568851,XBRUSD,fut,0.6130331213684685,0.330964038243742,0.55,0.84,0.18,0.2,C_fixed_month_rule,1,1.0,
crude_long_FebMay,1990-08-23,2024-03-28,34.4,0.03969790633844183,0.036692671676283206,0.08540846293096874,0.4648006178325396,0.3625474933351633,-0.3297877241143119,0.11126148426181168,-0.9166563577616618,2.7247419130460204,0.5316544246239944,,,,,,PORT,fut,0.6274684146310803,0.31387481302117803,0.49,0.91,0.12,0.23,C_fixed_month_rule,1,1.0,
crude_long_FebMay,1987-02-24,2026-09-22,36.7,0.027301336396511583,0.02360036106141017,0.0890472768284075,0.3065937260397167,0.2391897481701483,-0.34631423206209777,0.0681472456990401,-0.5637830084908825,1.8570194429213394,0.5191309987029832,1.191346565544117,0.004007123891668469,0.3515463529018383,0.13638053324560181,0.3292590589507842,XTIUSD,spot,0.337193683782247,0.2791487658049671,0.2,0.64,0.15,0.12,C_fixed_month_rule,1,1.0,
crude_long_FebMay,1988-06-01,2026-09-22,35.0,0.027062568311719867,0.023383386819074037,0.08879845201901149,0.30476396487098506,0.24374896747764788,-0.34647817545808535,0.06748877267134767,-0.2895927652638874,1.8041319055278455,0.5046891281695033,1.2730028309187618,0.004307949013621298,0.35322379594812503,0.14160734362036892,0.321594383422036,XBRUSD,spot,0.30178799359808667,0.30804115516897457,-0.01,0.87,0.32,-0.0,C_fixed_month_rule,1,1.0,
crude_long_FebMay,1987-02-24,2026-09-22,39.4,0.029801692257037358,0.026864315946431905,0.08107060610957809,0.367601695449967,0.29364983990287263,-0.34718788591132965,0.07737688161531345,-0.347331232766284,2.306972901060712,0.5218834892846362,,,,,,PORT,spot,0.4075739877811347,0.3319103913865735,0.17,0.81,0.28,0.08,C_fixed_month_rule,1,1.0,
crude_long_MarMay,1991-10-29,2024-03-28,32.4,0.028226761944654812,0.025341146753156796,0.07981778083675366,0.35364002417437856,0.23172845817199858,-0.3303418254362893,0.07671189296023359,-1.314616162494857,2.012362522422664,0.537613799712506,1.7429865527756188,0.0045398626432907,0.4103581453682593,0.16148924740680862,0.25183823529411764,XTIUSD,fut,0.6016407441359604,0.13083889227512532,0.65,0.74,-0.14,0.12,C_fixed_month_rule,1,1.0,
crude_long_MarMay,1990-08-23,2024-03-28,34.1,0.028461604688483747,0.02577318229530512,0.07748329583312283,0.36732568461958587,0.24790697820380694,-0.3304417759432542,0.07799613781197894,-1.1163663188098898,2.1447312799926608,0.5219216417910447,1.3701118756543758,0.0036539451479291386,0.4143379243402249,0.12704595161380783,0.24572226748923293,XBRUSD,fut,0.6406837985461954,0.11455343829503406,0.82,0.65,-0.08,-0.01,C_fixed_month_rule,1,1.0,
crude_long_MarMay,1990-08-23,2024-03-28,34.4,0.029096517587662785,0.02655318813817642,0.07583119037620287,0.3837011847409133,0.2515308425087591,-0.3249811020711406,0.0817068683961929,-1.3634813760655713,2.2493229570655457,0.5301426599171652,,,,,,PORT,fut,0.6582713205927567,0.12946620229240113,0.78,0.72,-0.11,0.06,C_fixed_month_rule,1,1.0,
crude_long_MarMay,1987-02-24,2026-09-22,36.7,0.020686904765595173,0.017639165801157874,0.0798662964421928,0.2590192069387911,0.17154800474404044,-0.29404094926248037,0.05998880715560468,-0.9826882547581359,1.5688634910718653,0.5189234650967199,1.1775770905711886,0.0031380838444150087,0.29825664800275975,0.10424237894829042,0.2528934559221201,XTIUSD,spot,0.37782300493099674,0.1494355799911599,0.39,0.44,-0.02,0.05,C_fixed_month_rule,1,1.0,
crude_long_MarMay,1988-06-01,2026-09-22,35.0,0.014545340525713714,0.011426540132532192,0.07972471922753271,0.1824445500297293,0.12490886008616543,-0.319402261765941,0.035774762737608906,-0.4379494981489345,1.0800293723624637,0.4986326344576117,1.256680815469009,0.0033588152629024474,0.22453582699657246,0.1062761061084931,0.24402672404031253,XBRUSD,spot,0.2992342934999689,0.09142183767600284,0.24,0.62,0.0,-0.12,C_fixed_month_rule,1,1.0,
crude_long_MarMay,1987-02-24,2026-09-22,39.4,0.020488981639239477,0.018001728115035975,0.07268477189504557,0.28188822919916284,0.1933153007433215,-0.3008129300806577,0.05984359817980274,-0.5825979471518343,1.7690574171439608,0.5143418467583497,,,,,,PORT,spot,0.45914304578759746,0.11408027008784676,0.49,0.5,-0.03,-0.05,C_fixed_month_rule,1,1.0,
crude_long_FebApr,1991-10-29,2024-03-28,32.4,0.03964966809774326,0.037308441158741434,0.07754026770722093,0.5113429353565526,0.34160372457656807,-0.25082757621568996,0.1487413853039006,-1.1239027602457752,2.9097593283437897,0.5374083129584352,1.7282613892362957,0.0045123885383161625,0.5693221714599822,0.15960837462419875,0.24669117647058825,XTIUSD,fut,0.6275542755261255,0.4044508111499295,0.47,0.77,0.56,0.05,C_fixed_month_rule,1,1.0,
crude_long_FebApr,1990-08-23,2024-03-28,34.1,0.04089594652508117,0.03864514177721712,0.07703951536603286,0.5308437667445713,0.36924459280231803,-0.28144914090280027,0.13730772690673584,-0.8032806213984806,3.099476238655335,0.5272300469483568,1.3242475072507542,0.0035802108255327653,0.5771746237156875,0.12617561243918463,0.2440926551041788,XBRUSD,fut,0.613636075324766,0.4526405256826753,0.62,0.62,0.69,0.07,C_fixed_month_rule,1,1.0,
crude_long_FebApr,1990-08-23,2024-03-28,34.4,0.03940920348354583,0.03731648010714794,0.07428891715221021,0.5304856362733151,0.3579340141802964,-0.2638159178704179,0.14144893306050316,-1.106208179885408,3.109798894337004,0.5337052533705253,,,,,,PORT,fut,0.6172381084058414,0.4488779206941662,0.54,0.7,0.65,0.09,C_fixed_month_rule,1,1.0,
crude_long_FebApr,1987-02-24,2026-09-22,36.7,0.03184651305401653,0.029105915800457183,0.07932326697545296,0.4014775773654357,0.26882600787711086,-0.27328171422034464,0.10650517135218691,-0.7134691181044521,2.431725125934215,0.5200690548122572,1.1385610303201406,0.0030714630033603744,0.4401152471034998,0.1022157820854642,0.24629529475392103,XTIUSD,spot,0.3583458531505846,0.44170288228376525,0.29,0.42,0.66,0.15,C_fixed_month_rule,1,1.0,
crude_long_FebApr,1988-06-01,2026-09-22,35.0,0.03127239962787322,0.028570759203642826,0.07870920991018307,0.3973156338827297,0.2739059777995109,-0.31384222617049984,0.09103542105300165,-0.2519239912117565,2.3520162954839434,0.5060296846011132,1.2086269917351715,0.003323440285652872,0.4394361839188819,0.10637156629596199,0.23983693805910997,XBRUSD,spot,0.37315474783516905,0.41707008684838287,0.12,0.63,0.69,0.06,C_fixed_month_rule,1,1.0,
crude_long_FebApr,1987-02-24,2026-09-22,39.4,0.03329232377787578,0.03116090029376295,0.07214546394008815,0.4614610809838685,0.31851828329132453,-0.2943929118285302,0.10584799783465128,-0.2979898211102813,2.896010061707844,0.5253419147224457,,,,,,PORT,spot,0.4448291783358889,0.47900554896545083,0.33,0.52,0.77,0.12,C_fixed_month_rule,1,1.0,
crude_short_OctDec,1991-10-29,2024-03-28,32.4,0.012718133488858271,0.010048348719425393,0.07384547540268653,0.17222630661533503,0.1399210258431554,-0.3137301115073211,0.032028639747545905,0.8270243743877163,0.9800411184144602,0.48404001905669364,1.6574679038050324,0.004464038190367537,0.23263471504863756,0.15798024843468228,0.2531862745098039,XTIUSD,fut,0.1941366033480163,0.15007583622277437,0.63,-0.08,0.23,-0.21,C_fixed_month_rule,1,1.0,
crude_short_OctDec,1990-08-23,2024-03-28,34.1,0.0249682095423512,0.0221132929800143,0.07876176198061614,0.3170092810835804,0.2601757275351141,-0.2622890913982564,0.08430885501996634,0.6624680875115557,1.8509452228805243,0.5054054054054054,1.3744159771265823,0.0037953704297416027,0.36513701442039337,0.13432233615984102,0.2544523338377372,XBRUSD,fut,0.3587853644898466,0.2712871448162715,0.58,0.26,0.31,-0.1,C_fixed_month_rule,1,1.0,
crude_short_OctDec,1990-08-23,2024-03-28,34.4,0.018183999396574033,0.015616734395132115,0.0733971561116941,0.24774801041203887,0.20268833265432706,-0.2648681365161686,0.05896041177523371,0.7424519009975968,1.4523418471157323,0.49466192170818507,,,,,,PORT,fut,0.2769756908517224,0.21627858013892476,0.6,0.08,0.28,-0.13,C_fixed_month_rule,1,1.0,
crude_short_OctDec,1987-02-24,2026-09-22,36.7,0.015633692524678538,0.013015668287205795,0.07360686982726926,0.21239447569724937,0.17440764523970176,-0.26848287357780454,0.04847857933639831,0.8956901494416898,1.2864603461839335,0.47723367697594504,1.131954020772839,0.0031974371275577075,0.25580230483451727,0.10678478233472917,0.24759329367225527,XTIUSD,spot,0.23110640071693395,0.1926856677466495,0.61,0.13,0.23,0.01,C_fixed_month_rule,1,1.0,
crude_short_OctDec,1988-06-01,2026-09-22,35.0,0.01978593482779511,0.017018750725905196,0.07631324608667023,0.25927261442035754,0.19577751900146392,-0.23679426932986236,0.07187146367211068,0.24718600924491785,1.5348336739988353,0.4915026833631485,1.2314021186599093,0.003487735484912175,0.3049584724178484,0.11276660941287354,0.24889593477522365,XBRUSD,spot,0.1510948486299579,0.3643875535938827,0.65,0.27,0.42,0.05,C_fixed_month_rule,1,1.0,
crude_short_OctDec,1987-02-24,2026-09-22,39.4,0.01649242758806046,0.014282315562984316,0.06805104486469164,0.24235377459454074,0.19292029752812848,-0.23230233819724877,0.061481583327229146,0.7334340106091779,1.5209494335302354,0.49479583666933546,,,,,,PORT,spot,0.16992988890264435,0.3230841384922853,0.63,0.16,0.36,0.1,C_fixed_month_rule,1,1.0,
crude_short_SepNov,1991-10-29,2024-03-28,32.4,0.005447112041569279,0.002294534810857396,0.07951569338200834,0.06850360991509347,0.052669123346974475,-0.30414283172639456,0.007544267270193462,0.6397531502860201,0.38981474895449153,0.48664400194269064,1.675577496371551,0.004307604590838372,0.12266927523189612,0.15184981137021406,0.2482843137254902,XTIUSD,fut,-0.09892562276446618,0.23864573415827817,-0.01,0.01,0.25,-0.03,C_fixed_month_rule,1,1.0,
crude_short_SepNov,1990-08-23,2024-03-28,34.1,0.011513154142073517,0.008352087938053643,0.07999102041470192,0.14393058223767152,0.11424143368335227,-0.30047507449617217,0.027796275454988004,0.3794938098188165,0.8403779936934762,0.4977718360071301,1.4105189827391578,0.003876107097909442,0.19238261352269614,0.13953942659418928,0.2572459550692585,XBRUSD,fut,-0.01510614795214802,0.31274031478935443,-0.13,0.3,0.27,0.06,C_fixed_month_rule,1,1.0,
crude_short_SepNov,1990-08-23,2024-03-28,34.4,0.006646299598937078,0.0036611117925819947,0.07740981518250553,0.0858586160329592,0.06706328163885066,-0.30165657362073817,0.0121366882499467,0.48794239499051684,0.5033181125964312,0.4919786096256685,,,,,,PORT,fut,-0.10745223254345207,0.2931889555423144,-0.16,0.14,0.28,0.02,C_fixed_month_rule,1,1.0,
crude_short_SepNov,1987-02-24,2026-09-22,36.7,0.010563777282495924,0.0077432582110903425,0.07556312933186622,0.13980068554467615,0.10827350368516978,-0.20728383626487235,0.03735582257941144,0.5708517322128106,0.8467642001146664,0.4763339070567986,1.1396549513867476,0.0032188611154767535,0.1823823220331362,0.10756920078812575,0.24716062736614386,XTIUSD,spot,0.043533289654796366,0.23548909390165057,0.02,0.21,0.25,0.12,C_fixed_month_rule,1,1.0,
crude_short_SepNov,1988-06-01,2026-09-22,35.0,0.008627007623681857,0.005562790849039656,0.07853251410396772,0.10985268614042744,0.08509347724859179,-0.3157883898450584,0.01761556481468188,0.4425335848461585,0.6503023940437985,0.4844366505918457,1.2597673713225992,0.003565578530293475,0.1552551108435993,0.11674976647941025,0.2539916204280376,XBRUSD,spot,-0.07852896356349418,0.28721732002595163,-0.23,0.38,0.29,0.01,C_fixed_month_rule,1,1.0,
crude_short_SepNov,1987-02-24,2026-09-22,39.4,0.008534297908443629,0.00609003280966447,0.07024282040936233,0.12149708480820244,0.09464094883308731,-0.33345180603164704,0.018263607212511187,0.6454891689127468,0.762484193298688,0.4908946951702296,,,,,,PORT,spot,-0.06325384362303271,0.31963185572957875,-0.25,0.34,0.33,0.14,C_fixed_month_rule,1,1.0,
crude_short_NovDec,1991-10-29,2024-03-28,32.4,0.0055845447900001325,0.003800333135722145,0.059949153567132284,0.09315468956115361,0.06236911550342934,-0.2645292684488164,0.01436639944610692,1.2726398135892318,0.530089902856547,0.4752688172043011,1.6342456162871972,0.003234817356576892,0.14709889693589326,0.10748616950730794,0.16691176470588234,XTIUSD,fut,0.14371320214493444,0.04358797551711261,0.44,-0.07,0.13,-0.23,C_fixed_month_rule,1,1.0,
crude_short_NovDec,1990-08-23,2024-03-28,34.1,0.01487753405885358,0.012893715544169959,0.06435002554941631,0.23119701867761772,0.15160270691373312,-0.2270756536381784,0.05678158506906585,0.8364647118290616,1.349906904311518,0.49727520435967304,1.3020196075586754,0.002634025164116428,0.2721171349778455,0.08732301048973058,0.16691886858340124,XBRUSD,fut,0.2595713810691022,0.20066372300517743,0.46,0.12,0.28,-0.1,C_fixed_month_rule,1,1.0,
crude_short_NovDec,1990-08-23,2024-03-28,34.4,0.010187157203919023,0.008438496057405764,0.05980800794730939,0.17033099000544988,0.11285190936382374,-0.22637255444679982,0.03727702803030793,1.0494495275936093,0.9985098335770348,0.4852941176470588,,,,,,PORT,fut,0.20178717254065429,0.13743758686765362,0.45,0.03,0.21,-0.14,C_fixed_month_rule,1,1.0,
crude_short_NovDec,1987-02-24,2026-09-22,36.7,0.009070298833190696,0.0072685359353124035,0.060555331651613066,0.1497853052044028,0.09940408620800883,-0.22454038603084303,0.032370728775330385,1.229229596329344,0.9072404305900582,0.4668400520156047,1.0899880275782048,0.002222211962290812,0.18647503200334226,0.06972826172339006,0.16214169821525148,XTIUSD,spot,0.16535062170525833,0.13339868491682927,0.52,0.06,0.13,0.03,C_fixed_month_rule,1,1.0,
crude_short_NovDec,1988-06-01,2026-09-22,35.0,0.008235743776700095,0.006327763449800239,0.062098551134716705,0.13262376699954656,0.07895079313260028,-0.2056877069314682,0.03076393598917677,0.1248596116998081,0.7851019052612168,0.48542372881355933,1.1845277245205033,0.0024364419065978707,0.1718874543052385,0.07356181943137792,0.16272222851319215,XBRUSD,spot,-0.004429316313265574,0.2642311665650209,0.41,0.1,0.33,-0.0,C_fixed_month_rule,1,1.0,
crude_short_NovDec,1987-02-24,2026-09-22,39.4,0.008033831532683586,0.006525743995422717,0.055367419848261906,0.1451003415853734,0.09381858510272013,-0.25666687485256057,0.025424955983008552,1.0479573311992403,0.9106121111937846,0.4861111111111111,,,,,,PORT,spot,0.05296439308934574,0.2452021205672821,0.5,0.0,0.25,0.11,C_fixed_month_rule,1,1.0,
crude_FebMay_long_OctDec_short,1991-10-29,2024-03-28,32.4,0.052202781949927286,0.046495098955095626,0.11613901647283452,0.449485311098168,0.4955259877471391,-0.36233910243177536,0.1283192971530037,-0.24101243724127402,2.5577630714882718,0.5124378109452736,3.1549484041448146,0.01016484897839439,0.53690561704811,0.3683084484260816,0.5832107843137255,XTIUSD,fut,0.6028077036380038,0.3048359026412877,0.75,0.68,0.17,0.05,C_fixed_month_rule,1,1.0,
crude_FebMay_long_OctDec_short,1990-08-23,2024-03-28,34.1,0.06559342799662206,0.06039819945076497,0.11777806405906362,0.5569239783371555,0.6298099141422407,-0.39999095473597357,0.15099891318950617,-0.18328886672772965,3.2517526732568807,0.5154455445544555,2.519596543042463,0.008341731814469365,0.6276879973462451,0.301703838332532,0.5800256081946222,XBRUSD,fut,0.6864170610879946,0.42824882889559507,0.8,0.78,0.35,0.1,C_fixed_month_rule,1,1.0,
crude_FebMay_long_OctDec_short,1990-08-23,2024-03-28,34.4,0.05804965196872466,0.053066976740776095,0.1125142633208956,0.5159314939756972,0.5732040363067522,-0.3794547837818081,0.13985059355923252,-0.2604099681971686,3.0244799855290063,0.5159584883493245,,,,,,PORT,fut,0.6503235333381729,0.3838646883217008,0.78,0.73,0.27,0.12,C_fixed_month_rule,1,1.0,
crude_FebMay_long_OctDec_short,1987-02-24,2026-09-22,36.7,0.043980553618045634,0.03796139579384694,0.11590896446963406,0.3794404843429319,0.4210985250838924,-0.3943586554219748,0.0962610944933545,-0.03199071938111356,2.2982478016038588,0.5011086474501109,2.1517895479087996,0.007116649518110199,0.4408026786415741,0.24176002518240985,0.5768523526230395,XTIUSD,spot,0.41572293318837017,0.3444426270183487,0.57,0.57,0.27,0.13,C_fixed_month_rule,1,1.0,
crude_FebMay_long_OctDec_short,1988-06-01,2026-09-22,35.0,0.04721754324964565,0.041132087231853465,0.11748764223547296,0.4018937000626036,0.43820315984794417,-0.39785284208684324,0.10338517884176673,-0.10966215584845397,2.379117384237087,0.4989247311827957,2.308402227879238,0.007693400848867551,0.4673499782031466,0.2531362263339274,0.5704903181972597,XBRUSD,spot,0.3139609298803677,0.47526575439948693,0.44,0.81,0.53,0.04,C_fixed_month_rule,1,1.0,
crude_FebMay_long_OctDec_short,1987-02-24,2026-09-22,39.4,0.04692756260951838,0.042153499936090855,0.10615713164141607,0.4420575601838331,0.4914839885791712,-0.3975147532304837,0.10604260494364535,-0.006482836321883855,2.7742385975799206,0.5097229392531406,,,,,,PORT,spot,0.416994420601826,0.46766925433988876,0.55,0.7,0.45,0.14,C_fixed_month_rule,1,1.0,
ng_long_AugOct,1991-08-09,2024-03-28,32.5,0.002065260979762129,-0.0009020719160653945,0.07709766010694749,0.02678759610729123,0.022551913272773127,-0.5319942052994879,-0.0016956423718141255,0.45978346081251725,0.15278736069341145,0.48600746268656714,1.0329881545030555,0.0036455137186427672,0.07405839931420302,0.10524176798652081,0.25750182971456453,XNGUSD,fut,0.2954230434947148,-0.27792377332035123,0.3,0.04,-0.48,0.43,C_fixed_month_rule,1,1.0,
ng_long_AugOct,1991-08-09,2024-03-28,32.5,0.002065260979762129,-0.0009020719160653945,0.07709766010694749,0.02678759610729123,0.022551913272773127,-0.5319942052994879,-0.0016956423718141255,0.45978346081251725,0.15278736069341145,0.48600746268656714,,,,,,PORT,fut,0.2954230434947148,-0.27792377332035123,0.3,0.04,-0.48,0.43,C_fixed_month_rule,1,1.0,
ng_long_AugOct,1999-07-27,2026-09-22,21.6,0.016744829531661724,0.013862819932853876,0.0773213341783747,0.21656157009697505,0.17579606278339469,-0.27347159856791237,0.050691991436950856,1.3097539545169157,1.0053586582527911,0.44064245810055863,0.6826688892027574,0.0024767870168666494,0.24851129632128466,0.06434182073494117,0.25870005523844597,XNGUSD,spot,0.9333806592766691,0.0748616188759546,,0.37,-0.15,0.47,C_fixed_month_rule,1,1.0,
ng_long_AugOct,1999-07-27,2026-09-22,21.6,0.016744829531661724,0.013862819932853876,0.0773213341783747,0.21656157009697505,0.17579606278339469,-0.27347159856791237,0.050691991436950856,1.3097539545169157,1.0053586582527911,0.44064245810055863,,,,,,PORT,spot,0.9333806592766691,0.0748616188759546,,0.37,-0.15,0.47,C_fixed_month_rule,1,1.0,
ng_long_SepOct,1991-08-09,2024-03-28,32.5,-0.0034936376589892403,-0.005432380270625425,0.06254052568666274,-0.055861981021599984,-0.0377251472264933,-0.4059540576705729,-0.013381761231301055,0.44484567353748594,-0.31861778896511683,0.4799718903724526,1.0104211811577375,0.0027746920359307476,-0.011498001870757123,0.0704244352338734,0.16955354964625519,XNGUSD,fut,0.22250513370282676,-0.354848517872664,0.16,0.13,-0.5,-0.02,C_fixed_month_rule,1,1.0,
ng_long_SepOct,1991-08-09,2024-03-28,32.5,-0.0034936376589892403,-0.005432380270625425,0.06254052568666274,-0.055861981021599984,-0.0377251472264933,-0.4059540576705729,-0.013381761231301055,0.44484567353748594,-0.31861778896511683,0.4799718903724526,,,,,,PORT,fut,0.22250513370282676,-0.354848517872664,0.16,0.13,-0.5,-0.02,C_fixed_month_rule,1,1.0,
ng_long_SepOct,1999-07-27,2026-09-22,21.6,0.017622665568219686,0.015460237935183363,0.06770581357463638,0.2602829009475399,0.17324093925746364,-0.16733764023943554,0.09238948220533072,1.8574972142888049,1.208329196844967,0.44526315789473686,0.6788388826503821,0.0018372390437718094,0.287314222445925,0.041414394218659646,0.16995028539863746,XNGUSD,spot,1.0670065413156236,0.10666295616695425,,0.7,-0.05,0.28,C_fixed_month_rule,1,1.0,
ng_long_SepOct,1999-07-27,2026-09-22,21.6,0.017622665568219686,0.015460237935183363,0.06770581357463638,0.2602829009475399,0.17324093925746364,-0.16733764023943554,0.09238948220533072,1.8574972142888049,1.208329196844967,0.44526315789473686,,,,,,PORT,spot,1.0670065413156236,0.10666295616695425,,0.7,-0.05,0.28,C_fixed_month_rule,1,1.0,
ng_long_SepNov,1991-08-09,2024-03-28,32.5,-0.016957261894485782,-0.019949863870588502,0.07997871814807181,-0.2120221764881412,-0.17465161527373285,-0.5135675958258603,-0.038845643753102115,0.5041002310634516,-1.2093025676640865,0.47464114832535886,1.0149094313659217,0.003588507120252088,-0.16719918203607861,0.10219065663981602,0.250914857282264,XNGUSD,fut,-0.017600519074555655,-0.4053463047139926,-0.25,0.05,-0.29,-0.54,C_fixed_month_rule,1,1.0,
ng_long_SepNov,1991-08-09,2024-03-28,32.5,-0.016957261894485782,-0.019949863870588502,0.07997871814807181,-0.2120221764881412,-0.17465161527373285,-0.5135675958258603,-0.038845643753102115,0.5041002310634516,-1.2093025676640865,0.47464114832535886,,,,,,PORT,fut,-0.017600519074555655,-0.4053463047139926,-0.25,0.05,-0.29,-0.54,C_fixed_month_rule,1,1.0,
ng_long_SepNov,1999-07-27,2026-09-22,21.6,0.03405538711995611,0.030783105013784562,0.08668801122386256,0.39285002204066827,0.31824340358503295,-0.19449379625812413,0.15827294035091224,1.6904891374237168,1.823754652667724,0.45179856115107914,0.6861265869082971,0.002317833998115549,0.41943655965669124,0.0576632531326315,0.25096667280427176,XNGUSD,spot,0.7367410960044292,0.32811727067512814,,0.65,0.31,0.38,C_fixed_month_rule,1,1.0,
ng_long_SepNov,1999-07-27,2026-09-22,21.6,0.03405538711995611,0.030783105013784562,0.08668801122386256,0.39285002204066827,0.31824340358503295,-0.19449379625812413,0.15827294035091224,1.6904891374237168,1.823754652667724,0.45179856115107914,,,,,,PORT,spot,0.7367410960044292,0.32811727067512814,,0.65,0.31,0.38,C_fixed_month_rule,1,1.0,
ng_long_AugNov,1991-08-09,2024-03-28,32.5,-0.011469729630231872,-0.015565989268405578,0.09192680356350201,-0.12477024312401672,-0.1201619546826683,-0.5944464792228481,-0.02618568670598543,0.47417212234080575,-0.7116471393565995,0.48061188189256493,1.0243175444229253,0.004448073194820394,-0.07638174028778236,0.13708611781849797,0.33886313735057333,XNGUSD,fut,0.09006514561825105,-0.3506452496856921,-0.07,-0.02,-0.31,-0.09,C_fixed_month_rule,1,1.0,
ng_long_AugNov,1991-08-09,2024-03-28,32.5,-0.011469729630231872,-0.015565989268405578,0.09192680356350201,-0.12477024312401672,-0.1201619546826683,-0.5944464792228481,-0.02618568670598543,0.47417212234080575,-0.7116471393565995,0.48061188189256493,,,,,,PORT,fut,0.09006514561825105,-0.3506452496856921,-0.07,-0.02,-0.31,-0.09,C_fixed_month_rule,1,1.0,
ng_long_AugNov,1999-07-27,2026-09-22,21.6,0.033551741107187436,0.02952605659928964,0.09460536009241116,0.35464947307862754,0.3313837703994706,-0.20923467808695828,0.1411145459693759,1.3480787609540568,1.6464136192064331,0.4465811965811966,0.6862792802525682,0.002954298560405834,0.3857447346675479,0.08060564463015575,0.3397164426440803,XNGUSD,spot,0.6827597257734037,0.2916209818687773,,0.39,0.21,0.54,C_fixed_month_rule,1,1.0,
ng_long_AugNov,1999-07-27,2026-09-22,21.6,0.033551741107187436,0.02952605659928964,0.09460536009241116,0.35464947307862754,0.3313837703994706,-0.20923467808695828,0.1411145459693759,1.3480787609540568,1.6464136192064331,0.4465811965811966,,,,,,PORT,spot,0.6827597257734037,0.2916209818687773,,0.39,0.21,0.54,C_fixed_month_rule,1,1.0,
ng_short_JanApr,1991-08-09,2024-03-28,32.5,-0.021617835772226902,-0.0249046147601516,0.08476950281587618,-0.25501902281038474,-0.21605092101622161,-0.687537709329892,-0.03622290737249141,-0.5713526087877426,-1.454541992710058,0.4878854625550661,0.9991525279728438,0.004059317774351022,-0.207157186167296,0.12125328673959851,0.3283727738472798,XNGUSD,fut,-0.6139394133785988,0.11316295755595299,-0.72,-0.41,0.19,0.02,C_fixed_month_rule,1,1.0,
ng_short_JanApr,1991-08-09,2024-03-28,32.5,-0.021617835772226902,-0.0249046147601516,0.08476950281587618,-0.25501902281038474,-0.21605092101622161,-0.687537709329892,-0.03622290737249141,-0.5713526087877426,-1.454541992710058,0.4878854625550661,,,,,,PORT,fut,-0.6139394133785988,0.11316295755595299,-0.72,-0.41,0.19,0.02,C_fixed_month_rule,1,1.0,
ng_short_JanApr,1999-07-27,2026-09-22,21.6,-0.026404750435006476,-0.030042842428055883,0.0898705882579296,-0.2938085857324595,-0.1826087820003591,-0.554070025817623,-0.05422210375615003,-3.602107159042708,-1.3639677870956735,0.45279819106840025,0.6198557387478397,0.00230902554710098,-0.2681847045563409,0.05701351748664709,0.32075124286503404,XNGUSD,spot,-0.48243347151046,-0.27020558984958604,,-0.32,-0.12,-0.5,C_fixed_month_rule,1,1.0,
ng_short_JanApr,1999-07-27,2026-09-22,21.6,-0.026404750435006476,-0.030042842428055883,0.0898705882579296,-0.2938085857324595,-0.1826087820003591,-0.554070025817623,-0.05422210375615003,-3.602107159042708,-1.3639677870956735,0.45279819106840025,,,,,,PORT,spot,-0.48243347151046,-0.27020558984958604,,-0.32,-0.12,-0.5,C_fixed_month_rule,1,1.0,
ng_short_FebApr,1991-08-09,2024-03-28,32.5,-0.02641842456460375,-0.028490082226605873,0.07036267529732228,-0.3754607745224424,-0.2667222508467856,-0.6732583063679057,-0.042316718497398396,-1.0557315656863222,-2.1415008854629503,0.4833822091886608,0.9625698532746592,0.00330013727467084,-0.3286549537482854,0.0935464449286631,0.24566967553061722,XNGUSD,fut,-0.7318054109129599,-0.024699591870138073,-0.9,-0.49,0.11,-0.18,C_fixed_month_rule,1,1.0,
ng_short_FebApr,1991-08-09,2024-03-28,32.5,-0.02641842456460375,-0.028490082226605873,0.07036267529732228,-0.3754607745224424,-0.2667222508467856,-0.6732583063679057,-0.042316718497398396,-1.0557315656863222,-2.1415008854629503,0.4833822091886608,,,,,,PORT,fut,-0.7318054109129599,-0.024699591870138073,-0.9,-0.49,0.11,-0.18,C_fixed_month_rule,1,1.0,
ng_short_FebApr,1999-07-27,2026-09-22,21.6,-0.01781979354887627,-0.020113848871351703,0.07018970983758863,-0.2538804276311918,-0.13676206667596089,-0.437078921842454,-0.046018803163886686,-4.563217991691844,-1.178606555011789,0.4490566037735849,0.5671723716618876,0.0018354103346048234,-0.22776262118062235,0.043093335938323644,0.23899834284662125,XNGUSD,spot,-0.36923775289081456,-0.23791524729118038,,-0.25,-0.19,-0.34,C_fixed_month_rule,1,1.0,
ng_short_FebApr,1999-07-27,2026-09-22,21.6,-0.01781979354887627,-0.020113848871351703,0.07018970983758863,-0.2538804276311918,-0.13676206667596089,-0.437078921842454,-0.046018803163886686,-4.563217991691844,-1.178606555011789,0.4490566037735849,,,,,,PORT,spot,-0.36923775289081456,-0.23791524729118038,,-0.25,-0.19,-0.34,C_fixed_month_rule,1,1.0,
ng_short_JanFeb,1991-08-09,2024-03-28,32.5,0.004611173652730348,0.002622700532281863,0.0630382484958351,0.07314882254437963,0.043367103931069954,-0.35230357672176504,0.0074444334533485725,-0.8970529596225306,0.41721606857229193,0.491839762611276,0.8704803624628623,0.00228788519202548,0.10943154673473275,0.05512160498236013,0.1604049768236155,XNGUSD,fut,-0.1915581551048443,0.3620906740026447,-0.07,-0.28,0.4,0.47,C_fixed_month_rule,1,1.0,
ng_short_JanFeb,1991-08-09,2024-03-28,32.5,0.004611173652730348,0.002622700532281863,0.0630382484958351,0.07314882254437963,0.043367103931069954,-0.35230357672176504,0.0074444334533485725,-0.8970529596225306,0.41721606857229193,0.491839762611276,,,,,,PORT,fut,-0.1915581551048443,0.3620906740026447,-0.07,-0.28,0.4,0.47,C_fixed_month_rule,1,1.0,
ng_short_JanFeb,1999-07-27,2026-09-22,21.6,-0.01173095759700823,-0.014444571217777091,0.0744298252489721,-0.15761097863346438,-0.06591794688003834,-0.37464657601552576,-0.03855519346099267,-5.297647065225134,-0.7316882766129447,0.4691075514874142,0.5175049454288588,0.0013265653857394638,-0.13981884776111367,0.026667996649880947,0.15595654575584608,XNGUSD,spot,-0.36267748597201865,-0.12882227868575366,,-0.25,0.16,-0.46,C_fixed_month_rule,1,1.0,
ng_short_JanFeb,1999-07-27,2026-09-22,21.6,-0.01173095759700823,-0.014444571217777091,0.0744298252489721,-0.15761097863346438,-0.06591794688003834,-0.37464657601552576,-0.03855519346099267,-5.297647065225134,-0.7316882766129447,0.4691075514874142,,,,,,PORT,spot,-0.36267748597201865,-0.12882227868575366,,-0.25,0.16,-0.46,C_fixed_month_rule,1,1.0,
ng_AugOct_long_JanApr_short,1991-08-09,2024-03-28,32.5,-0.0190753662798666,-0.025229200919411943,0.11378515920138468,-0.1676437104254143,-0.1994386508335783,-0.7072592732519312,-0.03567178526116703,-0.058622548796742224,-0.956182852323126,0.4870583401807724,1.8694976315138414,0.007484721426236682,-0.10186055437739591,0.2242745850791146,0.5858746035618444,XNGUSD,fut,-0.2346347533616215,-0.09570324779965224,-0.31,-0.27,-0.17,0.31,C_fixed_month_rule,1,1.0,
ng_AugOct_long_JanApr_short,1991-08-09,2024-03-28,32.5,-0.0190753662798666,-0.025229200919411943,0.11378515920138468,-0.1676437104254143,-0.1994386508335783,-0.7072592732519312,-0.03567178526116703,-0.058622548796742224,-0.956182852323126,0.4870583401807724,,,,,,PORT,fut,-0.2346347533616215,-0.09570324779965224,-0.31,-0.27,-0.17,0.31,C_fixed_month_rule,1,1.0,
ng_AugOct_long_JanApr_short,1999-07-27,2026-09-22,21.6,-0.007685559241973566,-0.014755435497783576,0.11944889252962704,-0.06434182083410533,-0.06112686752707778,-0.45889261808507853,-0.03215444074772177,-1.15636893352772,-0.29869845621432894,0.4473601999375195,1.2109869788865153,0.004662769862097769,-0.02530571890201075,0.12039961793874264,0.5794512981034801,XNGUSD,spot,0.4458154037830296,-0.1451418332583725,,0.12,-0.18,-0.07,C_fixed_month_rule,1,1.0,
ng_AugOct_long_JanApr_short,1999-07-27,2026-09-22,21.6,-0.007685559241973566,-0.014755435497783576,0.11944889252962704,-0.06434182083410533,-0.06112686752707778,-0.45889261808507853,-0.03215444074772177,-1.15636893352772,-0.29869845621432894,0.4473601999375195,,,,,,PORT,spot,0.4458154037830296,-0.1451418332583725,,0.12,-0.18,-0.07,C_fixed_month_rule,1,1.0,
ng_SepOct_long_FebApr_short,1991-08-09,2024-03-28,32.5,-0.029717058925469005,-0.03352404893890637,0.09352965878404101,-0.31772872168907806,-0.3100399505149445,-0.7324786077804187,-0.04576795633730802,-0.2762209907426438,-1.812216841292169,0.4819832804842894,1.8565736579348555,0.005923903979484986,-0.25444496541412637,0.16264068856805408,0.41522322517687243,XNGUSD,fut,-0.3837359550189764,-0.2502713016862434,-0.54,-0.28,-0.25,-0.15,C_fixed_month_rule,1,1.0,
ng_SepOct_long_FebApr_short,1991-08-09,2024-03-28,32.5,-0.029717058925469005,-0.03352404893890637,0.09352965878404101,-0.31772872168907806,-0.3100399505149445,-0.7324786077804187,-0.04576795633730802,-0.2762209907426438,-1.812216841292169,0.4819832804842894,,,,,,PORT,fut,-0.3837359550189764,-0.2502713016862434,-0.54,-0.28,-0.25,-0.15,C_fixed_month_rule,1,1.0,
ng_SepOct_long_FebApr_short,1999-07-27,2026-09-22,21.6,0.0009574730542716278,-0.0038410186202189056,0.097807949966862,0.00978931727529333,0.008010787480694937,-0.4041121171742377,-0.009504834071983062,-1.0394084215317068,0.04544562027645385,0.44747252747252747,1.1772551950735368,0.0035876084218997854,0.046464871792744104,0.08400603347500338,0.4089486282452587,XNGUSD,spot,0.6203856690156903,-0.09114518263847833,,0.42,-0.18,-0.05,C_fixed_month_rule,1,1.0,
ng_SepOct_long_FebApr_short,1999-07-27,2026-09-22,21.6,0.0009574730542716278,-0.0038410186202189056,0.097807949966862,0.00978931727529333,0.008010787480694937,-0.4041121171742377,-0.009504834071983062,-1.0394084215317068,0.04544562027645385,0.44747252747252747,,,,,,PORT,spot,0.6203856690156903,-0.09114518263847833,,0.42,-0.18,-0.05,C_fixed_month_rule,1,1.0,
carry_sign,1991-10-29,2024-03-28,32.4,0.08279315350096846,0.07412249592411913,0.1502146579633435,0.5511656094252284,0.8137274472595352,-0.4212392428395664,0.1759629407375739,0.019806243572155522,3.136367323367963,0.5133136094674556,14.805804960377627,0.019749089783619167,0.6825263811183231,0.6095809622343473,0.9849264705882353,XTIUSD,fut,0.5118222052448038,0.5899555717854985,0.45,0.58,0.57,0.64,C_carry,1,1.0,
carry_sign,1990-08-23,2024-03-28,34.1,0.07225341103611371,0.06495316132633477,0.13635858965676498,0.5298779579488639,0.6945798885367739,-0.3863854381434645,0.16810457878129903,-0.35365424580513216,3.09383710036096,0.5050075456166827,14.846206600274277,0.01604611827169904,0.6474300771075808,0.4378412395401869,0.8322663252240717,XBRUSD,fut,0.6124081047398585,0.4323095273701933,0.72,0.57,0.48,0.03,C_carry,1,1.0,
carry_sign,1991-08-09,2024-03-28,32.5,-0.02007839729485207,-0.02907612580138097,0.13723072679615556,-0.14631123629241433,-0.19996960575792694,-0.7055205704088783,-0.04121230056344091,-0.17180962861235086,-0.8345096567595127,0.4951888553784288,10.115285670809586,0.01802126583045242,-0.014992015680607434,0.31467253015012203,0.8356916321053915,XNGUSD,fut,-0.13384252276783687,-0.15836207925161958,-0.44,0.09,0.2,-0.82,C_carry,1,1.0,
carry_sign,1990-08-23,2024-03-28,34.4,0.04576158459132683,0.04227309445126459,0.09330733570759582,0.49043930195084906,0.7003376206288303,-0.2998193850847789,0.14099520095844095,-0.11374197089101765,2.8753723019636874,0.5156105457909343,,,,,,PORT,fut,0.5171690739755704,0.4605354714598601,0.45,0.59,0.65,-0.05,C_carry,1,1.0,
carry_deseason_sign,1991-10-29,2024-03-28,32.4,0.027596223973332182,0.016844817040707172,0.1475503245275851,0.18702923264782764,0.26193565442299016,-0.5598815228742112,0.030086395697133415,-0.07318841312235179,1.0642760792041195,0.5173267326732673,14.119154964841863,0.018456782384456392,0.3120794462847752,0.5668302112691819,0.9406862745098039,XTIUSD,fut,0.31923427008513233,0.06081969627173452,0.49,0.03,0.19,0.06,C_carry,1,1.0,
carry_deseason_sign,1990-08-23,2024-03-28,34.1,0.06526723599709285,0.0580200811626439,0.13301732258856364,0.4906671907610949,0.6306367250988902,-0.3866429741597591,0.1500611288456266,-0.3141725212809104,2.8648943326173675,0.5102100778610255,12.510173700935947,0.014715404357313716,0.6012195430109811,0.41725693849157075,0.7818647421720405,XBRUSD,fut,0.4358256106166997,0.5557012018779255,0.51,0.51,0.84,-0.5,C_carry,1,1.0,
carry_deseason_sign,1991-08-09,2024-03-28,32.5,0.016448046524775235,0.007590862345491001,0.1333217506318473,0.12337106621255389,0.1697102854290018,-0.6889823397555427,0.011017499154164546,0.03700457999722136,0.7036667089144899,0.49636583888552394,13.393851479529367,0.020757684835767783,0.27890076827681526,0.29304730757487707,0.794949987801903,XNGUSD,fut,0.5599502329222285,-0.26966899227803326,0.43,0.44,-0.38,0.02,C_carry,1,1.0,
carry_deseason_sign,1990-08-23,2024-03-28,34.4,0.03655106162519389,0.03270895567935339,0.09341493759815979,0.3912764121560996,0.5447233733901868,-0.31440038261690395,0.10403599196381758,-0.06569728221909095,2.2939951048990945,0.5153411880216003,,,,,,PORT,fut,0.5640280643228978,0.19646529811601685,0.66,0.42,0.34,-0.11,C_carry,1,1.0,
ng_AugOct_long_carry_filtered,1991-08-09,2024-03-28,32.5,0.0041179221332466424,0.002630259259133627,0.05462964576567741,0.07537889136073882,0.042636974058309754,-0.3035131750156128,0.008666046404734574,0.34149501268413834,0.42993562456572654,0.464,2.166529218851128,0.003467834302779536,0.1387590760706682,0.05219393069945087,0.12734813369114417,XNGUSD,fut,0.25436850239862924,-0.09816555243031415,0.06,0.27,-0.2,0.26,C_carry,1,1.0,
ng_AugOct_long_carry_filtered,1991-08-09,2024-03-28,32.5,0.0041179221332466424,0.002630259259133627,0.05462964576567741,0.07537889136073882,0.042636974058309754,-0.3035131750156128,0.008666046404734574,0.34149501268413834,0.42993562456572654,0.464,,,,,,PORT,fut,0.25436850239862924,-0.09816555243031415,0.06,0.27,-0.2,0.26,C_carry,1,1.0,
ng_JanApr_short_carry_filtered,1991-08-09,2024-03-28,32.5,-0.0004945769656404081,-0.002058515065744726,0.05592191896541936,-0.008844062843162472,-0.005146505536048071,-0.3586604382968095,-0.0057394539401114586,-0.6465316804274088,-0.05044353417161114,0.4716285924834193,2.6623040633972797,0.0040118456152535556,0.06285556252377665,0.05370103002391567,0.15223225176872407,XNGUSD,fut,-0.3146657357094306,0.2475883135681159,-0.27,-0.37,0.36,0.37,C_carry,1,1.0,
ng_JanApr_short_carry_filtered,1991-08-09,2024-03-28,32.5,-0.0004945769656404081,-0.002058515065744726,0.05592191896541936,-0.008844062843162472,-0.005146505536048071,-0.3586604382968095,-0.0057394539401114586,-0.6465316804274088,-0.05044353417161114,0.4716285924834193,,,,,,PORT,fut,-0.3146657357094306,0.2475883135681159,-0.27,-0.37,0.36,0.37,C_carry,1,1.0,
ng_AugOct_JanApr_carry_filtered,1991-08-09,2024-03-28,32.5,0.0035113137781604617,0.0004949053732643538,0.077656723688332,0.04521583723069224,0.036710124071740596,-0.33651466292531096,0.0014706799666979072,-0.11862708753002889,0.2578957964107866,0.46817082997582593,4.724308745528778,0.007356566114434634,0.13985523433907887,0.10515094638091822,0.27958038545986824,XNGUSD,fut,-0.030855240654290045,0.11386515024756638,-0.13,-0.1,0.1,0.44,C_carry,1,1.0,
ng_AugOct_JanApr_carry_filtered,1991-08-09,2024-03-28,32.5,0.0035113137781604617,0.0004949053732643538,0.077656723688332,0.04521583723069224,0.036710124071740596,-0.33651466292531096,0.0014706799666979072,-0.11862708753002889,0.2578957964107866,0.46817082997582593,,,,,,PORT,fut,-0.030855240654290045,0.11386515024756638,-0.13,-0.1,0.1,0.44,C_carry,1,1.0,
