dataset,symbol,period,effect,n_on,mean_on_bp,mean_off_bp,diff_bp,t_diff,p_diff,t_on_vs_0,p_on_vs_0,vol_ratio,hit_on,p_bh,p_holm
fut,XTIUSD,full,tom,1582,8.158199613831489,3.258894804453901,4.899304809377588,0.962474398459231,0.3359130744893253,1.762250328649506,0.07822022617177685,1.055679331046577,0.5164348925410872,0.6791471373282387,1.0
fut,XTIUSD,full,eia,1741,7.139345520298491,3.4089001591206562,3.7304453611778348,0.7801844347350297,0.43535072905656336,1.6734898256866948,0.09441065010511525,1.0122645383605609,0.5318782309017805,0.6791471373282387,1.0
fut,XTIUSD,full,pre_hol,290,31.70446230640304,3.1972203807090165,28.507241925694025,2.918335634593721,0.0037732406969109658,3.3133884082652676,0.0010390904987277849,0.9222438657413848,0.6103448275862069,0.07357819358976384,0.14338314648261669
fut,XTIUSD,full,post_hol,275,-8.540137149711661,4.6166910499257305,-13.156828199637392,-0.8901718582382261,0.37412818648810986,-0.5827979950894853,0.5605086073932575,1.3999109476948954,0.5272727272727272,0.6791471373282387,1.0
fut,XTIUSD,full,exp_week,2008,-2.9066429695145657,6.4216756463335605,-9.328318615848127,-2.053180448337223,0.04013304241531588,-0.7314104280336527,0.46461388300565115,1.0136307184408093,0.5039840637450199,0.2608647756995532,1.0
fut,XTIUSD,full,ltd,401,-11.139955862871629,4.955412532255316,-16.095368395126947,-1.782733513673975,0.07531728336594848,-1.2644674292414018,0.20679856549776923,1.0008776474655205,0.49875311720698257,0.26703400466109006,1.0
fut,XTIUSD,full,opt_exp,402,4.002154458162013,4.193772464426889,-0.1916180062648754,-0.021502452579840237,0.9828545180498675,0.460566651248879,0.6453592031713659,0.9876214542498363,0.5348258706467661,0.9828545180498675,1.0
fut,XTIUSD,full,roll_win,1999,5.508293254615017,3.7694302149595926,1.738863039655424,0.3853885841546176,0.6999739815300106,1.4002878486787613,0.16158240396879883,0.9968081774845567,0.5247623811905953,0.8199233930004154,1.0
fut,XTIUSD,full,dow0,1575,0.6962987630100285,4.992756083316721,-4.296457320306692,-0.8258249255776444,0.40899183664016636,0.14630012265180284,0.8837032032172691,1.0902051169460507,0.49587301587301585,0.6791471373282387,1.0
fut,XTIUSD,full,dow1,1720,-2.6151441416763648,5.942503281198137,-8.557647422874503,-1.8607163001854075,0.06288868186690232,-0.6463924831257878,0.5181114948085475,0.94052647590506,0.5,0.26703400466109006,1.0
fut,XTIUSD,full,dow2,1724,5.957115741641151,3.7249750139176596,2.2321407277234915,0.45706389767354294,0.6476632393132834,1.357480251351044,0.1748064328893622,1.0427417424704024,0.5301624129930395,0.8051189082655851,1.0
fut,XTIUSD,full,dow3,1694,7.131686422539439,3.4370938173897367,3.6945926051497024,0.7802281575388013,0.43532599244336356,1.6937354842765926,0.09049950334116054,0.9788190018727292,0.5206611570247934,0.6791471373282387,1.0
fut,XTIUSD,full,dow4,1660,9.691361108252565,2.8228462634334286,6.868514844819136,1.4662220788916163,0.1427067141524067,2.335183623998671,0.01965252145192306,0.9498442787585758,0.5524096385542169,0.42812014245722013,1.0
fut,XTIUSD,1990-2007,tom,811,12.094795973173479,5.248927161589117,6.845868811584363,1.132598329115485,0.2576085088145179,2.215870397623263,0.02697766040033604,1.0127590995423574,0.5215782983970407,,
fut,XTIUSD,1990-2007,eia,896,9.68500583920942,5.711606278939405,3.9733995602700163,0.6823980835220985,0.4951011705442527,1.8639279930718673,0.06265906678350915,1.0137302695079597,0.5267857142857143,,
fut,XTIUSD,1990-2007,pre_hol,143,34.41190114861436,5.580905615709806,28.83099553290456,2.72995112481755,0.007054237573738042,3.345821006306397,0.0010498451444585274,0.7948643764965263,0.6433566433566433,,
fut,XTIUSD,1990-2007,post_hol,129,16.24960008157271,6.238609345381511,10.010990736191197,0.5144474860574012,0.6078007814198185,0.8411581589192454,0.40182801066354124,1.4491273972356657,0.5581395348837209,,
fut,XTIUSD,1990-2007,exp_week,1034,-0.3827133526397357,8.726492400937191,-9.109205753576926,-1.5994177251631332,0.10992068191548222,-0.0758483493490585,0.93955443605714,1.074026267300769,0.488394584139265,,
fut,XTIUSD,1990-2007,ltd,207,-13.900168092219285,7.571001911157995,-21.47117000337728,-1.9557626411027473,0.05171878778833128,-1.2975860345144818,0.19588078317059854,1.0021581039126852,0.46859903381642515,,
fut,XTIUSD,1990-2007,opt_exp,207,9.61565565676449,6.383160155169794,3.2324955015946957,0.2581951251555957,0.7964957604211446,0.7823676542892122,0.4348969237071993,1.1585508927017485,0.5072463768115942,,
fut,XTIUSD,1990-2007,roll_win,1028,6.531472186681496,6.540823200771282,-0.009351014089785219,-0.0016980349866800627,0.9986453620882704,1.3587023596572794,0.17453925879375878,1.0021564704630206,0.5077821011673151,,
fut,XTIUSD,1990-2007,dow0,814,1.8202160577091895,7.638778334534743,-5.818562276825554,-0.919728231421801,0.35790741739562676,0.3145739950806252,0.7531658373344691,1.0923920853923603,0.4864864864864865,,
fut,XTIUSD,1990-2007,dow1,887,-0.5938606525265858,8.389521777538665,-8.98338243006525,-1.669832221446883,0.09515658041574847,-0.12753486078069035,0.8985460228503033,0.8803793464617364,0.47350620067643745,,
fut,XTIUSD,1990-2007,dow2,886,8.097529898724437,6.134606477498163,1.9629234212262736,0.32946817508223664,0.741853564801469,1.5114151836310732,0.131039674170594,1.0464682171411412,0.5248306997742663,,
fut,XTIUSD,1990-2007,dow3,871,7.64740198678232,6.257351166671134,1.390050820111187,0.23469614494257313,0.8144809340606458,1.4387423374075428,0.15058318541136198,1.0245783670044224,0.5109070034443168,,
fut,XTIUSD,1990-2007,dow4,847,15.771465104952325,4.27709661450013,11.494368490452192,2.0020805758462683,0.04547793877628408,3.0927497128222705,0.002048214681077691,0.9568775076338591,0.5678866587957497,,
fut,XTIUSD,2008-2024,tom,771,4.017369980334267,1.1499554487273496,2.867414531606917,0.3459082024573875,0.7294779769630045,0.5308031291721695,0.5957082691503426,1.082353668806806,0.5110246433203631,,
fut,XTIUSD,2008-2024,eia,845,4.440041797524299,0.9733043904386469,3.4667374070856516,0.4515252445827321,0.6516858283596846,0.6481133888758571,0.5170878884963435,1.0119029176723389,0.5372781065088758,,
fut,XTIUSD,2008-2024,pre_hol,147,29.070695269421957,0.6670245255513293,28.403670743870627,1.7373424649088403,0.08428188848205236,1.8121222393069123,0.07202219441642321,0.9857090690427645,0.5782312925170068,,
fut,XTIUSD,2008-2024,post_hol,146,-30.44339812803826,2.889732660883574,-33.333130788921835,-1.5281505297581712,0.12856644588809268,-1.4100283949599526,0.16067273365716594,1.341690550504193,0.5,,
fut,XTIUSD,2008-2024,exp_week,974,-5.586050796874499,3.985006090965595,-9.571056887840093,-1.3379503197330607,0.1810952103738022,-0.9008678919988224,0.3678814849345518,0.9753425350711963,0.5205338809034907,,
fut,XTIUSD,2008-2024,ltd,194,-8.194780958361502,2.1885861835864544,-10.383367141947955,-0.7135205750916709,0.4763059519965594,-0.5769744774348329,0.5646290728526397,1.0028947044986172,0.5309278350515464,,
fut,XTIUSD,2008-2024,opt_exp,195,-1.9567929680467702,1.8771933896361765,-3.8339863576829463,-0.30186921724101967,0.763035711852023,-0.1591686269155624,0.8737016029131126,0.864906270766999,0.5641025641025641,,
fut,XTIUSD,2008-2024,roll_win,971,4.4250512956404116,0.8369617569341142,3.588089538706298,0.4960716234653383,0.619910680381534,0.7021949852912722,0.4827260310132378,0.993888679266278,0.5427394438722966,,
fut,XTIUSD,2008-2024,dow0,761,-0.5058939805972213,2.1995103382298993,-2.7054043188271204,-0.32302205603402817,0.7467414677976566,-0.06598541948701968,0.9474067870972437,1.0908751336978415,0.5059132720105125,,
fut,XTIUSD,2008-2024,dow1,833,-4.76745921355614,3.3570599363783793,-8.12451914993452,-1.0727485659414693,0.2835809651893478,-0.7088712837129666,0.4786029306101679,0.979988573244164,0.5282112845138055,,
fut,XTIUSD,2008-2024,dow2,838,3.6941002963239784,1.1743465390007117,2.519753757323267,0.3218185238637306,0.7476432561745888,0.5252883427930956,0.5995218765514808,1.0406419986571351,0.535799522673031,,
fut,XTIUSD,2008-2024,dow3,823,6.585892672289685,0.4525749460700711,6.133317726219613,0.8214373019550997,0.41154524448849494,0.9983947852852464,0.31838176735582613,0.9496943375956634,0.5309842041312273,,
fut,XTIUSD,2008-2024,dow4,813,3.356984619685901,1.2779007291819213,2.07908389050398,0.2784337313187373,0.7807234843081264,0.5088222848252405,0.611015019985221,0.942869063671957,0.5362853628536285,,
fut,XTIUSD,full,dow_anova,8373,,,,,0.2448297220578554,,,,,,
fut,XBRUSD,full,tom,1638,11.315884148106544,3.2620213655372927,8.05386278256925,1.2774977935002743,0.20155550793597876,1.9582308466131213,0.05037255023384048,1.1077647171072527,0.5054945054945055,0.49129155059394825,1.0
fut,XBRUSD,full,eia,1804,8.549928217797335,3.7952831577082877,4.7546450600890475,0.8375034495643116,0.402379983616763,1.6958638723985118,0.09008430162246392,0.9912968743410908,0.5249445676274944,0.6791471373282387,1.0
fut,XBRUSD,full,pre_hol,305,25.590788073291655,4.026418705576022,21.564369367715635,1.9121161904850401,0.05672000686289001,2.320886726592947,0.020954308742639503,0.8899023116869355,0.5967213114754099,0.26703400466109006,1.0
fut,XBRUSD,full,post_hol,272,-10.831945312466836,5.293253311882503,-16.12519862434934,-0.9523537660654362,0.34173442196461346,-0.6458809464862864,0.518902984532133,1.2963982334946165,0.48161764705882354,0.6791471373282387,1.0
fut,XBRUSD,full,exp_week,2080,3.95991062358445,5.047938247361197,-1.0880276237767468,-0.2067599028591247,0.8362088292421528,0.8761921715162919,0.38102679542980095,0.9430893097414285,0.5115384615384615,0.9058928983456654,1.0
fut,XBRUSD,full,ltd,417,-0.38246751120136885,5.0481059957969086,-5.430573506998278,-0.5122956772343072,0.608689322571585,-0.037024254319078784,0.9704834266955257,0.977223947358399,0.48201438848920863,0.8051189082655851,1.0
fut,XBRUSD,full,opt_exp,414,8.315568057967063,4.609115893107985,3.706452164859079,0.36563439478817183,0.7148050092824134,0.84397700037706,0.39917083734557485,0.9265634006809529,0.5144927536231884,0.8199233930004154,1.0
fut,XBRUSD,full,roll_win,2068,2.678341339793642,5.448367786898711,-2.7700264471050686,-0.5119163419624468,0.6087419798069109,0.56855999352645,0.5697165445368332,0.9914431291819951,0.5101547388781431,0.8051189082655851,1.0
fut,XBRUSD,full,dow0,1585,-7.763778311982367,7.600417139581301,-15.364195451563669,-2.307665464542119,0.021113604528093466,-1.2561268578018132,0.20925521222895532,1.1824439795841915,0.48201892744479496,0.2058576441489113,0.7600897630113648
fut,XBRUSD,full,dow1,1782,-1.0273772222339983,6.294025952448945,-7.321403174682943,-1.3181566718711084,0.18755549553259748,-0.2099727026982187,0.8337129947744691,0.9478924235472754,0.49214365881032546,0.48764428838475343,1.0
fut,XBRUSD,full,dow2,1788,6.868174817674732,4.244314529741588,2.6238602879331445,0.45440934260562066,0.6495699708230167,1.3314162148634303,0.1832219113772888,1.0146565102468155,0.5234899328859061,0.8051189082655851,1.0
fut,XBRUSD,full,dow3,1755,13.043208447058115,2.6860312089608884,10.357177238097227,1.8278863299087924,0.06767391834426928,2.5935726525615426,0.009577481484974743,0.9716590521581413,0.5321937321937322,0.26703400466109006,1.0
fut,XBRUSD,full,dow4,1744,11.689797919226942,3.044103120705698,8.645694798521243,1.603648726767961,0.1088983933722379,2.4897375424548933,0.012876330283021842,0.8902075639213136,0.5252293577981652,0.3539197784597732,1.0
fut,XBRUSD,1990-2007,tom,841,12.2005601930625,6.307293548425402,5.8932666446371,0.740246036357353,0.45929344294225555,1.6857709519399486,0.0922113016522841,1.050701544618548,0.5172413793103449,,
fut,XBRUSD,1990-2007,eia,936,7.778082955653597,7.320764206119118,0.4573187495344794,0.061924621629489,0.9506312386447104,1.1863440864596693,0.2357878052951969,0.9929476487316607,0.5117521367521367,,
fut,XBRUSD,1990-2007,pre_hol,154,21.150935912771953,6.926282033365232,14.224653879406722,1.1608882768535944,0.24727247762105514,1.7840443498516423,0.07639846187744816,0.7234551609311695,0.5974025974025974,,
fut,XBRUSD,1990-2007,post_hol,123,21.21899123865389,7.025843245143856,14.193147993510031,0.5791205269814068,0.563543345766285,0.872469948570186,0.3846659378759333,1.3523322960844182,0.4959349593495935,,
fut,XBRUSD,1990-2007,exp_week,1077,12.9120754892466,5.671164706749014,7.240910782497586,1.0328371755794648,0.30181668157582286,2.1203042275798927,0.03420873829710507,0.9880433957841284,0.5041782729805014,,
fut,XBRUSD,1990-2007,ltd,216,17.143618076964326,6.922437280780856,10.221180796183468,0.7357409544998218,0.4626127761036931,1.2658511044278955,0.20693634149533333,0.9861688493638977,0.48148148148148145,,
fut,XBRUSD,1990-2007,opt_exp,214,-0.45205440163217275,7.812403494229849,-8.264457895862021,-0.6623668274753532,0.5083661665204241,-0.03741171394765967,0.9701917720884363,0.8712926689988613,0.4766355140186916,,
fut,XBRUSD,1990-2007,roll_win,1073,5.302943657870809,8.084585059678679,-2.7816414018078692,-0.3968705937624201,0.6915093431882282,0.8711552476639798,0.38386443792597275,0.9850039562361399,0.4976700838769804,,
fut,XBRUSD,1990-2007,dow0,804,2.2267905559039733,8.555372602499371,-6.328582046595399,-0.7187133060043337,0.47247560478997236,0.27157489850805294,0.7860187049812327,1.1966183850067447,0.4975124378109453,,
fut,XBRUSD,1990-2007,dow1,922,0.4821215204607288,9.219602024997096,-8.737480504536368,-1.2447094749826466,0.21342529882111455,0.07889011952398238,0.9371371589118684,0.9022872671941649,0.46529284164859,,
fut,XBRUSD,1990-2007,dow2,926,5.175803156477859,8.002380321740823,-2.8265771652629637,-0.379157149486316,0.7046269332901233,0.7794005947812963,0.4359431319558952,1.0023147588088348,0.5075593952483801,,
fut,XBRUSD,1990-2007,dow3,910,15.815793526862821,5.268367822669849,10.547425704192973,1.3899219942252359,0.16477551786876965,2.325423725580369,0.020268599998933524,1.021936015198673,0.5252747252747253,,
fut,XBRUSD,1990-2007,dow4,906,12.932895520253025,6.013481606163742,6.919413914089282,0.988537754575861,0.3230445864484568,2.1242024791469323,0.03392381375220627,0.8891019600794138,0.5286975717439294,,
fut,XBRUSD,2008-2024,tom,780,8.861383046469863,-0.21491267338400163,9.076295719853864,0.9013278508695266,0.367616447685751,0.9549035723474979,0.33992268358391586,1.1519828142101525,0.48846153846153845,,
fut,XBRUSD,2008-2024,eia,848,9.392689975047151,-0.5441560851581625,9.936846060205314,1.1163139569415694,0.2644890531611441,1.1871190276658175,0.23551350211120617,0.9920269168590088,0.5400943396226415,,
fut,XBRUSD,2008-2024,pre_hol,147,29.53493121203583,0.47126471260212843,29.0636664994337,1.4844804595922174,0.13968708640989375,1.5360958707783778,0.12667917504982998,1.0056869116849396,0.5986394557823129,,
fut,XBRUSD,2008-2024,post_hol,147,-38.05966744053037,2.990637431143517,-41.05030487167389,-1.7435437192450194,0.08324332490904011,-1.6363903155500472,0.10391178404950188,1.2275745085774077,0.46938775510204084,,
fut,XBRUSD,2008-2024,exp_week,980,-6.281597446210805,3.9717995538279167,-10.253397000038722,-1.2716755417243728,0.20365326242909493,-0.9168144534258134,0.35946566461647295,0.9047156787937461,0.5173469387755102,,
fut,XBRUSD,2008-2024,ltd,196,-19.402669776099856,2.5682223853113313,-21.970892161411186,-1.3335038796912333,0.18376785924114483,-1.2088569685638417,0.22818154858486467,0.9676615293297947,0.4846938775510204,,
fut,XBRUSD,2008-2024,opt_exp,196,17.305285625945416,0.7210441417167558,16.584241484228663,1.0043883673722045,0.316313266126716,1.075724079883206,0.28337981965629283,0.9698873474983064,0.5561224489795918,,
fut,XBRUSD,2008-2024,roll_win,975,-0.663494513877,2.1974358362330353,-2.860930350110035,-0.33676799224091064,0.7363350625064081,-0.08956118545418383,0.9286543424217635,0.996700317110904,0.5230769230769231,,
fut,XBRUSD,2008-2024,dow0,764,-19.248145779549386,6.283704926434564,-25.531850705983953,-2.49648506512732,0.012697550340735029,-2.0349338768413294,0.042202726628943234,1.165534823062296,0.46465968586387435,,
fut,XBRUSD,2008-2024,dow1,841,-3.0743271079900616,2.703326773074371,-5.777653881064433,-0.6492148308426772,0.5163122913358622,-0.38868576270596333,0.6976071129316171,0.9863709547228047,0.5219976218787158,,
fut,XBRUSD,2008-2024,dow2,842,8.330425694433208,-0.2505126254357334,8.580938319868942,0.9423855616013964,0.3461723349946949,1.021226836197437,0.3074406506880444,1.0263670455742877,0.5403800475059383,,
fut,XBRUSD,2008-2024,dow3,826,9.923810307206015,-0.6115664315712425,10.535376738777257,1.218379600230855,0.22329272031309588,1.3048520644635502,0.19230706957334276,0.9296744316930344,0.5387409200968523,,
fut,XBRUSD,2008-2024,dow4,818,10.122383422496949,-0.6354435456554974,10.757826968152445,1.2698358737246367,0.20435792195323543,1.3692104083170227,0.17130978352226972,0.8932998135558784,0.5220048899755502,,
fut,XBRUSD,full,dow_anova,8654,,,,,0.024444482208500443,,,,,,
fut,XNGUSD,full,tom,1592,-5.391127243109814,-2.9952851332245385,-2.395842109885276,-0.30493884460610626,0.7604399841749794,-0.7567629747975984,0.4493039254562255,1.0384688933627575,0.4886934673366834,0.8473474109378342,1.0
fut,XNGUSD,full,eia,1574,-26.133790364428457,1.7702551466611098,-27.904045511089564,-3.3848478996651625,0.000724722173467537,-3.450998566959052,0.0005732898194835177,1.1149442281065436,0.44790343074968236,0.028264164765233944,0.028264164765233944
fut,XNGUSD,full,pre_hol,291,4.875872077582927,-3.74663127319775,8.622503350780677,0.5804002021884568,0.5620578697427826,0.33544366669043446,0.7375329660026113,0.8962143526402477,0.5085910652920962,0.8051189082655851,1.0
fut,XNGUSD,full,post_hol,276,-42.737801320168295,-2.11632274641138,-40.62147857375692,-1.8078989011785582,0.0716757569032523,-1.9194299715051255,0.05596461564886066,1.3605197586130886,0.463768115942029,0.26703400466109006,1.0
fut,XNGUSD,full,exp_week,1998,-8.05958055500007,-2.0130037973301564,-6.046576757669914,-0.8613669343382293,0.38909732216582926,-1.318502027650303,0.18748683970422406,0.9881835659097278,0.484984984984985,0.6791471373282387,1.0
fut,XNGUSD,full,ltd,398,-9.178892852523031,-3.1640435226803336,-6.014849329842697,-0.4393679417001058,0.660610386269198,-0.6881894636029625,0.4917353906781359,0.9633717981057414,0.48743718592964824,0.8051189082655851,1.0
fut,XNGUSD,full,opt_exp,399,-4.181770499920092,-3.411996244316698,-0.7697742556033945,-0.058051430470446995,0.9537337244321608,-0.32428570257007405,0.7458921025681434,0.931223321524827,0.49624060150375937,0.9788319803382702,1.0
fut,XNGUSD,full,roll_win,2007,7.095275253807355,-6.750307029887104,13.845582283694458,2.0623283882301995,0.039247170717181576,1.2406175988116512,0.21489212367474717,0.9102104486336741,0.5057299451918286,0.2608647756995532,1.0
fut,XNGUSD,full,dow0,1576,0.8074394661629692,-4.429097210354959,5.236536676517928,0.5906719913719634,0.5548050205873042,0.09751704219568837,0.9223282087016422,1.2545203633019342,0.49238578680203043,0.8051189082655851,1.0
fut,XNGUSD,full,dow1,1727,-3.863649483177647,-3.3413032834066807,-0.5223461997709664,-0.07299858202146497,0.9418124023725791,-0.6144676740707523,0.5389873159209527,0.9354243792121559,0.49276201505500866,0.9788319803382702,1.0
fut,XNGUSD,full,dow2,1735,2.8606116098914716,-5.086912357927973,7.9475239678194445,1.1036311131956285,0.26984738547501336,0.4509621525891282,0.6520732129666701,0.9483021171251436,0.4904899135446686,0.619061649030913,1.0
fut,XNGUSD,full,dow3,1705,-20.265472321357635,0.8240396345939038,-21.089511955951536,-2.7264421594025285,0.0064462630655439885,-2.9013614232862572,0.003763142957207469,1.059337396061561,0.46686217008797654,0.08380141985207185,0.23851173342512758
fut,XNGUSD,full,dow4,1673,3.566626959577369,-5.18900596522735,8.755632924804718,1.3248761637925741,0.18531014431566145,0.6350223087856464,0.5255007528573532,0.8033110776684322,0.4943215780035864,0.48764428838475343,1.0
fut,XNGUSD,1990-2007,tom,823,1.854172996081438,2.6495590335901875,-0.7953860375087496,-0.07500950826988034,0.9402194614031699,0.19349514541787263,0.8466190093261089,1.0176040230973677,0.4957472660996355,,
fut,XNGUSD,1990-2007,eia,729,-16.872827214861353,6.385722177853113,-23.258549392714468,-1.9318248275361334,0.05367436091898241,-1.5045475853499992,0.13287413546669502,1.1466795226998823,0.46227709190672156,,
fut,XNGUSD,1990-2007,pre_hol,144,17.700773667499337,1.9806854578251676,15.72008820967417,0.7894280565614055,0.43105586423442327,0.9092583727029416,0.36474369686440145,0.8581720648072825,0.5138888888888888,,
fut,XNGUSD,1990-2007,post_hol,131,-6.884553477740784,2.79000469288004,-9.674558170620825,-0.2966095922899878,0.7672230436423638,-0.21276803349425122,0.8318411757308921,1.3849214107019805,0.4961832061068702,,
fut,XNGUSD,1990-2007,exp_week,1034,-13.569104671131724,7.490500926594921,-21.059605597726645,-2.1481348679812684,0.03184568454962592,-1.5731652689483318,0.11598676468754941,1.0315679595100822,0.4748549323017408,,
fut,XNGUSD,1990-2007,ltd,207,-22.082990285563884,3.7239177920587134,-25.806908077622598,-1.398538753744513,0.16330268624613123,-1.2291966095234421,0.22040029290572205,0.9516796089539861,0.47342995169082125,,
fut,XNGUSD,1990-2007,opt_exp,206,-17.184489859604305,3.4749647018914542,-20.65945456149576,-1.0976238981193327,0.2735310618101266,-0.9367255236028673,0.3500019750474055,0.9702065760738611,0.48058252427184467,,
fut,XNGUSD,1990-2007,roll_win,1043,10.553871386437404,-0.03080256065359161,10.584673947090996,1.1586871978858733,0.24672888462606474,1.3587526207005625,0.17451903747548017,0.9054611232448618,0.5119846596356663,,
fut,XNGUSD,1990-2007,dow0,824,-5.140746908137152,4.2784399002512865,-9.41918680838844,-0.7617872778607019,0.44635684635283934,-0.4431208061395482,0.6577948085917009,1.3087813358289206,0.4830097087378641,,
fut,XNGUSD,1990-2007,dow1,899,7.220035804535646,1.2744258563529858,5.9456099481826605,0.6106631149195484,0.5415163930795228,0.845029885680004,0.39831923466702357,0.9323749750849845,0.4994438264738598,,
fut,XNGUSD,1990-2007,dow2,898,1.6558464254685323,2.718174102341572,-1.0623276768730394,-0.10767404798147644,0.914269138259833,0.19027745717310857,0.8491347698479019,0.9529704143692423,0.4888641425389755,,
fut,XNGUSD,1990-2007,dow3,882,-8.721368512411232,5.342622919457339,-14.063991431868569,-1.3529691172063318,0.17629488893654366,-0.9338964997298967,0.3506131675554994,1.0296453231990792,0.4931972789115646,,
fut,XNGUSD,1990-2007,dow4,860,17.27428320533456,-1.1277362837292129,18.402019489063772,2.079277281821962,0.03774703473050137,2.317197586248888,0.020727266614642092,0.7743882632732251,0.5209302325581395,,
fut,XNGUSD,2008-2024,tom,769,-13.145200190904877,-9.08016587333542,-4.065034317569458,-0.3488888210516162,0.7272389089435767,-1.240339286391513,0.2152287241111807,1.0593790082173504,0.4811443433029909,,
fut,XNGUSD,2008-2024,eia,845,-34.12342602837452,-3.4581136785732243,-30.66531234980129,-2.7001114911436104,0.007025274409771535,-3.324758411564171,0.0009231143556753057,1.0832707253446334,0.43550295857988164,,
fut,XNGUSD,2008-2024,pre_hol,147,-7.687296826824988,-9.932895811903762,2.245598985078775,0.10194173926556227,0.9189313745327033,-0.3564960999715151,0.7219837420491877,0.9293658249212855,0.5034013605442177,,
fut,XNGUSD,2008-2024,post_hol,145,-75.12935626746486,-7.42941837667783,-67.69993789078704,-2.193656201243071,0.02979826846821792,-2.459798418661952,0.015085373714231118,1.3297141503035201,0.43448275862068964,,
fut,XNGUSD,2008-2024,exp_week,964,-2.1499872603111387,-12.254883766882301,10.104896506571164,1.005128095718352,0.31497921678433843,-0.24838175210470523,0.8038920072171734,0.9457190697967822,0.495850622406639,,
fut,XNGUSD,2008-2024,ltd,191,4.806176093233285,-10.576360255993508,15.382536349226793,0.7562300690181983,0.45035784611875423,0.24233915923128724,0.8087787587756483,0.9756861327518509,0.5026178010471204,,
fut,XNGUSD,2008-2024,opt_exp,193,9.696779697463057,-10.828860662292678,20.525640359755737,1.100699992548848,0.2722473128681412,0.5361155938382218,0.5924992203007833,0.8911467840024366,0.5129533678756477,,
fut,XNGUSD,2008-2024,roll_win,964,3.353246450557212,-13.972306006208004,17.325552456765216,1.7529559566999986,0.07978586805318742,0.3974136042953718,0.6911505537521745,0.9157944906258938,0.49896265560165975,,
fut,XNGUSD,2008-2024,dow0,752,7.325133046513102,-13.764442207154566,21.089575253667668,1.6588607083110067,0.09745714292373006,0.6199613080845278,0.5354713177496195,1.201723377279238,0.5026595744680851,,
fut,XNGUSD,2008-2024,dow1,828,-15.897747398219014,-8.299097311353187,-7.598650086865827,-0.7220897786030012,0.47036423178360504,-1.7172716590323565,0.08630393537590249,0.9375229227186858,0.4855072463768116,,
fut,XNGUSD,2008-2024,dow2,837,4.153179274899594,-13.49631054972958,17.649489824629175,1.6763629423664914,0.09389620194521725,0.4483121208106849,0.6540441181929797,0.9447381232504379,0.4922341696535245,,
fut,XNGUSD,2008-2024,dow3,823,-32.63716072900129,-4.0456781408270315,-28.591482588174255,-2.484266929484152,0.013117444504262213,-3.126192827707691,0.0018331409227660893,1.0878682383342044,0.43863912515188336,,
fut,XNGUSD,2008-2024,dow4,813,-10.933476818222362,-9.579940438773022,-1.3535363794493402,-0.13749685814376264,0.8906569727113473,-1.297810316147942,0.19472106315527718,0.8286821093913157,0.4661746617466175,,
fut,XNGUSD,full,dow_anova,8416,,,,,0.06863120895207547,,,,,,
spot,XTIUSD,full,tom,1652,8.491566281929755,4.967635715578584,3.5239305663511704,0.4483463603758882,0.6539446207708239,1.1823961884947738,0.2372187900740429,1.0746877742447551,0.49818401937046003,,
spot,XTIUSD,full,eia,1865,12.491171402288044,3.7979732622232643,8.69319814006478,1.170657182740601,0.2418359823009404,1.870213725272511,0.06161076473934458,1.0607074676796198,0.5201072386058981,,
spot,XTIUSD,full,pre_hol,305,31.791912531910643,4.692560399881051,27.099352132029594,1.8750330773726007,0.061666734064226465,2.2481640571654493,0.025282092753844368,0.8934804217097647,0.5770491803278689,,
spot,XTIUSD,full,post_hol,269,-2.9203371036388015,5.889678429911913,-8.810015533550715,-0.4594245169319613,0.646284314503669,-0.1541313537548651,0.8776221694394415,1.1328008462021768,0.49814126394052044,,
spot,XTIUSD,full,exp_week,2136,4.69656177111394,5.916145976543111,-1.2195842054291715,-0.17875965630922763,0.858136479453017,0.7907916586477973,0.4291534108983756,0.9951685040779062,0.5145131086142322,,
spot,XTIUSD,full,ltd,423,-5.159669400085973,6.161984298433831,-11.321653698519803,-0.7261656859235487,0.46811107503416516,-0.3371206940957786,0.7361935210464482,1.1514362174465702,0.4846335697399527,,
spot,XTIUSD,full,opt_exp,426,4.345510737371896,5.687257202493718,-1.3417464651218214,-0.0999303448290653,0.9204421696407582,0.33202969377348934,0.7400305218288997,0.9795554378355834,0.5258215962441315,,
spot,XTIUSD,full,roll_win,2121,5.307746123310227,5.7217624523541755,-0.41401632904394847,-0.06578463803958753,0.947552473423688,1.0107022664795104,0.31227429028382814,0.847934609879779,0.5143800094295143,,
spot,XTIUSD,full,dow0,1655,-5.01582030862764,8.058540822187165,-13.074361130814806,-1.609559441407016,0.10763261728485542,-0.670150214811158,0.5028555874362329,1.1345975954386667,0.4906344410876133,,
spot,XTIUSD,full,dow1,1826,-1.8131199143483414,7.546722294759472,-9.359842209107814,-1.3026082636091867,0.19281318171180845,-0.28374869938816716,0.77663515709676,0.9889723136070405,0.49780941949616647,,
spot,XTIUSD,full,dow2,1839,11.937836192489963,3.974496555688183,7.96333963680178,1.0629252110395992,0.28790952658796226,1.766763312671929,0.07743381821121711,1.0667452423226338,0.523110386079391,,
spot,XTIUSD,full,dow3,1802,15.233753893377132,3.1774618013197813,12.056292092057351,1.6736005068581636,0.09432005614612485,2.3757291257543085,0.0176184100179393,0.9852388483639106,0.5355160932297447,,
spot,XTIUSD,full,dow4,1762,6.901840688613206,5.3065102077331945,1.5953304808800126,0.2447992203711993,0.8066276787860784,1.2380313474273184,0.21586946177032848,0.8215907889314595,0.5187287173666288,,
spot,XTIUSD,1990-2007,tom,616,0.46663105859532,6.442207881306404,-5.975576822711083,-0.5897007606093339,0.5555229557692852,0.05239960348030025,0.9582273053347259,0.8650950282416415,0.5081168831168831,,
spot,XTIUSD,1990-2007,eia,719,6.992715184164546,4.926116370133093,2.0665988140314533,0.20157867800758603,0.8402812687497799,0.7742624294569918,0.43903048926299054,0.9625954515749511,0.5146036161335188,,
spot,XTIUSD,1990-2007,pre_hol,111,18.3846111087668,4.923687383569633,13.460923725197171,0.7346893824761511,0.4639190023723657,1.033366491612543,0.30369899511742515,0.745503100770629,0.5945945945945946,,
spot,XTIUSD,1990-2007,post_hol,89,26.445002207493136,4.796771298654807,21.64823090883833,0.6658940845504855,0.5071601974629467,0.8206678163912999,0.41405307166675215,1.225801727108443,0.5617977528089888,,
spot,XTIUSD,1990-2007,exp_week,808,3.128817710908279,6.056155548572426,-2.927337837664147,-0.2725694298313595,0.7852302679953502,0.32461924490477984,0.7455533871640633,1.1341655423803276,0.5012376237623762,,
spot,XTIUSD,1990-2007,ltd,158,-8.795506362630869,6.050393582153192,-14.84589994478406,-0.5958338755325201,0.5520934375591483,-0.35843842669910225,0.7204967471672401,1.2517448953624013,0.44936708860759494,,
spot,XTIUSD,1990-2007,opt_exp,162,8.605860544997133,5.200227889221399,3.405632655775735,0.12414825997667711,0.9013453075904111,0.3176087508573557,0.7511932759860454,1.413788772349723,0.5370370370370371,,
spot,XTIUSD,1990-2007,roll_win,825,3.42587179500944,5.980543904691989,-2.5546721096825484,-0.28581202622484647,0.7750568393660002,0.4682627742698061,0.6397205224690119,0.8052172934795756,0.49333333333333335,,
spot,XTIUSD,1990-2007,dow0,639,-2.9383354596162072,7.277604007005038,-10.215939466621245,-0.8120763831015841,0.41697897856521304,-0.2502110631915121,0.8025046779961844,1.2505857653356662,0.47417840375586856,,
spot,XTIUSD,1990-2007,dow1,701,-2.413900240513562,7.375778797673514,-9.789679038187076,-0.9837101719987154,0.32545864346298004,-0.27854412598993,0.7806769588383018,0.9013875226822795,0.4764621968616263,,
spot,XTIUSD,1990-2007,dow2,703,7.273130646428854,4.865463324311538,2.407667322117316,0.23155360639987818,0.8169270938233892,0.7897089390963306,0.4299644242885963,0.9728074318892485,0.519203413940256,,
spot,XTIUSD,1990-2007,dow3,693,17.233481669728203,2.331965502607938,14.901516167120265,1.3463090732193146,0.17850177493083416,1.721225413635261,0.08565688003098815,1.0720714399063485,0.5468975468975469,,
spot,XTIUSD,1990-2007,dow4,672,7.125023694100937,4.929120326851742,2.195903367249195,0.2329026692205076,0.8158756019603393,0.8877656285941183,0.3749849372858014,0.8038851658357524,0.5223214285714286,,
spot,XTIUSD,2008-2024,tom,795,17.568013904008975,3.1029984556353063,14.465015448373668,1.1203593993800853,0.26281274175537156,1.4673226095501433,0.14268429357404072,1.2031702673911042,0.4968553459119497,,
spot,XTIUSD,2008-2024,eia,867,18.712776008453776,2.4866378929575665,16.22613811549621,1.326506111457901,0.18492093054508646,1.6696754322469085,0.0953449913418321,1.1720941069555315,0.5224913494809689,,
spot,XTIUSD,2008-2024,pre_hol,148,58.15979281671566,3.936858051558962,54.222934765156694,2.319793051807208,0.021622446074314686,2.538220439050099,0.01218297522201147,0.95246952093614,0.6148648648648649,,
spot,XTIUSD,2008-2024,post_hol,143,-9.52562841105589,6.40955435111093,-15.935182762166821,-0.6161406976112966,0.5387267283385314,-0.3742848596259613,0.7087507130273462,1.0425732897857336,0.4755244755244755,,
spot,XTIUSD,2008-2024,exp_week,1002,4.406490872727135,6.323721324365499,-1.917230451638364,-0.1891259219598041,0.8500152873501483,0.509847724021092,0.6102705370401296,0.91789593554487,0.5229540918163673,,
spot,XTIUSD,2008-2024,ltd,199,3.4623115846709345,5.983085141315492,-2.520773556644557,-0.11296927269306495,0.9101597495740954,0.15861443823664254,0.8741343135287238,1.0561413530468873,0.5175879396984925,,
spot,XTIUSD,2008-2024,opt_exp,201,6.54209272812392,5.82827060205156,0.7138221260723601,0.045868550308896965,0.9634528475530896,0.44095713561337485,0.6597203155411328,0.7108548450174897,0.5373134328358209,,
spot,XTIUSD,2008-2024,roll_win,989,-3.799389412725844,8.869565127525252,-12.668954540251097,-1.3167736980306257,0.18806741480885636,-0.47693332987207915,0.6335150675244223,0.8237340418400169,0.5136501516683518,,
spot,XTIUSD,2008-2024,dow0,773,-8.609344296872226,9.158781669879676,-17.768125966751903,-1.527188791027783,0.12698866100830672,-0.8202164669779384,0.41234588831504326,0.998124467967421,0.49676584734799484,,
spot,XTIUSD,2008-2024,dow1,856,3.1534865935342893,6.563122114776212,-3.4096355212419236,-0.30087213151068715,0.7635596336404844,0.311011268144793,0.7558678636291151,1.018609282820667,0.5151869158878505,,
spot,XTIUSD,2008-2024,dow2,858,17.529277683243663,2.8376432740605404,14.691634409183122,1.1927573689709612,0.23320077672633285,1.5506395703373124,0.12135727268527588,1.176857649707951,0.5233100233100233,,
spot,XTIUSD,2008-2024,dow3,845,8.86979544764307,5.0978039412495475,3.7719915063935225,0.33993989469405367,0.7339553953733771,0.8999707481420793,0.36839252330060435,0.9750395331161856,0.5254437869822485,,
spot,XTIUSD,2008-2024,dow4,835,7.006494680269239,5.576068063644831,1.4304266166244077,0.1420851803731707,0.8870316058680128,0.8149569591867801,0.4153296020693672,0.8216478956011011,0.5245508982035928,,
spot,XTIUSD,full,dow_anova,8884,,,,,0.13606577266852338,,,,,,
spot,XBRUSD,full,tom,1521,10.400232672122483,2.8701305801272268,7.530102091995257,0.9832945026467629,0.3255721305643863,1.4878849991154717,0.13698864184796272,1.0670918517094024,0.5134779750164365,,
spot,XBRUSD,full,eia,1734,9.42607178566053,2.8833404982700466,6.542731287390485,0.9203579039511363,0.3574685856148119,1.485054082612547,0.13771136728619937,1.0275541899556886,0.5023068050749712,,
spot,XBRUSD,full,pre_hol,293,16.13461695139697,3.8283160651396058,12.306300886257365,0.9005961896604393,0.368478939573363,1.2087462728005287,0.2277382253509027,0.8794862998212591,0.5255972696245734,,
spot,XBRUSD,full,post_hol,121,9.296615038345438,4.19317936714921,5.103435671196227,0.17987155121716786,0.857550622074945,0.3293515446759699,0.7424641466787645,1.2039283446687317,0.5041322314049587,,
spot,XBRUSD,full,exp_week,1924,2.794012682224794,4.721349239158359,-1.927336556933565,-0.30623157006947216,0.7594461038622793,0.5250742187893884,0.5995921270303824,0.8773082823658266,0.5057172557172557,,
spot,XBRUSD,full,ltd,395,-11.404765467089694,5.062801423049033,-16.467566890138727,-1.297242428639693,0.19522788467324684,-0.9234888694966645,0.3563176967566507,0.9462678846424808,0.49873417721518987,,
spot,XBRUSD,full,opt_exp,377,-0.6003362858571031,4.503517408541522,-5.103853694398625,-0.4380353845247367,0.661581069190475,-0.05325543022292662,0.9575566742796935,0.8401721856105938,0.4986737400530504,,
spot,XBRUSD,full,roll_win,1968,5.2211665758951264,3.9672772278696833,1.2538893480254434,0.1940845312830833,0.8461209417450376,0.9432455427618113,0.3456711596528322,0.9344461400644852,0.510670731707317,,
spot,XBRUSD,full,dow0,1532,-9.563990154672364,7.451440019544134,-17.015430174216498,-2.2389305496442398,0.02525997090893805,-1.381407294424952,0.16735532918238305,1.0595733877667242,0.4751958224543081,,
spot,XBRUSD,full,dow1,1580,-4.6594872671956225,6.402669382047787,-11.06215664924341,-1.5233908316851081,0.12779352624155954,-0.7137395537425576,0.4754937246248728,1.0037314986053139,0.4962025316455696,,
spot,XBRUSD,full,dow2,1706,7.01616455714848,3.545662862225705,3.470501694922775,0.48441342178479085,0.6281330992558023,1.0939691322491099,0.274123043001461,1.0303209409611143,0.4988276670574443,,
spot,XBRUSD,full,dow3,1707,16.868311716835574,0.9510175277693128,15.917294189066263,2.2280802009074527,0.025959664822374117,2.6399305567547287,0.008367881744489608,1.0262123463633825,0.5371997656707674,,
spot,XBRUSD,full,dow4,1665,9.735671289585763,2.873526748813253,6.862144540772512,1.0428143189201562,0.2971222458014174,1.7066160313477587,0.08808002281789834,0.8785557399908842,0.512912912912913,,
spot,XBRUSD,1990-2007,tom,560,8.859331046955784,2.858472761900909,6.000858285054875,0.553268371073683,0.5802208516419466,0.9173830671283465,0.35933756467695144,0.9335679276336414,0.5142857142857142,,
spot,XBRUSD,1990-2007,eia,632,-0.7651780139601453,5.226715817213112,-5.9918938311732575,-0.5686213162406143,0.5697374245262069,-0.08247794218404415,0.9342928140157458,0.9554960848858172,0.4699367088607595,,
spot,XBRUSD,1990-2007,pre_hol,101,16.310772620256888,3.5447251972580487,12.766047422998838,0.637660806122881,0.5250084302704249,0.8361578999369921,0.4050596459270634,0.805825340626191,0.5643564356435643,,
spot,XBRUSD,1990-2007,post_hol,32,46.53491564379712,3.5158185312947645,43.01909711250235,0.9117950725023356,0.3687909200652263,0.9906717130194055,0.3295159589995383,1.0999630653464114,0.59375,,
spot,XBRUSD,1990-2007,exp_week,694,8.938750696342863,2.4887514852778514,6.449999211065013,0.613899475641882,0.5394051920757923,0.9677803579834402,0.3334916970746568,1.0078803118934365,0.4956772334293948,,
spot,XBRUSD,1990-2007,ltd,150,1.9901539795048235,4.0756026283549325,-2.085448648850109,-0.1034637153478954,0.9177204746078277,0.10131347894107011,0.9194378228780938,0.9943968218120754,0.54,,
spot,XBRUSD,1990-2007,opt_exp,135,-2.1582316654743487,4.259005449145582,-6.4172371146199305,-0.3564794943249893,0.7219734228941581,-0.12388765208175134,0.9015898700764863,0.8310989874987055,0.45925925925925926,,
spot,XBRUSD,1990-2007,roll_win,711,0.7766397487576235,4.956723265574774,-4.180083516817151,-0.4008005631059245,0.6886400848436154,0.08497488608237393,0.9323053112539004,1.0099786184903694,0.4838255977496484,,
spot,XBRUSD,1990-2007,dow0,572,-8.36261062404906,6.85640421586416,-15.219014839913218,-1.216287620705289,0.22424821360844435,-0.7212815322204429,0.47103153663035,1.1914600375911808,0.458041958041958,,
spot,XBRUSD,1990-2007,dow1,571,-2.0060532120476706,5.366901438139312,-7.3729546501869825,-0.7481957007843013,0.45451454048303935,-0.23720459753563766,0.8125832981317783,0.8076482322643317,0.47810858143607704,,
spot,XBRUSD,1990-2007,dow2,620,0.720222290934434,4.8126829085355824,-4.092460617601148,-0.3843595646039612,0.7007942060305733,0.07652039713579267,0.9390298123324938,0.961411965375776,0.4629032258064516,,
spot,XBRUSD,1990-2007,dow3,636,16.555278369892434,0.6121722887473082,15.943106081145126,1.3681830029772077,0.17159206897516954,1.5592804260479023,0.11942824392718676,1.142441524571026,0.539308176100629,,
spot,XBRUSD,1990-2007,dow4,619,11.212481797176126,2.103720384575095,9.108761412601032,0.8991533096381246,0.3687742217328882,1.277060491939195,0.20206048836209625,0.8825314769130423,0.5363489499192245,,
spot,XBRUSD,2008-2024,tom,773,16.559060718961113,1.2677121740924286,15.291348544868683,1.2774653456541658,0.2017214137936507,1.4949812071891146,0.13532798386523912,1.167554741197114,0.5239327296248383,,
spot,XBRUSD,2008-2024,eia,879,17.2612863114534,0.583684288531059,16.67760202292234,1.543560929029837,0.12293572524790229,1.7729581043549971,0.07658229711410297,1.0770029332331745,0.5335608646188851,,
spot,XBRUSD,2008-2024,pre_hol,152,15.0850387496022,3.698314521105684,11.386724228496517,0.5244349679348689,0.6006855747226604,0.7089175317269598,0.47946872733539275,0.9610950337526581,0.5131578947368421,,
spot,XBRUSD,2008-2024,post_hol,82,-4.467825148784779,4.288239695758543,-8.756064844543321,-0.23587083619816904,0.8141127855683479,-0.12115159469581187,0.903871002199877,1.2312288452268174,0.4634146341463415,,
spot,XBRUSD,2008-2024,exp_week,984,-4.720470411595948,6.860571059315307,-11.581041470911256,-1.3037763146058126,0.1924591770571089,-0.6465380552036378,0.5180818815578748,0.8044213307148054,0.5071138211382114,,
spot,XBRUSD,2008-2024,ltd,199,-30.015605327473565,5.833904635629656,-35.84950996310322,-1.8874841383419676,0.06040915706788598,-1.62334720357279,0.1061062037107758,0.9552324942774016,0.47738693467336685,,
spot,XBRUSD,2008-2024,opt_exp,193,-2.0943187917767108,4.418061947108153,-6.512380738884863,-0.38576501319868617,0.7000427214550594,-0.12842598405429287,0.8979462900430814,0.8249432381683236,0.5025906735751295,,
spot,XBRUSD,2008-2024,roll_win,1003,0.6973945162545729,5.204256340545688,-4.506861824291115,-0.4864916149178694,0.6266750475587367,0.08938084900609301,0.9287971045468774,0.8818506203420122,0.5194416749750748,,
spot,XBRUSD,2008-2024,dow0,772,-9.144718257970684,7.144778974547065,-16.28949723251775,-1.5363386161992727,0.12472272002092774,-0.9632771579880278,0.33571047146160965,0.9609942246431105,0.48704663212435234,,
spot,XBRUSD,2008-2024,dow1,813,-8.157663126168314,7.104453499525465,-15.26211662569378,-1.3447628624969399,0.17896596189020753,-0.7867424160231639,0.43166221820640516,1.1089818510277056,0.5202952029520295,,
spot,XBRUSD,2008-2024,dow2,867,11.621346321080452,2.133610962078079,9.487735359002372,0.8681401851872069,0.3854804787717981,1.1760402394405876,0.2399019855212284,1.0877204801454727,0.5282583621683967,,
spot,XBRUSD,2008-2024,dow3,858,16.0077704241021,1.0166470197271662,14.991123404374937,1.4637789249120328,0.14348317285397494,1.767502678103954,0.0774998968619518,0.9668582870074992,0.5431235431235432,,
spot,XBRUSD,2008-2024,dow4,841,8.28063494924259,3.056940080824213,5.223694868418376,0.5392381777088529,0.5898048438202843,0.988143737610085,0.3233667990163864,0.8691884407425192,0.49227110582639716,,
spot,XBRUSD,full,dow_anova,8190,,,,,0.023919747643171174,,,,,,
spot,XNGUSD,full,tom,964,17.78919635780449,10.183748527789586,7.605447830014902,0.3378581355892084,0.7355228355163319,0.8607471354095149,0.3895915749415274,1.112809666219919,0.4367219917012448,,
spot,XNGUSD,full,eia,1066,-22.850237043698257,20.624455356584775,-43.47469240028303,-2.3306502679683057,0.019877368167770377,-1.4221061185669974,0.15528824048180676,0.8673544254870221,0.4202626641651032,,
spot,XNGUSD,full,pre_hol,183,-32.07906089495444,13.222422556126922,-45.30148345108136,-0.8076800509749998,0.4202838323783376,-0.5782629943410811,0.5638014080802118,1.2882113266030837,0.31693989071038253,,
spot,XNGUSD,full,post_hol,157,114.31597772865385,8.374537396890442,105.9414403317634,1.183967346727053,0.23819826235085892,1.2826933209990925,0.20150211736048315,1.977591111350694,0.4585987261146497,,
spot,XNGUSD,full,exp_week,1225,-13.595840232817737,19.49469028976056,-33.0905305225783,-1.7531185094789108,0.07972614336966923,-0.8337533776804253,0.40458264599466565,0.9594429526392535,0.4269387755102041,,
spot,XNGUSD,full,ltd,250,-28.92950073566368,13.682003286325198,-42.61150402198888,-1.3038349091858472,0.19333747162352427,-0.9166364739271732,0.36022008867702743,0.840751975362641,0.42,,
spot,XNGUSD,full,opt_exp,241,-6.0962869259097845,12.480715926254058,-18.577002852163844,-0.4839694480080769,0.6288074389065526,-0.16279058272222752,0.8708203076723169,0.9857695474966389,0.47717842323651455,,
spot,XNGUSD,full,roll_win,1230,35.305949190151814,4.157500737819969,31.148448452331845,1.6145252436166226,0.10656711000858259,2.096639812045638,0.03622946552296645,1.0030177949268466,0.46504065040650405,,
spot,XNGUSD,full,dow0,963,124.36580350377,-14.379599302209161,138.74540280597915,6.246792158830499,5.597192510655541e-10,6.113301135619689,1.4166435044879318e-09,1.095694088371,0.5306334371754933,,
spot,XNGUSD,full,dow1,1053,53.05873282290709,0.9333310242121976,52.12540179869489,2.4068307854621613,0.016210265943288258,2.693441591177423,0.0071843345461919976,1.1110275432471999,0.49477682811016144,,
spot,XNGUSD,full,dow2,1053,48.67227942356484,2.063207596987978,46.60907182657686,2.5304142860624985,0.011473438235510168,3.0841198858695558,0.002094801539708258,0.8432466318581624,0.49097815764482433,,
spot,XNGUSD,full,dow3,1035,-32.62823105329399,22.760964936595204,-55.38919598988919,-2.925904860966973,0.0034781529460435638,-1.9866590557407044,0.04722379741775918,0.8758643176612407,0.41642512077294686,,
spot,XNGUSD,full,dow4,1037,-128.66972289296578,47.05575183467499,-175.7254747276408,-8.510567400200488,3.980039487995567e-17,-6.939665096052831,6.918095955600203e-12,1.0257415895010902,0.31822565091610416,,
spot,XNGUSD,1990-2007,tom,89,13.524463249818407,23.554178273354864,-10.029715023536458,-0.18035512404950904,0.8571272349731451,0.27630651660631284,0.7829605387151243,0.8536218553830915,0.449438202247191,,
spot,XNGUSD,1990-2007,eia,92,52.84902632672657,14.95041170739577,37.89861461933081,0.6952282653963899,0.4879656223469566,1.1100667912362523,0.26989496930028717,0.8422043864356074,0.5217391304347826,,
spot,XNGUSD,1990-2007,exp_week,124,40.35629727344402,15.824029200352781,24.53226807309124,0.41117574618591224,0.6814276123830869,0.74896647547558,0.4553073251410282,1.193546214189663,0.4112903225806452,,
spot,XNGUSD,1990-2007,ltd,29,-60.41602130924834,26.767701504189755,-87.1837228134381,-1.4679637927833749,0.14980867480658566,-1.1173623047543009,0.2733356807720272,0.5409140980372261,0.3793103448275862,,
spot,XNGUSD,1990-2007,opt_exp,25,234.96485782186227,10.78989805474447,224.1749597671178,1.0482025991964072,0.30476989145736366,1.1045079389251247,0.28032365949228266,2.1987239589678245,0.56,,
spot,XNGUSD,1990-2007,roll_win,120,33.892684749620756,18.07020548608841,15.822479263532346,0.30427745856192895,0.7612062566603378,0.7670989298168734,0.4445419563499279,0.8949413072772721,0.5583333333333333,,
spot,XNGUSD,1990-2007,dow0,104,109.33319624378841,-0.6770871736076879,110.0102834173961,1.769632725082436,0.07886027266974847,1.9275777742016789,0.056662131921604554,1.1296948824278248,0.5192307692307693,,
spot,XNGUSD,1990-2007,dow1,108,53.44657669407233,13.277311274521368,40.16926541955096,0.5920398951230047,0.5547783362874606,0.8438071481814954,0.40065970037758614,1.3515199234842372,0.5648148148148148,,
spot,XNGUSD,1990-2007,dow2,96,93.11242827235684,5.224307481589889,87.88812079076695,1.7660710338668963,0.0790392034210476,2.230556768859332,0.02806407478017931,0.7428759107469731,0.5416666666666666,,
spot,XNGUSD,1990-2007,dow3,90,-24.23600683003398,31.688956369322046,-55.92496319935603,-0.991658523995842,0.3230386725607154,-0.48585681860051544,0.6282627423281376,0.8787700686793211,0.4222222222222222,,
spot,XNGUSD,1990-2007,dow4,111,-115.35137916859567,60.05134470290704,-175.4027238715027,-3.5295549420650283,0.0005093368635357762,-2.777299703471002,0.006445441859540321,0.8038240547837067,0.3333333333333333,,
spot,XNGUSD,2008-2024,tom,796,15.41658386060773,10.535685494047733,4.880898366559996,0.20393620848357205,0.8384412872354092,0.6988939347996743,0.4848227222955224,1.147017923490787,0.43090452261306533,,
spot,XNGUSD,2008-2024,eia,884,-39.213158047121524,24.92629667569999,-64.13945472282151,-3.2859676828837014,0.0010389497338473659,-2.3330470792077276,0.01986942419379205,0.8730810991279133,0.3993212669683258,,
spot,XNGUSD,2008-2024,pre_hol,150,-62.63526531983208,14.195990351649636,-76.83125567148171,-1.3802195658205743,0.1694870274219114,-1.1391627724414888,0.2564633778141558,1.2162722179115755,0.32,,
spot,XNGUSD,2008-2024,post_hol,126,128.85557172613267,7.836588881545054,121.0189828445876,1.2978718364458197,0.19668270829843226,1.3875501180321428,0.16774275166312697,1.943106713851162,0.4603174603174603,,
spot,XNGUSD,2008-2024,exp_week,1002,-12.133553021076288,18.827385023952978,-30.960938045029263,-1.6593312770747037,0.09721217386880161,-0.7760459915797052,0.4379051456747962,0.8581203009343826,0.4301397205588822,,
spot,XNGUSD,2008-2024,ltd,202,-6.3476628251338125,12.355952824451032,-18.703615649584847,-0.5906514961631965,0.5553168492097704,-0.20889712338650804,0.8347400983702445,0.7655761397316866,0.42574257425742573,,
spot,XNGUSD,2008-2024,opt_exp,197,-31.182811149178942,13.551817798682023,-44.73462894786097,-1.3546507230946132,0.17687098148572633,-0.980497268833114,0.32804943153626037,0.7923611956248052,0.4467005076142132,,
spot,XNGUSD,2008-2024,roll_win,1008,42.812082718139266,1.5883359306178426,41.22374678752142,1.9351469819089369,0.053153554705655276,2.2511634173383204,0.024590158814910834,1.1116916124267908,0.45337301587301587,,
spot,XNGUSD,2008-2024,dow0,780,128.09127936966055,-15.064363521461377,143.15564289112191,5.9556334915450515,3.5160382415797113e-09,5.770515013776145,1.1403573083397671e-08,1.1478256835202545,0.5243589743589744,,
spot,XNGUSD,2008-2024,dow1,856,64.5968870945539,-2.103310770189455,66.70019786474336,2.9683661210354355,0.003050994349057367,3.1690251144623205,0.0015839014371220868,1.0890177861661106,0.49649532710280375,,
spot,XNGUSD,2008-2024,dow2,869,41.54948977432999,3.631824129251707,37.91766564507829,2.023155459528402,0.04321945492820426,2.6243978526474265,0.008832757601108304,0.8050067411973094,0.48331415420023016,,
spot,XNGUSD,2008-2024,dow3,860,-38.57557801242249,24.303112871763,-62.87869088418548,-3.1624181986670896,0.00159663180577512,-2.23383498880616,0.02575061400676538,0.8878039859634629,0.40581395348837207,,
spot,XNGUSD,2008-2024,dow4,845,-130.05587189912433,46.99484183788493,-177.05071373700926,-8.21213029669517,5.249148356477211e-16,-6.722264162732461,3.292726797681443e-11,1.0190589041872187,0.31952662721893493,,
spot,XNGUSD,full,dow_anova,5141,,,,,6.187315225238168e-23,,,,,,
