name,start,end,years,ann_ret,cagr,ann_vol,sharpe,sortino,max_dd,calmar,skew,t_stat,hit_rate,turnover_py,cost_py,gross_sharpe,avg_abs_pos,time_in_mkt,symbol,dataset,is_sharpe,oos_sharpe,sr_1990-1999,sr_2000-2009,sr_2010-2019,sr_2020-2029,family,lag,cost_mult,window_start,window
wf_seasonal_N5_sign,1995-10-31,2024-03-28,28.4,-0.03553471020096298,-0.04647385870750287,0.15508457282496196,-0.22913117374395228,-0.33021145207143726,-0.8752117237791243,-0.05310013273911696,-0.25039014006824184,-1.2209242744611646,0.49930109029913333,5.7757728267839505,0.01649688366114176,-0.1227550596635603,0.5888451761218328,0.9998602375960867,XTIUSD,fut,0.33347517586266984,-0.6553600913590389,0.54,0.15,-0.58,-1.09,B_wf_seasonal,1,1.0,1995-10-31,own
wf_seasonal_N5_sign,1995-10-31,2024-03-28,28.9,-0.04276418623494282,-0.053158944398421504,0.1538222218948108,-0.27801045718990147,-0.4060047208017997,-0.8535283414319015,-0.06228140510160526,-0.2435092886676843,-1.4941586770298725,0.49278747080642943,4.617124887942389,0.014039483474526207,-0.1867440181199877,0.5052254507886906,1.0,XBRUSD,fut,0.0024336805311218237,-0.48573826182952085,0.3,-0.12,-0.51,-0.66,B_wf_seasonal,1,1.0,1995-10-31,own
wf_seasonal_N5_sign,1995-10-31,2024-03-28,28.3,-0.02635332338631286,-0.03728806919218486,0.1526203530269221,-0.17267240485064375,-0.26728231967536137,-0.7535619330059995,-0.04948242149578964,0.04869009651708825,-0.9189259491723664,0.4967072999859885,4.399157142495622,0.013455840106438983,-0.08450978801129859,0.3610842719773771,1.0,XNGUSD,fut,-0.1948919362992797,-0.1550198374406719,-0.52,-0.01,-0.26,-0.01,B_wf_seasonal,1,1.0,1995-10-31,own
wf_seasonal_N5_sign,1995-10-31,2024-03-28,29.1,-0.033714266635919955,-0.03910223989932915,0.11105073734388272,-0.30359336139767756,-0.44719844443932616,-0.7667211961448259,-0.050999294262295485,-0.09885543249684228,-1.6374709728679349,0.48519983631155367,,,,,,PORT,fut,0.07732249529189818,-0.6065002227162918,0.13,0.02,-0.66,-0.77,B_wf_seasonal,1,1.0,1995-10-31,own
wf_seasonal_N5_sign,2006-01-03,2024-03-28,18.3,-0.07991890209835104,-0.08752417512369515,0.15250399378077786,-0.5240446503534407,-0.7446756042680066,-0.8752117237791236,-0.10000343087929607,-0.3239514259264079,-2.2426106186800276,0.49165763813651137,5.288584027576914,0.015660420071388778,-0.4213570021071319,0.56412595256605,1.0,XTIUSD,fut,0.618975844445323,-0.6553600913590389,,0.23,-0.58,-1.09,B_wf_seasonal,1,1.0,2006-01-01,common2006
wf_seasonal_N5_sign,2006-01-03,2024-03-28,18.7,-0.0645291433795982,-0.07331374624427556,0.15208592679753893,-0.4242939812932278,-0.6060398491265986,-0.8203001359887581,-0.08937429488038058,-0.3924252343830433,-1.8337439753503828,0.491395793499044,4.352893491090968,0.013994689990065144,-0.33230096874113546,0.5106190142588314,1.0,XBRUSD,fut,0.1201445341146487,-0.48573826182952085,,0.07,-0.51,-0.66,B_wf_seasonal,1,1.0,2006-01-01,common2006
wf_seasonal_N5_sign,2006-01-03,2024-03-28,18.2,-0.03339849790767419,-0.04329628440221478,0.1473422057215488,-0.22667298717376036,-0.3474113440407439,-0.6966397201960397,-0.06215018056970808,-0.04508409843915954,-0.9680315400402731,0.4984769364664926,4.56303570819515,0.013670969409853042,-0.1339040437548993,0.3638564833926144,1.0,XNGUSD,fut,-0.8163435782843873,-0.1550198374406719,,-0.39,-0.26,-0.01,B_wf_seasonal,1,1.0,2006-01-01,common2006
wf_seasonal_N5_sign,2006-01-03,2024-03-28,18.7,-0.05836351158169731,-0.06205974699590355,0.10668591329325311,-0.5470592112875342,-0.7870526779985865,-0.7667211961448265,-0.08094173906753589,-0.21630036367185546,-2.3665787622565015,0.4847328244274809,,,,,,PORT,fut,-0.004773840207116649,-0.6065002227162918,,-0.05,-0.66,-0.77,B_wf_seasonal,1,1.0,2006-01-01,common2006
wf_seasonal_N5_sign,2002-01-31,2026-09-22,23.2,-0.035083491210365886,-0.04516073031794954,0.14905391971489057,-0.23537449587017487,-0.3394656104655371,-0.8013282359652082,-0.05635734308495066,-0.17254781508981284,-1.1347409936522188,0.49052415912583236,4.066961000486797,0.012153982382836562,-0.1538447136450846,0.41591400333758805,1.0,XTIUSD,spot,0.14799879874576377,-0.3317542615490754,,0.08,-0.48,-0.23,B_wf_seasonal,1,1.0,2002-01-31,own
wf_seasonal_N5_sign,2002-01-31,2026-09-22,24.0,-0.01952749348625392,-0.03007878397478614,0.14845320310610727,-0.13153972482693146,-0.19761517469622383,-0.701278261951007,-0.042891367958711256,0.14693915312667014,-0.6449429401342377,0.49273687685704853,4.5682418173745525,0.013015549764317952,-0.04386851036888695,0.447093244227735,1.0,XBRUSD,spot,-0.2718997047075038,-0.09536129197550698,,-0.27,-0.33,0.26,B_wf_seasonal,1,1.0,2002-01-31,own
wf_seasonal_N5_sign,2002-01-31,2026-09-22,20.6,0.008979250026303991,-0.0027384531001889423,0.15291379103170488,0.05872099544273446,0.07577893422643169,-0.3535826201611343,-0.007744874730949664,-0.33440031458632324,0.26671844314893534,0.4528485319852226,2.9194760376090145,0.008580382417869514,0.11482934789355444,0.2069639765540134,0.9882669744181574,XNGUSD,spot,-0.564848844652879,0.12357453981679277,,-0.02,0.14,0.0,B_wf_seasonal,1,1.0,2002-01-31,own
wf_seasonal_N5_sign,2002-01-31,2026-09-22,24.9,-0.01083688781315954,-0.016243808745588062,0.105232111071457,-0.10298080788097884,-0.15129006279086382,-0.5811284219056998,-0.02795218429055593,-0.11156822183068295,-0.5139223339563218,0.4998406628425749,,,,,,PORT,spot,0.05543055901673266,-0.1590772130451575,,0.06,-0.34,-0.01,B_wf_seasonal,1,1.0,2002-01-31,own
wf_seasonal_N5_sign,2006-01-03,2026-09-22,20.3,-0.04475983368787195,-0.054315586733205135,0.14878922397055325,-0.3008271196893287,-0.4358965195744646,-0.8013282359652077,-0.06778194539442564,-0.10396164842179827,-1.3554452595201096,0.4888584831899922,3.973626834811546,0.011991178258411325,-0.2202440658031989,0.4229987858116081,1.0,XTIUSD,spot,0.03854512692442285,-0.3317542615490754,,-0.01,-0.48,-0.23,B_wf_seasonal,1,1.0,2006-01-01,common2006
wf_seasonal_N5_sign,2006-01-03,2026-09-22,20.7,-0.011998881471247278,-0.022895435118618135,0.14949215551558745,-0.08026428831575823,-0.12082763414387684,-0.6389768295128092,-0.03583140117314561,0.19790225352075805,-0.36499139479805154,0.49241988102091727,4.251806774591079,0.012950692961989953,0.006367336534685896,0.4574342709934293,1.0,XBRUSD,spot,0.08715379816257651,-0.09536129197550698,,-0.12,-0.33,0.26,B_wf_seasonal,1,1.0,2006-01-01,common2006
wf_seasonal_N5_sign,2006-01-03,2026-09-22,19.7,0.01314167175204867,0.001613131042132343,0.15168309789232517,0.08663899890400122,0.11238346325887899,-0.3535826201611333,0.004562246417533796,-0.29029268588020873,0.38421897043837033,0.45128414186710153,2.758898285501065,0.00815878633652011,0.14042596377850516,0.21189700282638474,0.9891041162227603,XNGUSD,spot,-0.7718047534826382,0.12357453981679277,,0.16,0.14,0.0,B_wf_seasonal,1,1.0,2006-01-01,common2006
wf_seasonal_N5_sign,2006-01-03,2026-09-22,21.0,-0.015440291873012492,-0.02043569757703645,0.10201348798548544,-0.15135539601595965,-0.2209983577032471,-0.5725987659058719,-0.03568938459849182,-0.12529807412011135,-0.6935975590831527,0.4996220710506425,,,,,,PORT,spot,-0.07941772976850063,-0.1590772130451575,,0.01,-0.34,-0.01,B_wf_seasonal,1,1.0,2006-01-01,common2006
wf_seasonal_N5_tstat,1995-10-31,2024-03-28,28.4,-0.0025982731723944246,-0.006296267979216008,0.08616853996183145,-0.03015338513969641,-0.03731517218678588,-0.55894627462618,-0.011264531610711451,-0.3704406655042624,-0.1606721567942197,0.49790327089740005,3.7694140624222396,0.007915471289444798,0.061697821500071345,0.2700745564531721,0.9998602375960867,XTIUSD,fut,0.46185859168761983,-0.4837719263039923,1.0,0.25,-0.6,-0.84,B_wf_seasonal,1,1.0,1995-10-31,own
wf_seasonal_N5_tstat,1995-10-31,2024-03-28,28.9,-0.011483241640093437,-0.014795738869962105,0.08271197646192516,-0.13883408583978793,-0.17639845513890998,-0.5664853458147039,-0.02611848475741817,-0.1436404765180295,-0.7461595370253734,0.4966341530430004,3.1839244393736488,0.006752769100287103,-0.05719163326065282,0.22943385523095017,1.0,XBRUSD,fut,0.2837197273628538,-0.4852763456343392,0.71,0.15,-0.71,-0.43,B_wf_seasonal,1,1.0,1995-10-31,own
wf_seasonal_N5_tstat,1995-10-31,2024-03-28,28.3,-0.015582659315210374,-0.018431604777723543,0.07771019573053835,-0.20052271350909417,-0.2514829201612445,-0.5125846675054218,-0.03595816641848459,-0.07146462882253965,-1.0671393903464006,0.4968474148802018,2.6143301859805907,0.0065078206527333085,-0.11678511031625706,0.15564861108224287,1.0,XNGUSD,fut,-0.4294068755404437,-0.04432278118063902,-0.69,-0.3,-0.12,0.26,B_wf_seasonal,1,1.0,1995-10-31,own
wf_seasonal_N5_tstat,1995-10-31,2024-03-28,29.1,-0.009209607078300073,-0.01103773021926513,0.06145847414574005,-0.14985089048030703,-0.19950801721878733,-0.44233412972006136,-0.02495337682003092,-0.1397424197364529,-0.8082406093804387,0.49174737416450687,,,,,,PORT,fut,0.22629479586488682,-0.4827916769791254,0.52,0.1,-0.68,-0.4,B_wf_seasonal,1,1.0,1995-10-31,own
wf_seasonal_N5_tstat,2006-01-03,2024-03-28,18.3,-0.03065236362161225,-0.03326914602242925,0.07971949921840005,-0.3845027116595005,-0.46897030493758557,-0.5589462746261793,-0.05952118751427318,-0.2638983847170429,-1.6454511337865796,0.49035752979414954,3.2854278824744667,0.006995503537755327,-0.2967648162661777,0.24054942437278812,1.0,XTIUSD,fut,0.2660551336208309,-0.4837719263039923,,0.35,-0.6,-0.84,B_wf_seasonal,1,1.0,2006-01-01,common2006
wf_seasonal_N5_tstat,2006-01-03,2024-03-28,18.7,-0.0363095879403252,-0.03874044019472023,0.07994623505787685,-0.45417508296718384,-0.571949525353141,-0.5664853458147037,-0.06838736514711566,-0.21355576233707715,-1.9628862507237894,0.4922455916719779,3.041078432826351,0.0067493019947813745,-0.36980472379411355,0.23279113763586431,1.0,XBRUSD,fut,-0.23116750008815481,-0.4852763456343392,,0.12,-0.71,-0.43,B_wf_seasonal,1,1.0,2006-01-01,common2006
wf_seasonal_N5_tstat,2006-01-03,2024-03-28,18.2,-0.007835296572272728,-0.01082330957848654,0.07806763243730247,-0.10036549499007026,-0.12839714529627794,-0.32573067302939285,-0.0332277874779999,0.023322099944137507,-0.42862171577447195,0.5010879025239339,2.7982869507697576,0.006884298114293751,-0.012182716596362195,0.16346006499616988,1.0,XNGUSD,fut,-0.7712957522336952,-0.04432278118063902,,-0.55,-0.12,0.26,B_wf_seasonal,1,1.0,2006-01-01,common2006
wf_seasonal_N5_tstat,2006-01-03,2024-03-28,18.7,-0.02528248544760742,-0.02657928761874273,0.057527543818660085,-0.43948487575453543,-0.5875887826291514,-0.44233412972006214,-0.0600887108475302,-0.09401027568656298,-1.9012120659585374,0.48770144189991516,,,,,,PORT,fut,-0.12556515836163418,-0.4827916769791254,,0.04,-0.68,-0.4,B_wf_seasonal,1,1.0,2006-01-01,common2006
wf_seasonal_N5_tstat,2002-01-31,2026-09-22,23.2,-0.010775417887909162,-0.013503888044056223,0.07510022613754384,-0.1434804985563466,-0.18293745979670023,-0.5122926081460966,-0.026359716750402846,-0.011482797461005775,-0.691719818239556,0.49274372545671846,2.696429883347819,0.005599825976420155,-0.06891190481949591,0.18163041284580506,1.0,XTIUSD,spot,0.23469654173774784,-0.24717301800291328,,0.33,-0.58,-0.01,B_wf_seasonal,1,1.0,2002-01-31,own
wf_seasonal_N5_tstat,2002-01-31,2026-09-22,24.0,-0.016929676004474398,-0.0199627353374483,0.08041461075760759,-0.21052985079421993,-0.26448842539711015,-0.49541029273314974,-0.04029535847411456,-0.06425799048043243,-1.0322337311857217,0.4991746450973919,2.996131751107198,0.006390210207337158,-0.13106578490282159,0.21013592990437732,1.0,XBRUSD,spot,-0.4086637857643865,-0.1612558774378007,,-0.09,-0.46,0.06,B_wf_seasonal,1,1.0,2002-01-31,own
wf_seasonal_N5_tstat,2002-01-31,2026-09-22,20.6,-0.004036434769431263,-0.00770596927873568,0.08573542831562193,-0.047080126019453036,-0.05284322553781783,-0.29162959452927306,-0.026423824684782375,-1.708239237680609,-0.21384409137631352,0.45615399572234105,1.7809603672972165,0.004232774490055606,0.002290226542529458,0.09084447835849901,0.9882669744181574,XNGUSD,spot,0.05150832169408331,-0.0566432359557907,,0.05,0.07,-0.22,B_wf_seasonal,1,1.0,2002-01-31,own
wf_seasonal_N5_tstat,2002-01-31,2026-09-22,24.9,-0.007885636623826388,-0.009453976977076839,0.056792227137779386,-0.13885063187776794,-0.18053291281186312,-0.4003569121255457,-0.023613872249349896,-0.14350822452221737,-0.6929295105977983,0.5011153601019758,,,,,,PORT,spot,0.08231868477749567,-0.2177736080734561,,0.21,-0.46,-0.11,B_wf_seasonal,1,1.0,2002-01-31,own
wf_seasonal_N5_tstat,2006-01-03,2026-09-22,20.3,-0.017217237229486995,-0.01985946624275059,0.07538353400413474,-0.2283951987252633,-0.2912620601933269,-0.5122926081460975,-0.03876586530229028,0.0057269421107781805,-1.0290867051116244,0.4910086004691165,2.6546873925429164,0.005594322393634478,-0.1541830099966292,0.18685881786466405,1.0,XTIUSD,spot,-0.06876971145168662,-0.24717301800291328,,0.25,-0.58,-0.01,B_wf_seasonal,1,1.0,2006-01-01,common2006
wf_seasonal_N5_tstat,2006-01-03,2026-09-22,20.7,-0.014921318965411145,-0.018126392186876505,0.08209771003436059,-0.1817507328665572,-0.229185331164095,-0.49541029273315207,-0.03658864672930829,-0.04344553346480774,-0.8264877803882402,0.4983688351563999,2.9067587512938435,0.006495945508633422,-0.10262456836191662,0.2185041096119959,1.0,XBRUSD,spot,-0.3890713902380996,-0.1612558774378007,,0.16,-0.46,0.06,B_wf_seasonal,1,1.0,2006-01-01,common2006
wf_seasonal_N5_tstat,2006-01-03,2026-09-22,19.7,-0.004831005994973551,-0.008479431109971403,0.0855424823321951,-0.05647493342796454,-0.06300681459646237,-0.29162959452927295,-0.02907603092771938,-1.8457595593398912,-0.250450040417837,0.4549531186302487,1.71511445243955,0.0040790757955120795,-0.008791050797962623,0.09329338377142814,0.9891041162227603,XNGUSD,spot,-0.05389286104045891,-0.0566432359557907,,0.0,0.07,-0.22,B_wf_seasonal,1,1.0,2006-01-01,common2006
wf_seasonal_N5_tstat,2006-01-03,2026-09-22,21.0,-0.013425812414453318,-0.01487852994345007,0.05591702453016622,-0.24010241115763117,-0.3104703048078946,-0.40035691212554503,-0.03716316489818569,-0.22054286056125413,-1.1002874736712545,0.4988662131519274,,,,,,PORT,spot,-0.4207793534635119,-0.2177736080734561,,0.05,-0.46,-0.11,B_wf_seasonal,1,1.0,2006-01-01,common2006
wf_seasonal_N10_sign,2000-10-31,2024-03-28,23.4,0.002268881064443475,-0.009454634704481824,0.15327280478483693,0.014802893883415984,0.021460440948497996,-0.6400555822496141,-0.014771583854095077,-0.2659558195194343,0.07163841327198892,0.5083884087442806,4.237561981661066,0.015552600157089,0.116261510366018,0.5704973446027982,0.9998305659098611,XTIUSD,fut,0.5454044862982785,-0.21813991381222025,,0.58,-0.18,-0.72,B_wf_seasonal,1,1.0,2000-10-31,own
wf_seasonal_N10_sign,2000-10-31,2024-03-28,23.9,0.021654999287335303,0.010040239972224807,0.1525699939214417,0.14193485056101834,0.20792445468902848,-0.4865470493714429,0.02063570210773146,-0.32472567511893136,0.6934363286301067,0.5065669160432252,3.810744128100852,0.013668842767323861,0.2315322807585366,0.5031093969636826,1.0,XBRUSD,fut,0.37315050449987597,0.042503333578144877,,0.45,0.17,-0.51,B_wf_seasonal,1,1.0,2000-10-31,own
wf_seasonal_N10_sign,2000-10-31,2024-03-28,23.3,-0.030946321196235225,-0.041446215761851146,0.1507982972492285,-0.20521664873370146,-0.31305708363929613,-0.6918701755976594,-0.059904613934324585,-0.10722567411505718,-0.9916277068107565,0.49575118966689324,4.103398753604124,0.012998964402240533,-0.11903949418547069,0.3547874998866389,1.0,XNGUSD,fut,-0.13806013181780144,-0.23598286314271152,,-0.07,-0.1,-0.69,B_wf_seasonal,1,1.0,2000-10-31,own
wf_seasonal_N10_sign,2000-10-31,2024-03-28,24.0,-0.002215015144405464,-0.008385026251409577,0.1113122489058778,-0.019899114124254307,-0.028868781035023945,-0.500399836620278,-0.01675665265608879,-0.33781120908582146,-0.09746923193312038,0.5006615944426067,,,,,,PORT,fut,0.37553176580519176,-0.20400769291413845,,0.4,-0.05,-0.85,B_wf_seasonal,1,1.0,2000-10-31,own
wf_seasonal_N10_sign,2006-01-03,2024-03-28,18.3,-0.03035044594307301,-0.04104744045252573,0.15191871081028896,-0.19978082871552036,-0.2885495441333174,-0.6400555822496143,-0.06413105610024615,-0.23275693022010327,-0.8549473934786825,0.5029252437703142,4.252140309272529,0.015381445860076266,-0.09852611316227813,0.5654196460417854,1.0,XTIUSD,fut,-0.040813164752855714,-0.21813991381222025,,0.34,-0.18,-0.72,B_wf_seasonal,1,1.0,2006-01-01,common2006
wf_seasonal_N10_sign,2006-01-03,2024-03-28,18.7,0.005421902936940763,-0.006081696912904833,0.15159800900467701,0.03576500095574137,0.051720762443116235,-0.4865470493714429,-0.012499709782972919,-0.39389102053277847,0.15457173073983976,0.5049925642659868,3.749920120371586,0.013789192450366267,0.12673250129346286,0.5108545427289123,1.0,XBRUSD,fut,-0.024533025378045345,0.042503333578144877,,0.36,0.17,-0.51,B_wf_seasonal,1,1.0,2006-01-01,common2006
wf_seasonal_N10_sign,2006-01-03,2024-03-28,18.2,-0.04513286184374225,-0.054597193547461065,0.14823048047440743,-0.30447760608544083,-0.4586273081967056,-0.6855739431248955,-0.07963720630717544,-0.24974445086802277,-1.3003045912159068,0.4954308093994778,4.139203679541814,0.013264474650808605,-0.21503358897777614,0.36449976789968797,1.0,XNGUSD,fut,-0.8788936910770184,-0.23598286314271152,,-0.35,-0.1,-0.69,B_wf_seasonal,1,1.0,2006-01-01,common2006
wf_seasonal_N10_sign,2006-01-03,2024-03-28,18.7,-0.024197576977757082,-0.029652914864911617,0.10853555221500279,-0.2229460898657709,-0.31890063359173376,-0.5003998366202809,-0.0592584423392072,-0.4304708892572879,-0.9644650350785269,0.49787955894826125,,,,,,PORT,fut,-0.3877429155472524,-0.20400769291413845,,0.08,-0.05,-0.85,B_wf_seasonal,1,1.0,2006-01-01,common2006
wf_seasonal_N10_sign,2007-01-24,2026-09-22,19.3,0.011106285007119436,-9.043422091681297e-05,0.14959594079354605,0.0742418875017937,0.10808506630748822,-0.536435414142227,-0.00016858361422953302,-0.08028273892086196,0.3265397412957592,0.49723076923076925,3.2563818384651753,0.011752388658203168,0.15279666785905377,0.42416488685044335,1.0,XTIUSD,spot,,0.03754788544717552,,0.77,0.26,-0.44,B_wf_seasonal,1,1.0,2007-01-24,own
wf_seasonal_N10_sign,2007-01-24,2026-09-22,19.7,-0.020987491657681292,-0.031952188890664535,0.15142939876446812,-0.1385958857984046,-0.19559204758564983,-0.7656487951153684,-0.041732174195937916,-0.22184330405784242,-0.6153144980986331,0.49909402053553453,4.042819934195011,0.012869182193038077,-0.05360740082902919,0.45936641679550083,1.0,XBRUSD,spot,,-0.17990249692606977,,0.76,0.11,-0.81,B_wf_seasonal,1,1.0,2007-01-24,own
wf_seasonal_N10_sign,2007-01-24,2026-09-22,19.4,0.0067205031718701866,-0.004700686862334158,0.15094218058873676,0.044523692089629634,0.05623201609174489,-0.47311976903102293,-0.009935511407526769,-0.49108178795368035,0.19627091732889415,0.453493265993266,2.531304430095527,0.007779685201144042,0.09606686594665584,0.20938674343010732,0.9687563814580356,XNGUSD,spot,,0.05160852730972663,,0.59,-0.02,-0.04,B_wf_seasonal,1,1.0,2007-01-24,own
wf_seasonal_N10_sign,2007-01-24,2026-09-22,19.9,-0.0003376023234844802,-0.005549251493737528,0.1021500659594081,-0.0033049643219871727,-0.004608516639841811,-0.5059070752533166,-0.010968914579735657,-0.437419802446409,-0.01475530171047779,0.5046784789966156,,,,,,PORT,spot,,-0.03275127708351562,,1.04,0.21,-0.61,B_wf_seasonal,1,1.0,2007-01-24,own
wf_seasonal_N10_sign,2006-01-03,2026-09-22,20.3,0.007181233647040924,-0.003929330880464432,0.14907451381101985,0.04817210845406141,0.07053355393838423,-0.5364354141422276,-0.0073248908943633435,-0.07076491444914901,0.21705043119974518,0.49609069585613763,3.2075347754483032,0.01180512562419325,0.12735442402812697,0.42476124161120815,1.0,XTIUSD,spot,0.16466065924138668,0.03754788544717552,,0.46,0.26,-0.44,B_wf_seasonal,1,1.0,2006-01-01,common2006
wf_seasonal_N10_sign,2006-01-03,2026-09-22,20.7,-0.021620150154556345,-0.032482946866820406,0.15087764128397227,-0.14329591827237195,-0.20310113921319733,-0.7656487951153688,-0.042425387558960165,-0.21165548674412074,-0.6516195206683502,0.4985607369027058,3.985422950812928,0.012877042712177503,-0.057942431166007544,0.45825622347469813,1.0,XBRUSD,spot,0.26873829814696465,-0.17990249692606977,,0.52,0.11,-0.81,B_wf_seasonal,1,1.0,2006-01-01,common2006
wf_seasonal_N10_sign,2006-01-03,2026-09-22,19.7,0.006640497181728895,-0.004644856471734515,0.1500408498007809,0.04425792836114912,0.055562587328748095,-0.47311976903102293,-0.009817506635259512,-0.4939285718247363,0.19627114675571977,0.453493265993266,2.501169853546771,0.007687069901130422,0.09549342256904034,0.2068940441035585,0.9572235673930589,XNGUSD,spot,-0.18375655721229123,0.05160852730972663,,0.57,-0.02,-0.04,B_wf_seasonal,1,1.0,2006-01-01,common2006
wf_seasonal_N10_sign,2006-01-03,2026-09-22,21.0,-0.0028636605242959062,-0.008113002568807759,0.10269159963908263,-0.027886025092222315,-0.039018269035453884,-0.5059070752533159,-0.016036546958244153,-0.41842089044865094,-0.12778982081654666,0.5036868973340897,,,,,,PORT,spot,0.01930107232315073,-0.03275127708351562,,0.58,0.21,-0.61,B_wf_seasonal,1,1.0,2006-01-01,common2006
wf_seasonal_N10_tstat,2000-10-31,2024-03-28,23.4,-0.002716360018373668,-0.006740077151887625,0.08984640612183717,-0.030233374217440812,-0.03610452022210168,-0.38722859053514347,-0.017405938808838856,-0.6520784752555939,-0.14631402304533125,0.5121165904084054,3.089238786406144,0.007897178582723147,0.057658430820976735,0.27786638413047976,0.9998305659098611,XTIUSD,fut,0.26170625814100734,-0.185429576942012,,0.35,-0.07,-1.14,B_wf_seasonal,1,1.0,2000-10-31,own
wf_seasonal_N10_tstat,2000-10-31,2024-03-28,23.9,-0.0007869836192825234,-0.0044027984397386755,0.0851012823959592,-0.009247611753026781,-0.01164821980332655,-0.3505996716082542,-0.01255790805377075,-0.337613759305447,-0.04518009436913242,0.5073981712385702,2.8964985800346033,0.006838437900685401,0.07110729028864841,0.23722186501172682,1.0,XBRUSD,fut,0.1873090919889887,-0.10897341597225367,,0.28,0.01,-0.81,B_wf_seasonal,1,1.0,2000-10-31,own
wf_seasonal_N10_tstat,2000-10-31,2024-03-28,23.3,-0.011117558960539002,-0.014017298566199488,0.07741991571921336,-0.14360076289491425,-0.18011398257466343,-0.3851986174389397,-0.03638979459323075,-0.16009368753379588,-0.6938934832258264,0.49609109449354183,2.3348145366513786,0.005997887098912758,-0.0661217278388252,0.14676280889879076,1.0,XNGUSD,fut,-0.3801915692751021,-0.05060471992372175,,-0.31,-0.25,0.29,B_wf_seasonal,1,1.0,2000-10-31,own
wf_seasonal_N10_tstat,2000-10-31,2024-03-28,24.0,-0.005459473820354875,-0.0074645596677812565,0.06373357545253507,-0.08566087468952314,-0.11091688219763776,-0.3333829337161125,-0.022390347293954754,-0.3821305492773279,-0.41958147536479695,0.5082699305325835,,,,,,PORT,fut,0.09032493448781294,-0.17883309209219725,,0.15,-0.14,-0.6,B_wf_seasonal,1,1.0,2000-10-31,own
wf_seasonal_N10_tstat,2006-01-03,2024-03-28,18.3,-0.017725048571234654,-0.021188111052507397,0.08584748547639891,-0.2064713773836463,-0.24902172973293774,-0.3872285905351386,-0.054717320906563345,-0.3696721409389596,-0.883579105447911,0.5074756229685807,2.9269507030677597,0.007585085225034356,-0.11811237420998265,0.26798755339539243,1.0,XTIUSD,fut,-0.3526894694649868,-0.185429576942012,,0.16,-0.07,-1.14,B_wf_seasonal,1,1.0,2006-01-01,common2006
wf_seasonal_N10_tstat,2006-01-03,2024-03-28,18.7,-0.015341223489617292,-0.018556957383210282,0.08230347268917411,-0.1863982525689371,-0.23506572692457364,-0.35059967160825656,-0.05292919214124349,-0.21985148312710845,-0.8055892558794188,0.5056299128956873,2.8641885133702214,0.006802669702940179,-0.10375509726110699,0.2372063043279244,1.0,XBRUSD,fut,-0.7322909980330577,-0.10897341597225367,,-0.07,0.01,-0.81,B_wf_seasonal,1,1.0,2006-01-01,common2006
wf_seasonal_N10_tstat,2006-01-03,2024-03-28,18.2,-0.012611014383631986,-0.015568067908821481,0.07842872263320474,-0.16079586610904203,-0.19700174440978926,-0.3517368612778802,-0.04426055276737786,-0.35025083604895324,-0.6866961601486504,0.4978241949521323,2.3839840763594,0.006163224422307806,-0.08220040252931242,0.15170862102680246,1.0,XNGUSD,fut,-1.2385787882585269,-0.05060471992372175,,-0.64,-0.25,0.29,B_wf_seasonal,1,1.0,2006-01-01,common2006
wf_seasonal_N10_tstat,2006-01-03,2024-03-28,18.7,-0.01597717695503182,-0.01765730397987675,0.060596398713544435,-0.2636654536280325,-0.34295906472033116,-0.3333829337161146,-0.05296403083102167,-0.31111465875612293,-1.1406170484329197,0.503392705682782,,,,,,PORT,fut,-0.8897693096907596,-0.17883309209219725,,-0.24,-0.14,-0.6,B_wf_seasonal,1,1.0,2006-01-01,common2006
wf_seasonal_N10_tstat,2007-01-24,2026-09-22,19.3,-0.012729751645667609,-0.01582326411349777,0.08021768592930631,-0.15869008807965362,-0.19452656037428448,-0.40458522068016645,-0.039109842141283775,-0.1668699595709141,-0.697970135881572,0.49723076923076925,2.397974485588233,0.005393870200763236,-0.09144312498870086,0.18385115643710942,1.0,XTIUSD,spot,,-0.17981935477885375,,0.6,-0.03,-0.67,B_wf_seasonal,1,1.0,2007-01-24,own
wf_seasonal_N10_tstat,2007-01-24,2026-09-22,19.7,0.00042814635346247664,-0.0028692120444855362,0.0812776154925646,0.005267703178394107,0.006625691558448274,-0.36048745016526285,-0.007959256398995768,0.13372596999511188,0.02338665479623823,0.49788604791624724,2.7098897006377998,0.006001955789719463,0.07911056765197642,0.20219225667970345,1.0,XBRUSD,spot,,0.015780480676315094,,0.81,0.11,-0.5,B_wf_seasonal,1,1.0,2007-01-24,own
wf_seasonal_N10_tstat,2007-01-24,2026-09-22,19.4,0.005411587556548593,0.001892779948729828,0.08370846499313692,0.06464803239424206,0.07347751736668484,-0.28358766922566014,0.006674408495609448,-1.3237114006193909,0.28498374743907057,0.45529486366518707,1.6020932590204282,0.004006770402506968,0.11252656866571005,0.09643866209317374,0.964468041658158,XNGUSD,spot,,0.04824622890425836,,0.4,0.14,-0.08,B_wf_seasonal,1,1.0,2007-01-24,own
wf_seasonal_N10_tstat,2007-01-24,2026-09-22,19.9,0.0003724207044974328,-0.0011321723457975441,0.05486928025978685,0.006787417344170564,0.009023934365866572,-0.23379351810717908,-0.0048426164889589325,-0.03463811903398882,0.030303017216218905,0.5056739000597252,,,,,,PORT,spot,,-0.0012680696468007375,,0.89,0.15,-0.49,B_wf_seasonal,1,1.0,2007-01-24,own
wf_seasonal_N10_tstat,2006-01-03,2026-09-22,20.3,-0.016531479488298424,-0.01957383046578476,0.08041690412126336,-0.20557219491277667,-0.2526504711143219,-0.40458522068016867,-0.048379993794331395,-0.1742084616527737,-0.9262524514791992,0.49609069585613763,2.3986230278997565,0.005465989108740047,-0.13759064825570197,0.18567901510375942,1.0,XTIUSD,spot,-0.4655921242576865,-0.17981935477885375,,0.16,-0.03,-0.67,B_wf_seasonal,1,1.0,2006-01-01,common2006
wf_seasonal_N10_tstat,2006-01-03,2026-09-22,20.7,-0.0020742628002711444,-0.005346013770239022,0.08108273951819839,-0.025582051279922434,-0.03208431145729359,-0.36048745016525907,-0.014829958068687931,0.10413274496725818,-0.11633104552950975,0.49740932642487046,2.696404439221695,0.006007163466724503,0.048502433621942294,0.2018481088331807,1.0,XBRUSD,spot,-0.4919193804423487,0.015780480676315094,,0.45,0.11,-0.5,B_wf_seasonal,1,1.0,2006-01-01,common2006
wf_seasonal_N10_tstat,2006-01-03,2026-09-22,19.7,0.005347163895161116,0.0018702257963174596,0.08320861555076292,0.06426214232466086,0.07260278501708153,-0.28358766922566014,0.006594876996676674,-1.3315100616392748,0.2849840657727745,0.45529486366518707,1.583020720222566,0.003959070754858076,0.11185486477908388,0.09529058278254073,0.9529862792574657,XNGUSD,spot,0.6523965663484768,0.04824622890425836,,0.39,0.14,-0.08,B_wf_seasonal,1,1.0,2006-01-01,common2006
wf_seasonal_N10_tstat,2006-01-03,2026-09-22,21.0,-0.0030844920953616204,-0.004607523944722747,0.05538014633405715,-0.05569671262252966,-0.07330407819104232,-0.23379351810718296,-0.019707663334833862,-0.0930717203216011,-0.2552344015529446,0.5044431839667234,,,,,,PORT,spot,-0.5734144707549459,-0.0012680696468007375,,0.26,0.15,-0.49,B_wf_seasonal,1,1.0,2006-01-01,common2006
wf_seasonal_N15_sign,2005-10-31,2024-03-28,18.5,-0.04309318792300913,-0.05330839705601842,0.15269788506401996,-0.2822120810968792,-0.4008508492396331,-0.7388360360649091,-0.07215186381533657,-0.2789811431112063,-1.2131889609377975,0.5075171821305842,3.3492613787897096,0.015179395842021793,-0.18281465252252582,0.5680266950986296,0.999785269486794,XTIUSD,fut,-0.15935854862708068,-0.29754307000621905,,0.34,-0.43,-0.53,B_wf_seasonal,1,1.0,2005-10-31,own
wf_seasonal_N15_sign,2005-10-31,2024-03-28,18.9,-0.0006510659036990838,-0.01218428745145217,0.15214587600323892,-0.004279221499800781,-0.006105529039586694,-0.5631340223653762,-0.021636567792998097,-0.4192335540777557,-0.01858048353093691,0.5102083771837508,2.891770723670744,0.013516256346852856,0.08456411223704628,0.5119281918087188,1.0,XBRUSD,fut,-0.004763736342526909,-0.0042234036632949265,,0.44,0.11,-0.62,B_wf_seasonal,1,1.0,2005-10-31,own
wf_seasonal_N15_sign,2005-10-31,2024-03-28,18.4,-0.006666452499457937,-0.017571291957061308,0.14860108732471672,-0.044861397850277436,-0.06713790386828246,-0.5564123293095932,-0.03157962365583109,-0.2771104772863086,-0.19245885758257147,0.5079775765416128,4.724388934558774,0.0138263928365362,0.048183095505166015,0.36357004851989144,1.0,XNGUSD,fut,-0.9062621041549793,0.06933528733074319,,-0.01,-0.1,0.03,B_wf_seasonal,1,1.0,2005-10-31,own
wf_seasonal_N15_sign,2005-10-31,2024-03-28,18.9,-0.01690585244141878,-0.022506555142783546,0.10815516756667914,-0.15631109286568382,-0.22439317229089992,-0.49311736057784583,-0.04564137656076409,-0.3036869995802009,-0.6793491017132137,0.5115546218487395,,,,,,PORT,fut,-0.4262518684158667,-0.12254110439223657,,0.27,-0.19,-0.49,B_wf_seasonal,1,1.0,2005-10-31,own
wf_seasonal_N15_sign,2006-01-03,2024-03-28,18.3,-0.04141888216774009,-0.05174682065098779,0.15287086022499718,-0.27094033556676056,-0.38465371495978,-0.73883603606491,-0.07003830095591278,-0.2800494424264177,-1.1594692802625568,0.5074756229685807,3.335290767830022,0.01517027090895458,-0.17171485103858464,0.5679092913879557,1.0,XTIUSD,fut,-0.04124149700882937,-0.29754307000621905,,0.41,-0.43,-0.53,B_wf_seasonal,1,1.0,2006-01-01,common2006
wf_seasonal_N15_sign,2006-01-03,2024-03-28,18.7,-0.0009521130999406933,-0.012513673315176166,0.15235755842451185,-0.006249201613534874,-0.008914189978180498,-0.5631340223653771,-0.022221483373733978,-0.42000361998835045,-0.027008245025398787,0.5098789037603569,2.915851173240842,0.01352508150464996,0.08252847442246967,0.5119974433248131,1.0,XBRUSD,fut,-0.024533025378045345,-0.0042234036632949265,,0.44,0.11,-0.62,B_wf_seasonal,1,1.0,2006-01-01,common2006
wf_seasonal_N15_sign,2006-01-03,2024-03-28,18.2,-0.004668708195910557,-0.015566440508348989,0.148328294598307,-0.031475506467286286,-0.04715160951710402,-0.5510611812428778,-0.0282481166124604,-0.276460144542643,-0.13441955911454914,0.5078328981723238,4.701882205062462,0.013821074074480135,0.061705855070462286,0.3643563168647705,1.0,XNGUSD,fut,-0.8698819746992698,0.06933528733074319,,0.05,-0.1,0.03,B_wf_seasonal,1,1.0,2006-01-01,common2006
wf_seasonal_N15_sign,2006-01-03,2024-03-28,18.7,-0.016222624693207528,-0.021852233593793402,0.10828529606490686,-0.14981373540765486,-0.21495388864865092,-0.49311736057784694,-0.04431446819918573,-0.3050275179065025,-0.6480943875812404,0.5122985581000848,,,,,,PORT,fut,-0.3846439692031667,-0.12254110439223657,,0.32,-0.19,-0.49,B_wf_seasonal,1,1.0,2006-01-01,common2006
wf_seasonal_N15_sign,2012-01-31,2026-09-22,14.5,-0.03219631588797447,-0.042902526596768076,0.15252879194292795,-0.2110835303804244,-0.29834328859998294,-0.5843077994831758,-0.0734245317873827,-0.18712100865326672,-0.804002080006463,0.50027352297593,3.0646658316239095,0.011978955700570214,-0.13253526479823124,0.43830564220036516,1.0,XTIUSD,spot,,-0.21108353038042443,,,0.08,-0.51,B_wf_seasonal,1,1.0,2012-01-31,own
wf_seasonal_N15_sign,2012-01-31,2026-09-22,14.7,-0.01110198186013194,-0.02283977252434599,0.15473927634543458,-0.07174637314025084,-0.09789525115259506,-0.5400347764846203,-0.042293151328183856,-0.3529534524652108,-0.2753246898514507,0.50767987065481,3.519904545012779,0.012954383851118707,0.011971206734844336,0.4717247333636207,1.0,XBRUSD,spot,,-0.07174637314025085,,,0.25,-0.4,B_wf_seasonal,1,1.0,2012-01-31,own
wf_seasonal_N15_sign,2012-01-31,2026-09-22,14.7,0.01662137950299068,0.004004054329472817,0.15888310823683782,0.10461388682183982,0.13462219645751583,-0.3906204102270997,0.010250499524960642,0.02971625960938849,0.4004238287678744,0.44809982983550767,2.346289977275436,0.00754339508460292,0.15206634725806847,0.20829297637831465,0.9528710725893824,XNGUSD,spot,,0.10461388682183982,,,0.13,0.09,B_wf_seasonal,1,1.0,2012-01-31,own
wf_seasonal_N15_sign,2012-01-31,2026-09-22,14.9,-0.006073253439867663,-0.011585120820915451,0.105509638732499,-0.05756112439419228,-0.07730248351113331,-0.37030650691072087,-0.03128522076904408,-0.5322149371601181,-0.22231315458768558,0.5079829696647152,,,,,,PORT,spot,,-0.05756112439419229,,,0.3,-0.4,B_wf_seasonal,1,1.0,2012-01-31,own
wf_seasonal_N15_sign,2006-01-03,2026-09-22,20.3,-0.009791413747646823,-0.020752006187944927,0.14947950595719395,-0.06550338579825628,-0.09596866563122648,-0.5949049931978466,-0.0348828912603251,-0.04993106980728929,-0.295140457597224,0.4990226739640344,2.7811377529329118,0.011718334870244458,0.012889379925846243,0.426388934407467,1.0,XTIUSD,spot,0.5445063959754015,-0.12076428664470809,,0.71,-0.03,-0.51,B_wf_seasonal,1,1.0,2006-01-01,common2006
wf_seasonal_N15_sign,2006-01-03,2026-09-22,20.7,0.00935036221673796,-0.002019275957965916,0.15067780103288286,0.062055340286638526,0.08714960175534228,-0.540034776484619,-0.003739159116956291,-0.2590308251372568,0.2821885757808572,0.5094991364421416,3.249163950976166,0.012625021323193293,0.145833820524325,0.4585337743456654,1.0,XBRUSD,spot,0.26873829814696465,0.043744100483830435,,0.61,0.21,-0.4,B_wf_seasonal,1,1.0,2006-01-01,common2006
wf_seasonal_N15_sign,2006-01-03,2026-09-22,19.7,0.012382189896093946,0.002981322221648819,0.13712932124389904,0.09029571344607554,0.10028756039571196,-0.3906204102270997,0.007632274565262813,0.04026963132085343,0.4004354447088034,0.44809982983550767,1.747881879762088,0.0056194944819116174,0.13125269579728596,0.1551690211438131,0.7098466505246166,XNGUSD,spot,,0.09268237515581404,,,0.11,0.09,B_wf_seasonal,1,1.0,2006-01-01,common2006
wf_seasonal_N15_sign,2006-01-03,2026-09-22,21.0,0.005742786179369019,0.0006393106222195577,0.10094230833749314,0.056891765939891516,0.07816245622059478,-0.37030650691072164,0.0017264363717316236,-0.42027637109369786,0.26071082383926336,0.5085098335854765,,,,,,PORT,spot,0.29501003495614386,0.03243704173340946,,0.64,0.22,-0.4,B_wf_seasonal,1,1.0,2006-01-01,common2006
wf_seasonal_N15_tstat,2005-10-31,2024-03-28,18.5,-0.012564878811934384,-0.016772651918112502,0.09302938594934587,-0.1350635466816465,-0.1581147740773993,-0.3597192357792286,-0.04662706424853639,-1.25853723635225,-0.5806186723913869,0.506872852233677,2.905642983655907,0.008266529620975738,-0.04620859712008249,0.29518886326825217,0.999785269486794,XTIUSD,fut,-0.42348434112789207,-0.09043021750926707,,0.08,-0.09,-0.49,B_wf_seasonal,1,1.0,2005-10-31,own
wf_seasonal_N15_tstat,2005-10-31,2024-03-28,18.9,-0.008454597655742932,-0.01240061267821213,0.08945144027780412,-0.0945160595456706,-0.11460732978361626,-0.349871245748119,-0.035443360461635764,-1.417229176180971,-0.41039102273138767,0.5078930751420754,2.6591121894093948,0.007452045420426942,-0.011209228660274372,0.2672023094197835,1.0,XBRUSD,fut,-0.3954052677517315,-0.04964077136995725,,0.11,-0.01,-0.46,B_wf_seasonal,1,1.0,2005-10-31,own
wf_seasonal_N15_tstat,2005-10-31,2024-03-28,18.4,-0.018881733437158852,-0.021084412772990002,0.0695703878533765,-0.2714047458949512,-0.3143148038156661,-0.4553488259010604,-0.04630386985464917,-0.9838549813307284,-1.1643472972411488,0.5012936610608021,2.0039868487413464,0.005137817307895356,-0.19755570539158673,0.1259044157314603,1.0,XNGUSD,fut,-1.343999729496141,-0.15147804705728923,,-0.37,-0.53,0.19,B_wf_seasonal,1,1.0,2005-10-31,own
wf_seasonal_N15_tstat,2005-10-31,2024-03-28,18.9,-0.013042465073037777,-0.014970370790989507,0.06378159231466375,-0.2044863509943956,-0.2497992768919374,-0.3436803216384541,-0.043558999012861976,-1.2080395342539147,-0.8887252741558513,0.5081932773109243,,,,,,PORT,fut,-0.7059201473867541,-0.12911692051616638,,-0.1,-0.23,-0.27,B_wf_seasonal,1,1.0,2005-10-31,own
wf_seasonal_N15_tstat,2006-01-03,2024-03-28,18.3,-0.01205727377333782,-0.01627618725847646,0.09305823317796671,-0.12956697501745182,-0.15147119490264066,-0.35971923577922693,-0.04524691937371334,-1.2663624168419978,-0.5544723599571414,0.5068255687973998,2.8733924995397264,0.00823226285641143,-0.041107587234695674,0.2942939380525435,1.0,XTIUSD,fut,-0.4005527558466807,-0.09043021750926707,,0.11,-0.09,-0.49,B_wf_seasonal,1,1.0,2006-01-01,common2006
wf_seasonal_N15_tstat,2006-01-03,2024-03-28,18.7,-0.009382178514410646,-0.01332521733018821,0.08955022869600172,-0.10477001176915526,-0.1269025297607386,-0.34987124574811657,-0.03808606020679235,-1.423189259651354,-0.4528025056907486,0.5075419587847886,2.6711111178394185,0.0074461250374947855,-0.02162260693931022,0.26683146969445,1.0,XBRUSD,fut,-0.4998929610771369,-0.04964077136995725,,0.07,-0.01,-0.46,B_wf_seasonal,1,1.0,2006-01-01,common2006
wf_seasonal_N15_tstat,2006-01-03,2024-03-28,18.2,-0.018513693967842942,-0.020736837783311035,0.06975719808190178,-0.26540191517018863,-0.3071992691600184,-0.4553488259010555,-0.045540553974804845,-0.9846700119520323,-1.133427621328742,0.5010879025239339,2.005137525140821,0.005150283896911289,-0.19157327456899573,0.12639091004558678,1.0,XNGUSD,fut,-1.348511688899741,-0.15147804705728923,,-0.34,-0.53,0.19,B_wf_seasonal,1,1.0,2006-01-01,common2006
wf_seasonal_N15_tstat,2006-01-03,2024-03-28,18.7,-0.01338443770602454,-0.015310681147130634,0.0638364779318637,-0.20966754651330405,-0.25583899015517986,-0.34368032163845275,-0.044549193489283545,-1.2132172668047279,-0.9070220416268847,0.508481764206955,,,,,,PORT,fut,-0.7833290051449614,-0.12911692051616638,,-0.12,-0.23,-0.27,B_wf_seasonal,1,1.0,2006-01-01,common2006
wf_seasonal_N15_tstat,2012-01-31,2026-09-22,14.5,-0.01109156262786999,-0.014593437639015994,0.08472241788874352,-0.13091650243546282,-0.14651695813276577,-0.30985430528897373,-0.04709774042160229,-1.4666377660118417,-0.49865160050897406,0.5041028446389497,2.3225258761852317,0.005544942308105026,-0.0654690615698578,0.19271255204982154,1.0,XTIUSD,spot,,-0.13091650243546285,,,0.16,-0.4,B_wf_seasonal,1,1.0,2012-01-31,own
wf_seasonal_N15_tstat,2012-01-31,2026-09-22,14.7,-0.016456065452236,-0.019910941727644627,0.08541202185858807,-0.1926668529107225,-0.22668160433364715,-0.3544419228883916,-0.05617547034331568,-0.5328142252568556,-0.739353631417783,0.5090272163837241,2.6081490188862726,0.00641415188295477,-0.11758742503846642,0.2208063487508236,1.0,XBRUSD,spot,,-0.19266685291072252,,,0.12,-0.5,B_wf_seasonal,1,1.0,2012-01-31,own
wf_seasonal_N15_tstat,2012-01-31,2026-09-22,14.7,0.004959667787761264,0.0007488648652476115,0.09156635256363796,0.05416474118387899,0.06191521252886334,-0.23304245809289936,0.0032134267350934233,-1.1193664668170347,0.20732288712306884,0.44809982983550767,1.5775400089430989,0.004088975906283596,0.098818500541393,0.10068844504379407,0.9528710725893824,XNGUSD,spot,,0.054164741183878984,,,0.13,0.01,B_wf_seasonal,1,1.0,2012-01-31,own
wf_seasonal_N15_tstat,2012-01-31,2026-09-22,14.9,-0.0028980002199295272,-0.004631759057266205,0.058998068382056984,-0.04912025595758136,-0.06000269434196694,-0.22126721004378358,-0.02093287593923062,-0.9909754478822463,-0.18971274746652217,0.5013304949441192,,,,,,PORT,spot,,-0.04912025595758137,,,0.26,-0.32,B_wf_seasonal,1,1.0,2012-01-31,own
wf_seasonal_N15_tstat,2006-01-03,2026-09-22,20.3,-0.008217688906625371,-0.011610138612432652,0.08302520006344861,-0.09897824877682124,-0.11638620800744352,-0.3098543052889735,-0.037469670145796136,-1.0373140529145466,-0.44596909427146814,0.5021501172791243,2.2331472445071228,0.005581679791607693,-0.031749554113937574,0.19227241870797024,1.0,XTIUSD,spot,-0.1714969536812894,-0.09152970292955412,,0.24,0.01,-0.4,B_wf_seasonal,1,1.0,2006-01-01,common2006
wf_seasonal_N15_tstat,2006-01-03,2026-09-22,20.7,-0.0035685762237184964,-0.006966097449491726,0.0826636139354252,-0.04316985495584769,-0.052142994578035624,-0.3544419228883938,-0.019653706290508985,-0.41247955241762024,-0.19630929151926385,0.5100748416810593,2.4980300792421817,0.0062439328509663,0.03236446967716254,0.2140546718405504,1.0,XBRUSD,spot,-0.2245554945831595,-0.027183382408845012,,0.46,0.13,-0.5,B_wf_seasonal,1,1.0,2006-01-01,common2006
wf_seasonal_N15_tstat,2006-01-03,2026-09-22,19.7,0.0036947323390667027,0.000557817823749529,0.07902904848878559,0.04675157312049625,0.04612408487824119,-0.23304245809289936,0.002393631736956543,-1.2937355287580319,0.20732974200953846,0.44809982983550767,1.1751972786557547,0.0030461055379336225,0.08529357434247424,0.07500842193335103,0.7098466505246166,XNGUSD,spot,,0.04798726234779694,,,0.11,0.01,B_wf_seasonal,1,1.0,2006-01-01,common2006
wf_seasonal_N15_tstat,2006-01-03,2026-09-22,21.0,-0.00040139304198606664,-0.0019931143192941647,0.056402988719833166,-0.007116520792539553,-0.008833480028556537,-0.2212672100437838,-0.009007725631374718,-0.8372112959602396,-0.03261199521653963,0.504160363086233,,,,,,PORT,spot,-0.3862540076087075,0.033486847365988635,,0.23,0.19,-0.32,B_wf_seasonal,1,1.0,2006-01-01,common2006
wf_seasonal_Nexp_sign,1995-10-31,2024-03-28,28.4,0.03884281371811471,0.02707131731286938,0.1556161595518048,0.24960655647837068,0.35672527653625197,-0.4817976087953859,0.05618815207604376,-0.2698895704029971,1.3300272454836497,0.5183114341627062,3.795912603120195,0.015988475958635243,0.35235879851879276,0.5922279068339108,0.9998602375960867,XTIUSD,fut,0.4476228680370214,0.10005580854014451,0.79,0.38,-0.07,0.13,B_wf_seasonal,1,1.0,1995-10-31,own
wf_seasonal_Nexp_sign,1995-10-31,2024-03-28,28.9,0.056656441337618726,0.04569896616122926,0.15460124960586744,0.366468197909498,0.5377206341748256,-0.45321295917204907,0.10083331739832484,-0.20836874562023197,1.9695720919877209,0.5183404313779365,3.0156188443494396,0.013543583883297683,0.45409682075883845,0.5078550934989537,1.0,XBRUSD,fut,0.43800154885110193,0.3136472427512777,1.02,0.28,0.22,0.27,B_wf_seasonal,1,1.0,1995-10-31,own
wf_seasonal_Nexp_sign,1995-10-31,2024-03-28,28.3,0.0038663366409087945,-0.00793183885337645,0.15378562729347145,0.02514107923447622,0.038853619882852714,-0.5523908251728549,-0.014359106798876335,-0.05190439782802485,0.13379549626787166,0.49782821913969455,3.689082088727085,0.012779064775523461,0.10824010209495182,0.3624176396792197,1.0,XNGUSD,fut,-0.12058376320294381,0.14024974384362496,-0.56,0.12,-0.04,0.51,B_wf_seasonal,1,1.0,1995-10-31,own
wf_seasonal_Nexp_sign,1995-10-31,2024-03-28,29.1,0.0340507072605796,0.027868753650737155,0.11451837339270185,0.29733837681936215,0.43776887105901635,-0.2866423248526301,0.09722483818488833,-0.16873053649822445,1.6037338857472727,0.5137089073796208,,,,,,PORT,fut,0.37481849560479,0.2386691237828019,0.58,0.33,0.04,0.49,B_wf_seasonal,1,1.0,1995-10-31,own
wf_seasonal_Nexp_sign,2006-01-03,2024-03-28,18.3,0.01310987831444283,0.0013524121959691549,0.15317273057008282,0.0855888529612947,0.12015871803873068,-0.4817976087953849,0.0028070130928016124,-0.3503193728262834,0.36627121441309984,0.5150595882990249,2.907834475825693,0.015062336386452975,0.18393652502093463,0.5687387864854555,1.0,XTIUSD,fut,-0.040813164752855714,0.10005580854014451,,0.41,-0.07,0.13,B_wf_seasonal,1,1.0,2006-01-01,common2006
wf_seasonal_Nexp_sign,2006-01-03,2024-03-28,18.7,0.04277782541629793,0.03155527408178971,0.15284908261721747,0.279869690310325,0.4004076164591402,-0.4532129591720494,0.0696257100402344,-0.35007233540448707,1.2095607788861351,0.521351179094965,2.5589016681208925,0.01342391551193989,0.36773556461581325,0.5129422159822685,1.0,XBRUSD,fut,-0.024533025378045397,0.3136472427512777,,0.44,0.22,0.27,B_wf_seasonal,1,1.0,2006-01-01,common2006
wf_seasonal_Nexp_sign,2006-01-03,2024-03-28,18.2,0.0034566946660198818,-0.007656130341624268,0.14920370093019386,0.023167620135891426,0.035728105106028245,-0.47573153294087833,-0.016093384212510747,-0.1653363276917309,0.09893983080579072,0.49869451697127937,3.6060518099656256,0.012771562854199855,0.10876831085093247,0.36613710398472515,1.0,XNGUSD,fut,-0.9658347306044585,0.14024974384362496,,-0.42,-0.04,0.51,B_wf_seasonal,1,1.0,2006-01-01,common2006
wf_seasonal_Nexp_sign,2006-01-03,2024-03-28,18.7,0.01939588478802502,0.013125377172377828,0.11267819526775567,0.17213520985080422,0.2481736412336563,-0.2866423248526314,0.04579008762619354,-0.27501168245661767,0.7446571110843887,0.5156912637828668,,,,,,PORT,fut,-0.42283730581486223,0.2386691237828019,,0.12,0.04,0.49,B_wf_seasonal,1,1.0,2006-01-01,common2006
wf_seasonal_Nexp_sign,2002-01-31,2026-09-22,23.2,0.03177913596832606,0.020847056905576755,0.1492203579807316,0.21296783092042715,0.3053144174654752,-0.44264647003332525,0.047096403827657896,-0.1604917380631499,1.026718409661075,0.5096465767457743,3.940147173273793,0.012136403486936887,0.2943053646028779,0.41687703360121414,1.0,XTIUSD,spot,0.3834247425374956,0.1703993987077969,,0.4,-0.05,0.37,B_wf_seasonal,1,1.0,2002-01-31,own
wf_seasonal_Nexp_sign,2002-01-31,2026-09-22,24.0,0.03870002907651145,0.027665107656673626,0.15101759177353066,0.2562617283325963,0.3717724905931614,-0.48430799979393924,0.0571229623884892,-0.0844484955862168,1.2564584024495973,0.5130406074612083,3.166408018113397,0.012596250318081684,0.33966357148089993,0.44988066804840254,1.0,XBRUSD,spot,-0.08452669169655802,0.34250083146538124,,0.11,0.34,0.28,B_wf_seasonal,1,1.0,2002-01-31,own
wf_seasonal_Nexp_sign,2002-01-31,2026-09-22,20.6,0.02627256498070103,0.014539265218140196,0.15377650122335138,0.1708490229111252,0.22592174143695679,-0.4134304590461857,0.03516737797133609,-0.1279997975843992,0.7760186124366918,0.46036937283570606,2.7198313544879467,0.008464721074067282,0.2258551405871819,0.20931765501111863,0.9998076553183305,XNGUSD,spot,0.1389313968386629,0.17413559360555422,,0.34,0.14,0.12,B_wf_seasonal,1,1.0,2002-01-31,own
wf_seasonal_Nexp_sign,2002-01-31,2026-09-22,24.9,0.0323116825589006,0.026855904152457866,0.10776097546128403,0.29984586183065337,0.4273225531590593,-0.37656943353763817,0.0713172704968727,-0.11951112912288187,1.4963709093956028,0.5135436583811345,,,,,,PORT,spot,0.0020236331827909247,0.4022979398633751,,0.18,0.27,0.47,B_wf_seasonal,1,1.0,2002-01-31,own
wf_seasonal_Nexp_sign,2006-01-03,2026-09-22,20.3,0.023933438229423672,0.012906445270259193,0.1490205581266786,0.16060494290377347,0.23197563773750782,-0.4426464700333249,0.029157456670302877,-0.06720140712785773,0.7236422325860532,0.5099687255668491,3.6240862787149104,0.011915707860338005,0.240563903146719,0.42419363267213783,1.0,XTIUSD,spot,0.052621512617781745,0.1703993987077969,,0.27,-0.05,0.37,B_wf_seasonal,1,1.0,2006-01-01,common2006
wf_seasonal_Nexp_sign,2006-01-03,2026-09-22,20.7,0.04688767528377155,0.035922633920580926,0.15223350308863728,0.30799839938302814,0.4443930540865985,-0.4843079997939388,0.07417311697486956,-0.0770066693374663,1.400582597133775,0.5148723853387066,2.799038939094195,0.012512180423340102,0.3901946978816818,0.46034597267016436,1.0,XBRUSD,spot,-0.0906510828678064,0.34250083146538124,,0.28,0.34,0.28,B_wf_seasonal,1,1.0,2006-01-01,common2006
wf_seasonal_Nexp_sign,2006-01-03,2026-09-22,19.7,0.02024584078403775,0.008628086532102008,0.1526033560285607,0.1326696955488227,0.1758073212914447,-0.41343045904618414,0.020869498952756572,-0.08577410778711252,0.5883518332041413,0.4580306698950767,2.5758371057847804,0.00805141473168097,0.18540870051220276,0.214223526717646,1.0,XNGUSD,spot,-0.8349881312611233,0.17413559360555422,,0.12,0.14,0.12,B_wf_seasonal,1,1.0,2006-01-01,common2006
wf_seasonal_Nexp_sign,2006-01-03,2026-09-22,21.0,0.03419985043129804,0.029131966798447984,0.10470921078193855,0.3266174023842153,0.46820275508908726,-0.2991122910216856,0.09739474997480435,-0.0540786140236859,1.4967489697155167,0.512660619803477,,,,,,PORT,spot,-0.42186277888761203,0.4022979398633751,,0.18,0.27,0.47,B_wf_seasonal,1,1.0,2006-01-01,common2006
wf_seasonal_Nexp_tstat,1995-10-31,2024-03-28,28.4,0.02301674316226476,0.017796808005627218,0.10350905727675086,0.22236453280339694,0.27312061251074377,-0.32496129580746114,0.05476593131316102,-0.7774937200559859,1.184868263199603,0.5178920883421861,3.573033216627251,0.009621189239890209,0.3153008887961124,0.3408216670434238,0.9998602375960867,XTIUSD,fut,0.3781062399751468,0.09767761383903602,0.99,0.19,0.04,-0.07,B_wf_seasonal,1,1.0,1995-10-31,own
wf_seasonal_Nexp_tstat,1995-10-31,2024-03-28,28.9,0.023407899575611613,0.01852146777863517,0.10040563642008149,0.23313332209435553,0.30024157548271646,-0.3628265540132566,0.05104771845877204,-0.6534987539435668,1.2529678906075858,0.5153180381920593,2.918285066825921,0.008340513646602805,0.3162132465063603,0.29854036931649186,1.0,XBRUSD,fut,0.3903125100515926,0.12124735106115925,0.99,0.17,0.19,-0.13,B_wf_seasonal,1,1.0,1995-10-31,own
wf_seasonal_Nexp_tstat,1995-10-31,2024-03-28,28.3,-0.012607469721324382,-0.014914623443371022,0.0695586335606245,-0.18124953116475787,-0.23378922285012815,-0.41551921521477275,-0.035893944003677375,0.028860022534396804,-0.9645715979150595,0.4974078744570548,2.244901302350258,0.005743454972245473,-0.09867758767125899,0.13959797526070586,1.0,XNGUSD,fut,-0.27310065676365264,-0.10451984895206082,-0.5,-0.07,-0.29,0.12,B_wf_seasonal,1,1.0,1995-10-31,own
wf_seasonal_Nexp_tstat,1995-10-31,2024-03-28,29.1,0.01202410846965852,0.009436784721504443,0.07249884772429231,0.16585240796357625,0.21662569762659614,-0.26846115022265293,0.03515139793477708,-0.43527613583390096,0.8945469116001703,0.5168462692674942,,,,,,PORT,fut,0.29262727347404693,0.06392544994400924,0.73,0.14,0.0,0.03,B_wf_seasonal,1,1.0,1995-10-31,own
wf_seasonal_Nexp_tstat,2006-01-03,2024-03-28,18.3,0.006011385929832444,0.0010049531842044601,0.09984509381373127,0.06020712385775458,0.07261585269792929,-0.3249612958074579,0.003092531932787167,-1.0400832064200638,0.2576519676186358,0.5148429035752979,2.8655604298566675,0.008851937802222397,0.1488805331033632,0.3205984166219426,1.0,XTIUSD,fut,-0.2455011224702329,0.09767761383903602,,0.26,0.04,-0.07,B_wf_seasonal,1,1.0,2006-01-01,common2006
wf_seasonal_Nexp_tstat,2006-01-03,2024-03-28,18.7,0.006863778418136654,0.0017113351385267261,0.10131935465547581,0.06774400055622246,0.0862167681396904,-0.3628265540132575,0.00471667555639876,-0.9204920804175951,0.2927808509266937,0.5185893350329297,2.689717689223789,0.00859244871700816,0.15257409278576595,0.31377242757854895,1.0,XBRUSD,fut,-0.3884884417514408,0.12124735106115925,,0.02,0.19,-0.13,B_wf_seasonal,1,1.0,2006-01-01,common2006
wf_seasonal_Nexp_tstat,2006-01-03,2024-03-28,18.2,-0.014837822919843776,-0.016835074600333733,0.06540709370477618,-0.2268534203157888,-0.2916012880157072,-0.3460617683662939,-0.048647600339701245,-0.18694913487534606,-0.9688020993139206,0.4991296779808529,2.2492817233196467,0.005691176896408906,-0.13984402372902505,0.13743589212169746,1.0,XNGUSD,fut,-1.2742650858496367,-0.10451984895206082,,-0.49,-0.29,0.12,B_wf_seasonal,1,1.0,2006-01-01,common2006
wf_seasonal_Nexp_tstat,2006-01-03,2024-03-28,18.7,-0.0009141008525860105,-0.003351996420192571,0.06983975403558385,-0.013088546275811191,-0.016802194299984797,-0.2684611502226574,-0.012485964607588395,-0.6868082124435348,-0.05662106588470494,0.5167514843087362,,,,,,PORT,fut,-0.6559380246211944,0.06392544994400924,,-0.09,0.0,0.03,B_wf_seasonal,1,1.0,2006-01-01,common2006
wf_seasonal_Nexp_tstat,2002-01-31,2026-09-22,23.2,0.003543400944545496,-0.00032075068867531975,0.08781106937462814,0.04035255429390449,0.04951674172830472,-0.2778293132487458,-0.0011544882896793024,-0.578002683626135,0.19453975838200602,0.5067440669284616,2.4905684153642977,0.0061120248544106115,0.10996580169101437,0.20434411241525705,1.0,XTIUSD,spot,0.03442626314947589,0.041874544059135356,,0.13,0.08,-0.08,B_wf_seasonal,1,1.0,2002-01-31,own
wf_seasonal_Nexp_tstat,2002-01-31,2026-09-22,24.0,0.00900912793920577,0.005624311580082919,0.08241854127843598,0.1093094806030366,0.13572271055752702,-0.3157443453797979,0.01781286557425955,-0.34942605085557543,0.535947432590607,0.5127104655001651,2.657908565574816,0.006420711774259008,0.18721329503950546,0.21598551251230422,1.0,XBRUSD,spot,-0.05148999507835291,0.14833130467318936,,0.07,0.31,-0.09,B_wf_seasonal,1,1.0,2002-01-31,own
wf_seasonal_Nexp_tstat,2002-01-31,2026-09-22,20.6,0.00623283613115504,0.002726584106276242,0.08364686858596719,0.0745136815821062,0.08889138290449569,-0.23719853362792187,0.01149494503432833,-0.8853598166357469,0.33845088958439806,0.4588303193535975,1.6240706184765032,0.004271776861509672,0.12556597022784294,0.0977243836809773,0.9998076553183305,XNGUSD,spot,0.054238617935798025,0.07667514260567466,,0.15,0.06,0.06,B_wf_seasonal,1,1.0,2002-01-31,own
wf_seasonal_Nexp_tstat,2002-01-31,2026-09-22,24.9,0.007793542713499853,0.005969781218948311,0.06064730578288904,0.12850600060289427,0.16321686067732538,-0.22993424421148545,0.025962993200166897,-0.5498418908429862,0.6413049685292893,0.5076481835564054,,,,,,PORT,spot,-0.06312358700957285,0.1962103991284686,,0.06,0.27,0.05,B_wf_seasonal,1,1.0,2002-01-31,own
wf_seasonal_Nexp_tstat,2006-01-03,2026-09-22,20.3,0.0021547365895616772,-0.0017057947777191496,0.0877848558405929,0.02454565276583046,0.030047286451687957,-0.2778293132487468,-0.00613972211129469,-0.5822292330488383,0.11059604173197744,0.5058639562157936,2.3257109170462757,0.005953368154072964,0.09236673640035402,0.20644561841236872,1.0,XTIUSD,spot,-0.15249378870195612,0.041874544059135356,,0.11,0.08,-0.08,B_wf_seasonal,1,1.0,2006-01-01,common2006
wf_seasonal_Nexp_tstat,2006-01-03,2026-09-22,20.7,0.010653283226399152,0.007170347288271373,0.08371276209452347,0.12725996562352224,0.15758479810799178,-0.3157443453797971,0.02270934505460875,-0.370767344116181,0.5786981150590008,0.5154480905776243,2.5942963936226158,0.006507016443433794,0.20500221753164044,0.22395052643056115,1.0,XBRUSD,spot,-0.11832592979692552,0.14833130467318936,,0.15,0.31,-0.09,B_wf_seasonal,1,1.0,2006-01-01,common2006
wf_seasonal_Nexp_tstat,2006-01-03,2026-09-22,19.7,0.004721662610632404,0.001281113976911552,0.08282714792218616,0.05700621993006781,0.06821283745441659,-0.2371985336279211,0.005401019801080042,-0.8822661949516118,0.25280614281315794,0.45641646489104115,1.5410601642942774,0.00409000173831473,0.10637894299804974,0.10019664645141715,1.0,XNGUSD,spot,-0.3886753740277373,0.07667514260567466,,0.04,0.06,0.06,B_wf_seasonal,1,1.0,2006-01-01,common2006
wf_seasonal_Nexp_tstat,2006-01-03,2026-09-22,21.0,0.008396755707596478,0.006695144120633545,0.058674551982289755,0.14310728286653035,0.18203762196179554,-0.21565336468336627,0.031045859778092086,-0.6363283319784522,0.6557999562353323,0.5083144368858654,,,,,,PORT,spot,-0.36486495966522475,0.1962103991284686,,0.05,0.27,0.05,B_wf_seasonal,1,1.0,2006-01-01,common2006
