key,sym,family,bar,z,window_h,thr,exit,is_days,is_sharpe,is_gross_sharpe,is_ann_ret,is_ann_vol,is_max_dd,is_t_stat,is_trades,is_trades_py,is_avg_bps,is_avg_gross_bps,is_hit,oos_days,oos_sharpe,oos_gross_sharpe,oos_ann_ret,oos_ann_vol,oos_max_dd,oos_t_stat,oos_trades,oos_trades_py,oos_avg_bps,oos_avg_gross_bps,oos_hit,full_days,full_sharpe,full_gross_sharpe,full_ann_ret,full_ann_vol,full_max_dd,full_t_stat,full_trades,full_trades_py,full_avg_bps,full_avg_gross_bps,full_hit,is_sharpe_0x,oos_sharpe_0x,full_sharpe_0x,is_sharpe_2x,oos_sharpe_2x,full_sharpe_2x
XTIUSD|mr|5m|retz|1h|z2|mean,XTIUSD,E_meanrev,5,retz,1,2.0,mean,2008,-3.7980626375888953,-1.0110867304156868,-0.6596463285458561,0.17367968659006006,-0.9956430178301732,-10.721207627965411,6414,804.9442231075697,-8.1949321407541,-2.1949321407541005,0.5863735578422201,1840,-2.3641265973140673,0.14714001040005514,-0.4533742792138672,0.19177242019482166,-0.9796641806786156,-6.388212733309093,5862,802.8391304347826,-5.647137290983058,0.3528627090169399,0.5668713749573524,3848,-3.0715802656300673,-0.42848783854617123,-0.5610131240835745,0.18264641505908852,-0.9999104712730829,-12.002704937027152,12276,803.9376299376299,-6.97831651601006,-0.9783165160100601,0.5770609318996416,-1.0110867304156868,0.14714001040005514,-0.42848783854617123,-6.600367111701608,-4.885035557610423,-5.726901741455069
XTIUSD|mr|5m|retz|1h|z2|time30,XTIUSD,E_meanrev,5,retz,1,2.0,time30,2008,-3.808128661755819,-0.7207308597638068,-0.6118299211321577,0.1606641937486588,-0.9931789434635765,-10.749622097493543,6589,826.906374501992,-7.3990229123658064,-1.3990229123658058,0.4557595993322204,1840,-2.860288881490343,0.18608203096057507,-0.46730812572466696,0.16337794715377763,-0.9758620201902806,-7.7289151411935295,6056,829.408695652174,-5.634232293130434,0.36576770686956517,0.4369220607661823,3848,-3.3499348158337687,-0.28350966657662113,-0.5427238651161019,0.16201027630474144,-0.9998336432000017,-13.090421110802154,12645,828.1029106029106,-6.553821489662016,-0.5538214896620172,0.44673784104389086,-0.7207308597638068,0.18608203096057507,-0.28350966657662113,-6.867144574239148,-5.875801191589012,-6.3868727544321855
XTIUSD|mr|5m|retz|1h|z3|mean,XTIUSD,E_meanrev,5,retz,1,3.0,mean,2008,-2.552184407649587,-0.8758828918011774,-0.301367016542545,0.11808199111289396,-0.9185970949914511,-7.204330615420691,2631,330.18525896414343,-9.127209902949424,-3.1272099029494234,0.5659445077917141,1840,-2.00228997525931,-0.49200727584637116,-0.2737933766125626,0.1367401225574755,-0.9027608079654758,-5.41047773425537,2514,344.3086956521739,-7.951973913814625,-1.9519739138146264,0.5465393794749404,3848,-2.2632434061191886,-0.6764214493367352,-0.2881821159523247,0.12733147268789538,-0.9918717379955452,-8.843995746517997,5145,336.9386694386694,-8.552954649949447,-2.552954649949447,0.5564625850340136,-0.8758828918011774,-0.49200727584637116,-0.6764214493367352,-4.20391283274539,-3.4962417896449445,-3.8301793625915987
XTIUSD|mr|5m|retz|1h|z3|time30,XTIUSD,E_meanrev,5,retz,1,3.0,time30,2008,-2.769756238879232,-0.8735834847933952,-0.2905008642189653,0.10488318796477017,-0.9065857436752499,-7.818494466623125,2645,331.9422310756972,-8.751548824551904,-2.7515488245519037,0.4431001890359168,1840,-2.00514349182769,-0.40499498089863556,-0.26191303715306546,0.13062059559355102,-0.8875760900443809,-5.41818834962493,2545,348.55434782608694,-7.514266821992086,-1.5142668219920876,0.42278978388998034,3848,-2.348394235786219,-0.6200364018285097,-0.2768310092810092,0.11788097801574143,-0.9893455208420334,-9.176736614491627,5190,339.88565488565484,-8.144827688421897,-2.144827688421897,0.43314065510597305,-0.8735834847933952,-0.40499498089863556,-0.6200364018285097,-4.626657437783563,-3.582792641975584,-4.047721362447064
XTIUSD|mr|5m|pxz|1h|z2|mean,XTIUSD,E_meanrev,5,pxz,1,2.0,mean,2008,-2.9488572931796146,-0.37319787786828734,-0.5260402035847662,0.17838781306963883,-0.987011774397575,-8.32406263986444,6095,764.910358565737,-6.877148383388744,-0.8771483833887436,0.5947497949138638,1840,-2.4615833620118637,0.051199966878660574,-0.433682340953096,0.17618023734067062,-0.9752066066756032,-6.651555037353592,5388,737.9217391304348,-5.877077716454679,0.12292228354532088,0.5684855233853007,3848,-2.717306143937205,-0.17181906058401483,-0.48187740024737713,0.17733644084327105,-0.9996757503004662,-10.618320554471675,11483,752.0051975051974,-6.407899863538465,-0.40789986353846586,0.582426195245145,-0.37319787786828734,0.051199966878660574,-0.17181906058401483,-5.551045072960066,-4.989299300905994,-5.283477192557675
XTIUSD|mr|5m|pxz|1h|z2|time30,XTIUSD,E_meanrev,5,pxz,1,2.0,time30,2008,-2.9898576418108203,0.027407146404924688,-0.4686389921093763,0.1567429116208834,-0.9795747100949644,-8.43979881707851,6281,788.2529880478088,-5.945286592189267,0.054713407810732445,0.46760070052539404,1840,-2.5604646212665303,0.4253200784730136,-0.3901222691282875,0.15236385845289052,-0.9661660613575486,-6.9187465321635395,5537,758.3282608695653,-5.144503894407673,0.8554961055923267,0.4406718439588225,3848,-2.787295298104525,0.2145707117809937,-0.43109461313713016,0.1546641338756938,-0.9993032675362664,-10.891814682449516,11818,773.9438669438669,-5.5701018064711505,0.4298981935288478,0.454983922829582,0.027407146404924688,0.4253200784730136,0.2145707117809937,-6.010985991050354,-5.531984376522118,-5.7841192990582035
XTIUSD|mr|5m|pxz|1h|z3|mean,XTIUSD,E_meanrev,5,pxz,1,3.0,mean,2008,-0.17554569542454335,0.026853366445718372,-0.003788904365363885,0.021583578886401746,-0.10479957717187016,-0.49553207211898076,58,7.278884462151394,-5.205336593904409,0.7946634060955902,0.5862068965517241,1840,-0.521951358864169,-0.2733616916042978,-0.015431411276002139,0.029564845485952576,-0.13128958040082206,-1.4103882256780478,90,12.32608695652174,-12.519310735380925,-6.519310735380923,0.4888888888888889,3848,-0.3639032615353385,-0.1383206067626736,-0.009356007461926875,0.02571015006145615,-0.21577465022095776,-1.4220118297753574,148,9.692307692307692,-9.653023571829316,-3.6530235718293165,0.527027027027027,0.026853366445718372,-0.2733616916042978,-0.1383206067626736,-0.3750976814842021,-0.7639336281594699,-0.5845074763397592
XTIUSD|mr|5m|pxz|1h|z3|time30,XTIUSD,E_meanrev,5,pxz,1,3.0,time30,2008,-0.16359251098189126,0.04421701684301312,-0.0034392775865943978,0.021023441513010985,-0.0932006866786248,-0.4617905084710486,58,7.278884462151394,-4.725006427122025,1.2749935728779733,0.46551724137931033,1840,-0.46881099182090746,-0.24312299065635945,-0.015299793713957833,0.032635313550418155,-0.13451929200572033,-1.2667952515183039,90,12.32608695652174,-12.41253105541553,-6.4125310554155295,0.3888888888888889,3848,-0.3349443334693418,-0.12153344648083748,-0.00911062625456444,0.02720041912695429,-0.2151241161885158,-1.308850056743373,148,9.692307692307692,-9.399852484868076,-3.3998524848680756,0.4189189189189189,0.04421701684301312,-0.24312299065635945,-0.12153344648083748,-0.3686050815343885,-0.689958610900112,-0.5444895827275122
XTIUSD|mr|5m|retz|4h|z2|mean,XTIUSD,E_meanrev,5,retz,4,2.0,mean,2008,-3.1051578854629915,-0.6038761095053331,-0.5480068739922861,0.17648277292366282,-0.9889445170456281,-8.765269450320796,5853,734.5398406374502,-7.46054663987611,-1.4605466398761093,0.513582778062532,1840,-2.6441168672946067,-0.277537487811139,-0.4571761159666541,0.17290314267932685,-0.9785331526464851,-7.144787025872122,4979,681.9065217391304,-6.70438104625653,-0.70438104625653,0.48343040771239204,3848,-2.886895267586342,-0.44995601886641284,-0.5045742869945826,0.17478094638897107,-0.9997599718553504,-11.281017940070372,10832,709.3721413721413,-7.112970154404185,-1.112970154404185,0.49972304283604135,-0.6038761095053331,-0.277537487811139,-0.44995601886641284,-5.620233412201903,-5.00042733383317,-5.325468523636871
XTIUSD|mr|5m|retz|4h|z2|time30,XTIUSD,E_meanrev,5,retz,4,2.0,time30,2008,-3.6689679682524887,-0.7177117461020914,-0.5930694354934848,0.16164475695217392,-0.9921639710307674,-10.356797957645233,6338,795.406374501992,-7.456181575924743,-1.4561815759247434,0.4551909119596087,1840,-2.7772813636767544,-0.1758642861434733,-0.47650093764139095,0.17157099884563606,-0.9796549208365857,-7.50461679657036,5433,744.0847826086957,-6.403852743377183,-0.40385274337718374,0.44082459046567274,3848,-3.227521532933353,-0.4506993251188547,-0.5373298211359347,0.16648372928052296,-0.9998391499793047,-12.612071079885697,11771,770.8659043659043,-6.970470714720862,-0.9704707147208618,0.4485600203890918,-0.7177117461020914,-0.1758642861434733,-0.4506993251188547,-6.583095780797812,-5.340419404767006,-5.965641458166465
XTIUSD|mr|5m|retz|4h|z3|mean,XTIUSD,E_meanrev,5,retz,4,3.0,mean,2008,-1.943768168290964,-0.4439041642062449,-0.25253881829639574,0.12992229341755177,-0.8894673947687075,-5.486887421663719,2585,324.41235059760953,-7.784500738988098,-1.7845007389880974,0.5203094777562862,1840,-2.0258422577455937,-0.46806829365717345,-0.25183290422773125,0.12431022369331805,-0.8810541838329551,-5.474119415309298,2358,322.9434782608696,-7.798048921251288,-1.7980489212512878,0.47116200169635286,3848,-1.981885977957944,-0.4550752462454505,-0.25220127102863515,0.12725316886720864,-0.9867359922557958,-7.744545333371296,4943,323.70997920997917,-7.790963739954434,-1.7909637399544343,0.49686425247825206,-0.4439041642062449,-0.46806829365717345,-0.4550752462454505,-3.4427385202072505,-3.5633701435224094,-3.4991025600848
XTIUSD|mr|5m|retz|4h|z3|time30,XTIUSD,E_meanrev,5,retz,4,3.0,time30,2008,-2.5249918285778326,-0.6805835795362479,-0.2780001113567592,0.11009941030713712,-0.89701692859863,-7.127571142503409,2699,338.7191235059761,-8.207393443844172,-2.2073934438441727,0.46350500185253796,1840,-2.0705075717358,-0.507447749385763,-0.2699489891181654,0.13037817045597905,-0.8967850874890444,-5.594811567706575,2482,339.9260869565218,-7.9414025423913195,-1.9414025423913195,0.4234488315874295,3848,-2.280632075700419,-0.588481686909469,-0.27415030238612187,0.12020803588054679,-0.9892317483917319,-8.911944832064085,5181,339.2962577962578,-8.07996834880345,-2.0799683488034506,0.4443157691565335,-0.6805835795362479,-0.507447749385763,-0.588481686909469,-4.338761566326893,-3.611347221882373,-3.9469474761529493
XTIUSD|mr|5m|pxz|4h|z2|mean,XTIUSD,E_meanrev,5,pxz,4,2.0,mean,2008,-2.23845364833272,-0.30862736090795995,-0.39950757920275987,0.17847480536410806,-0.964206474204405,-6.318728420073366,4571,573.6513944223108,-6.964291956530143,-0.9642919565301434,0.5084226646248086,1840,-2.4092934302483906,-0.4886550989027507,-0.37805149835092583,0.15691384602827307,-0.951115172366944,-6.510260062585833,3669,502.49347826086955,-7.523510547029636,-1.5235105470296353,0.4641591714363587,3848,-2.3102244031027652,-0.38787155763356435,-0.38924791476217396,0.16848922305529782,-0.9982147543519552,-9.027581717150467,8240,539.6257796257796,-7.213293535236775,-1.213293535236774,0.4887135922330097,-0.30862736090795995,-0.4886550989027507,-0.38787155763356435,-4.175062557286343,-4.313196677529492,-4.22925879472792
XTIUSD|mr|5m|pxz|4h|z2|time30,XTIUSD,E_meanrev,5,pxz,4,2.0,time30,2008,-3.358123582635645,-0.4867990913559597,-0.5232551653491596,0.15581772155582177,-0.9861336740557575,-9.47934344565194,5950,746.7131474103586,-7.007445458324078,-1.0074454583240795,0.4773109243697479,1840,-3.329324694163334,-0.44084616684616845,-0.46061359627598397,0.13835045800233586,-0.974941303022164,-8.996317891240729,4874,667.5260869565218,-6.9003085463832265,-0.9003085463832278,0.4446040213377103,3848,-3.339495893121152,-0.46541050975985815,-0.49330181631209014,0.1477174496091509,-0.9996478606269034,-13.04962930386747,10824,708.8482328482328,-6.959202174066899,-0.9592021740668999,0.4625831485587583,-0.4867990913559597,-0.44084616684616845,-0.46541050975985815,-6.152587825827118,-6.099362634892981,-6.118321919575638
XTIUSD|mr|5m|pxz|4h|z3|mean,XTIUSD,E_meanrev,5,pxz,4,3.0,mean,2008,-0.9440959180477216,0.2058114345265499,-0.10670917295006156,0.11302789357539378,-0.6676936804042104,-2.665003009147275,1728,216.8605577689243,-4.920635363474694,1.079364636525307,0.5017361111111112,1840,-0.8627214426499749,0.1153661020149853,-0.09267998613544248,0.10742747491097751,-0.6289368776872396,-2.331198384848257,1279,175.16739130434783,-5.290938310225441,0.7090616897745593,0.4847537138389367,3848,-0.9060344712013703,0.16375830166294492,-0.10000082998257218,0.11037199263508655,-0.8735903847204926,-3.5404786722624464,3007,196.92411642411642,-5.078140341490724,0.9218596585092755,0.4945128034585966,0.2058114345265499,0.1153661020149853,0.16375830166294492,-2.1018899799569213,-1.8390916971183493,-1.978878256245536
XTIUSD|mr|5m|pxz|4h|z3|time30,XTIUSD,E_meanrev,5,pxz,4,3.0,time30,2008,-1.3475751133801397,0.20991570835332266,-0.12124121222827706,0.08996991041498696,-0.6522747762582406,-3.8039479501578795,1861,233.55179282868525,-5.191191673583505,0.8088083264164939,0.4836109618484686,1840,-1.1372222990293277,0.04542762659912571,-0.10652942656710587,0.0936751122960161,-0.6570646766729766,-3.0729394862000623,1348,184.61739130434782,-5.770281218603539,0.22971878139646032,0.456973293768546,3848,-1.244764016739345,0.1297458832144787,-0.11420647064393324,0.0917494955735439,-0.8803586745572343,-4.864120067553033,3209,210.15280665280665,-5.434448983239787,0.565551016760213,0.4724213150514179,0.20991570835332266,0.04542762659912571,0.1297458832144787,-2.8883095817722237,-2.300520423062764,-2.600403100958464
XTIUSD|mr|5m|vwap|day|d0.25|vwap,XTIUSD,E_meanrev,5,vwap,0,0.25,vwap,2008,-2.1187599629487726,-0.30720845227791194,-0.35327443476353343,0.1667364123078226,-0.9542422388416235,-5.980855937387742,4024,505.003984063745,-6.995478172681918,-0.9954781726819181,0.48434393638170975,1840,-2.3861810704815314,-0.680271553703582,-0.4471858036174203,0.18740648358558062,-0.9668309082318165,-6.447807116484209,3919,536.7326086956522,-8.331630990413549,-2.3316309904135477,0.47843837713702475,3848,-2.2505810689047507,-0.49567956193425683,-0.39818007891404067,0.1769232330332432,-0.9984266537272197,-8.794515581829264,7943,520.1756756756756,-7.654723154765546,-1.654723154765546,0.4814301901044945,-0.30720845227791194,-0.680271553703582,-0.49567956193425683,-3.8469131576521343,-4.014054248191183,-3.9248159389431208
XTIUSD|mr|5m|vwap|day|d0.25|time30,XTIUSD,E_meanrev,5,vwap,0,0.25,time30,2008,-3.3011941912219465,-0.527942902741506,-0.5141255231608255,0.1557392547605691,-0.985608629480436,-9.31864261374901,5785,726.0059760956175,-7.081560484195153,-1.0815604841951527,0.4696629213483146,1840,-2.9525865299975624,-0.4864320459804372,-0.559625824813135,0.18953748488908712,-0.9854845073061851,-7.978316765505096,5726,784.2130434782609,-7.136145330240844,-1.1361453302408453,0.4332867621376179,3848,-3.1027739229121485,-0.5032797060936643,-0.5358824241588114,0.1727107541421684,-0.9997895717702535,-12.124599281919608,11511,753.8388773388773,-7.108713019027716,-1.108713019027716,0.45156806532881594,-0.527942902741506,-0.4864320459804372,-0.5032797060936643,-5.766619743609817,-5.205166742540949,-5.449613880010462
XTIUSD|mr|5m|vwap|day|d0.5|vwap,XTIUSD,E_meanrev,5,vwap,0,0.5,vwap,2008,-0.8039247903343376,0.02142650139705506,-0.07176080029731925,0.08926307679537442,-0.520841839777888,-2.269326605923113,978,122.73705179282868,-5.846710447179907,0.1532895528200946,0.48773006134969327,1840,-1.2861371786722984,-0.6573920394954489,-0.17336579392940135,0.13479572537384374,-0.7534457591505377,-3.47532907540193,1051,143.9413043478261,-12.044200565980189,-6.04420056598019,0.4509990485252141,3848,-1.0615186570356987,-0.3647310163421729,-0.12034530868688033,0.11337088414719511,-0.8782763155026158,-4.148058694124751,2029,132.87629937629936,-9.056943130698437,-3.056943130698436,0.46870379497289305,0.02142650139705506,-0.6573920394954489,-0.3647310163421729,-1.5917895837702396,-1.8845139829004962,-1.725359353955045
XTIUSD|mr|5m|vwap|day|d0.5|time30,XTIUSD,E_meanrev,5,vwap,0,0.5,time30,2008,-1.2179038930190973,0.03782971321363907,-0.09594155586559096,0.078775966162452,-0.5675230854737291,-3.4379107860775773,1312,164.65338645418328,-5.826880207671151,0.17311979232884941,0.4794207317073171,1840,-1.7205872636728738,-0.721374435749426,-0.20399380565098033,0.11856056938113231,-0.7918701512150608,-4.649276176264057,1486,203.51739130434783,-10.023409023847012,-4.023409023847013,0.4528936742934051,3848,-1.4784099584117638,-0.39423913893250234,-0.14760895181286654,0.09984304486926002,-0.9094477991285862,-5.777130002213699,2798,183.23700623700623,-8.055629964939676,-2.0556299649396754,0.4653323802716226,0.03782971321363907,-0.721374435749426,-0.39423913893250234,-2.329639996592742,-2.6087463969542584,-2.4410342814275765
XTIUSD|mr|15m|retz|1h|z2|mean,XTIUSD,E_meanrev,15,retz,1,2.0,mean,2008,-2.7508110574891576,-0.5784299493265451,-0.42464531435917385,0.15437094932531467,-0.9696739305129992,-7.765015826955034,4453,558.8426294820717,-7.5986564366560545,-1.598656436656055,0.558050752301819,1840,-2.4294597346206848,-0.1382214212069698,-0.3509728119996734,0.14446537516065122,-0.9420952829864858,-6.564752339996543,4028,551.6608695652174,-6.362111785747773,-0.362111785747773,0.5409632571996028,3848,-2.6010609697651517,-0.3750227891767699,-0.38941729867791586,0.1497147906967656,-0.9982263018418216,-10.164073422611592,8481,555.4085239085239,-7.0113669833063845,-1.0113669833063839,0.5499351491569391,-0.5784299493265451,-0.1382214212069698,-0.3750227891767699,-4.91288430488243,-4.708206037940903,-4.81575703911954
XTIUSD|mr|15m|retz|1h|z2|time30,XTIUSD,E_meanrev,15,retz,1,2.0,time30,2008,-3.075894743151898,-0.4417473491238522,-0.41478534201628914,0.1348503042699227,-0.9662246984323878,-8.682665171639627,4721,592.4760956175298,-7.0008789398324005,-1.0008789398324007,0.462825672527007,1840,-2.588449088268884,0.21500333807811337,-0.3236175221607037,0.12502371540833906,-0.9250242776638647,-6.994364618201068,4264,583.9826086956522,-5.541560953048174,0.4584390469518248,0.44043151969981237,3848,-2.849646117738554,-0.13988902921802707,-0.3711915820021839,0.13025883448880918,-0.9974372796920439,-11.135460762294196,8985,588.4147609147609,-6.308332262520443,-0.3083322625204432,0.45219810795770726,-0.4417473491238522,0.21500333807811337,-0.13988902921802707,-5.6639678072924164,-5.344833955036271,-5.512709350600685
XTIUSD|mr|15m|retz|1h|z3|mean,XTIUSD,E_meanrev,15,retz,1,3.0,mean,2008,-2.4766607920351245,-0.956115398231402,-0.30312484220978453,0.12239255500172894,-0.9186203173520477,-6.991141829168518,2475,310.6075697211155,-9.759093845715045,-3.7590938457150447,0.5385858585858586,1840,-1.9555187193347803,-0.3145706320877049,-0.22013135508193238,0.11256929064673732,-0.8374596859243446,-5.284095021506656,2249,308.01521739130436,-7.146768817018421,-1.1467688170184218,0.5255669186305024,3848,-2.2361154461910018,-0.6621014158628004,-0.26343980678482404,0.11781136221457945,-0.9864136451349536,-8.737988782544118,4724,309.36798336798336,-8.515419207794066,-2.515419207794066,0.5323878069432684,-0.956115398231402,-0.3145706320877049,-0.6621014158628004,-3.9747443714569464,-3.5699916467347705,-3.785846722534637
XTIUSD|mr|15m|retz|1h|z3|time30,XTIUSD,E_meanrev,15,retz,1,3.0,time30,2008,-2.591632952018963,-0.7435542088700974,-0.2678035264714275,0.10333389466390304,-0.8884985967698891,-7.315686344686275,2542,319.0159362549801,-8.39467550164579,-2.394675501645789,0.45476003147128247,1840,-1.696539882733367,0.2533625546210784,-0.16455099425334163,0.09699211667704892,-0.7690366830931198,-4.584296667427676,2300,315.0,-5.223841087407671,0.776158912592329,0.4408695652173913,3848,-2.175802816166998,-0.2821829236530195,-0.2184312137683927,0.10039108881805384,-0.9737621723507368,-8.502307263732918,4842,317.09563409563407,-6.888496411858991,-0.8884964118589919,0.44816191656340354,-0.7435542088700974,0.2533625546210784,-0.2821829236530195,-4.392651979476912,-3.6003861657579983,-4.022571174129222
XTIUSD|mr|15m|pxz|1h|z2|mean,XTIUSD,E_meanrev,15,pxz,1,2.0,mean,2008,,,0.0,0.0,0.0,,0,0.0,,,,1840,,,0.0,0.0,0.0,,0,0.0,,,,3848,,,0.0,0.0,0.0,,0,0.0,,,,,,,,,
XTIUSD|mr|15m|pxz|1h|z2|time30,XTIUSD,E_meanrev,15,pxz,1,2.0,time30,2008,,,0.0,0.0,0.0,,0,0.0,,,,1840,,,0.0,0.0,0.0,,0,0.0,,,,3848,,,0.0,0.0,0.0,,0,0.0,,,,,,,,,
XTIUSD|mr|15m|pxz|1h|z3|mean,XTIUSD,E_meanrev,15,pxz,1,3.0,mean,2008,,,0.0,0.0,0.0,,0,0.0,,,,1840,,,0.0,0.0,0.0,,0,0.0,,,,3848,,,0.0,0.0,0.0,,0,0.0,,,,,,,,,
XTIUSD|mr|15m|pxz|1h|z3|time30,XTIUSD,E_meanrev,15,pxz,1,3.0,time30,2008,,,0.0,0.0,0.0,,0,0.0,,,,1840,,,0.0,0.0,0.0,,0,0.0,,,,3848,,,0.0,0.0,0.0,,0,0.0,,,,,,,,,
XTIUSD|mr|15m|retz|4h|z2|mean,XTIUSD,E_meanrev,15,retz,4,2.0,mean,2008,-2.275221495045427,-0.6597009206187227,-0.3419034236131203,0.15027258856232542,-0.9440843837778256,-6.422517050292056,3222,404.35458167330677,-8.4555347981529,-2.4555347981528994,0.49844816883923027,1840,-2.2925132109051063,-0.6856411647437163,-0.3237884050618874,0.14123731262340367,-0.9228925065332532,-6.194702983258963,2764,378.54782608695655,-8.553434539801312,-2.5534345398013123,0.4678002894356006,3848,-2.282409561439617,-0.6714116221055687,-0.3332413565304102,0.14600418880133856,-0.9956295231141488,-8.918890649855692,5986,392.014553014553,-8.500739423264195,-2.500739423264194,0.4842966922819913,-0.6597009206187227,-0.6856411647437163,-0.6714116221055687,-3.8860614045126685,-3.884083110456104,-3.8838818933634713
XTIUSD|mr|15m|retz|4h|z2|time30,XTIUSD,E_meanrev,15,retz,4,2.0,time30,2008,-2.77743154669883,-0.6223646103137569,-0.3471936322322497,0.12500528866135815,-0.9451142601018092,-7.840160399124622,3581,449.4083665338645,-7.725571175054824,-1.7255711750548244,0.4602066461882156,1840,-2.5202104026135888,-0.6548640558923713,-0.3373903205441647,0.13387387029046205,-0.9333192576503015,-6.809973798731969,3042,416.6217391304348,-8.098240894686857,-2.098240894686858,0.4260355029585799,3848,-2.6488153906800096,-0.6381672315183838,-0.34250597799470384,0.12930534124795123,-0.996313274078579,-10.350681674426903,6623,433.7307692307692,-7.896741533973842,-1.896741533973841,0.44451155065680203,-0.6223646103137569,-0.6548640558923713,-0.6381672315183838,-4.895389036761931,-4.359553843784837,-4.62810004703638
XTIUSD|mr|15m|retz|4h|z3|mean,XTIUSD,E_meanrev,15,retz,4,3.0,mean,2008,-1.4001144710326832,-0.356164207990109,-0.15257515534164817,0.10897334360747893,-0.7425297273600026,-3.952256552669617,1511,189.62749003984064,-8.046046240953368,-2.0460462409533666,0.4884182660489742,1840,-1.4160578072015313,-0.3439809679858556,-0.13681961478051208,0.0966200772911244,-0.70442617818317,-3.826393444980489,1262,172.83913043478262,-7.91600920673101,-1.9160092067310088,0.4643423137876387,3848,-1.4049103156330942,-0.3500963019195736,-0.14504132097769534,0.10323884689560091,-0.9222193078616393,-5.4899180627697834,2773,181.5997920997921,-7.98686602559505,-1.986866025595049,0.4774612333213127,-0.356164207990109,-0.3439809679858556,-0.3500963019195736,-2.4360906855325224,-2.4704776680635923,-2.4477047295938927
XTIUSD|mr|15m|retz|4h|z3|time30,XTIUSD,E_meanrev,15,retz,4,3.0,time30,2008,-1.517389142002394,-0.15462440626705362,-0.13174173899384523,0.08682132707236505,-0.6885409562537537,-4.2833006182740165,1572,197.28286852589642,-6.677809379913394,-0.677809379913395,0.4847328244274809,1840,-1.8009084353615714,-0.44208968824510053,-0.14322765597423326,0.07953078188868454,-0.7053991354006577,-4.8663156242864245,1318,180.5086956521739,-7.934667937007407,-1.9346679370074078,0.4309559939301973,3848,-1.6453972119555689,-0.28534116695445944,-0.1372339654085838,0.08340476354975712,-0.9070538037133027,-6.429660152559516,2890,189.26195426195426,-7.251006465813018,-1.2510064658130173,0.4602076124567474,-0.15462440626705362,-0.44208968824510053,-0.28534116695445944,-2.8544462884990374,-3.120826384201306,-2.9740879764822363
XTIUSD|mr|15m|pxz|4h|z2|mean,XTIUSD,E_meanrev,15,pxz,4,2.0,mean,2008,-1.566623397309005,-0.07062408485211158,-0.2316369571509516,0.14785746054146473,-0.8562923488031315,-4.422279546195417,2937,368.5876494023904,-6.284447065074376,-0.28444706507437706,0.48586993530813755,1840,-1.985525692956384,-0.5244509999668456,-0.26327599296458276,0.13259762585724755,-0.8684237593875139,-5.365178213580795,2357,322.80652173913046,-8.155844917450088,-2.1558449174500876,0.45354263894781505,3848,-1.7531883772402324,-0.2745512204373789,-0.24676581003480855,0.14075259295481585,-0.9808996229167414,-6.850871854629347,5294,346.6964656964657,-7.117632697497791,-1.1176326974977904,0.47147714393653195,-0.07062408485211158,-0.5244509999668456,-0.2745512204373789,-3.068022396976982,-3.440739407865315,-3.2324260033248575
XTIUSD|mr|15m|pxz|4h|z2|time30,XTIUSD,E_meanrev,15,pxz,4,2.0,time30,2008,-2.320410704173296,-0.11495730629108834,-0.26742754669412366,0.11525009181053636,-0.8878956645233813,-6.550077583077528,3376,423.6812749003984,-6.311998252861002,-0.3119982528610031,0.4786729857819905,1840,-2.2474350923090816,-0.17418673307787766,-0.24167149027860385,0.10753213345543315,-0.862924046726788,-6.07289537298297,2714,371.7,-6.501788815674034,-0.5017888156740353,0.449521002210759,3848,-2.285646411212353,-0.14215617761323163,-0.2551117608821288,0.11161470979529699,-0.9845349954174089,-8.931539172566415,6090,398.8253638253638,-6.396578152282114,-0.3965781522821146,0.4656814449917898,-0.11495730629108834,-0.17418673307787766,-0.14215617761323163,-4.493911596516736,-4.2813572072013475,-4.393378201620376
XTIUSD|mr|15m|pxz|4h|z3|mean,XTIUSD,E_meanrev,15,pxz,4,3.0,mean,2008,0.018200164816478685,0.4929501325095022,0.0010855559835785083,0.059645393023893434,-0.13336428970982228,0.05137559974116986,377,47.31274900398407,0.22944259347244578,6.229442593472447,0.493368700265252,1840,-0.5480077601504069,-0.10935839290178549,-0.027280619624203015,0.049781447650879156,-0.26930929763198896,-1.4807963986879313,266,36.4304347826087,-7.488414504793761,-1.4884145047937625,0.45112781954887216,3848,-0.22626350794587485,0.23186494682951433,-0.012478311770662134,0.0551494665840994,-0.3144895480353148,-0.8841618610067327,643,42.109147609147605,-2.9633256617978665,3.0366743382021335,0.4758942457231726,0.4929501325095022,-0.10935839290178549,0.23186494682951433,-0.4569747977683761,-0.9787304483245632,-0.6814592176414233
XTIUSD|mr|15m|pxz|4h|z3|time30,XTIUSD,E_meanrev,15,pxz,4,3.0,time30,2008,-0.3692093143231676,0.25855295463975225,-0.016657270494981197,0.045116062484818975,-0.13528741867293126,-1.042207592329308,376,47.18725099601593,-3.5300362160083436,2.4699637839916564,0.4867021276595745,1840,-0.7024765085021158,-0.06047305734730382,-0.023904573659271684,0.03402900078501299,-0.20862179396330838,-1.898193346144047,266,36.4304347826087,-6.561704190992347,-0.5617041909923476,0.45112781954887216,3848,-0.5006467291807959,0.12728191438121625,-0.020122716914496394,0.04019344528111276,-0.29968178498225917,-1.9563594138446505,642,42.04365904365904,-4.7861478691948625,1.2138521308051375,0.4719626168224299,0.25855295463975225,-0.06047305734730382,0.12728191438121625,-0.9889348644378249,-1.3245119622997774,-1.1166079216758305
XNGUSD|mr|5m|retz|1h|z2|mean,XNGUSD,E_meanrev,5,retz,1,2.0,mean,2006,-7.553724580692027,-1.3458182160929224,-1.8338136844241373,0.2427694662195553,-0.9999996560103962,-21.312104636015153,5988,752.2313060817547,-24.3783217954084,-4.378321795408397,0.459251837007348,1840,-9.222793513443506,-0.12987240217908522,-1.4901385469901716,0.16157127933289275,-0.9999836785327629,-24.921324867372714,5363,734.4978260869566,-20.287855104063375,-0.2878551040633728,0.3902666418049599,3846,-8.019276329403267,-0.867172227730386,-1.6693929218452248,0.20817251498421033,-0.9999999999944328,-31.328496162263754,11351,743.7472698907956,-22.445701509470304,-2.445701509470297,0.4266584441899392,-1.3458182160929224,-0.12987240217908522,-0.867172227730386,-13.653670365940535,-17.854030170858906,-14.973040613732854
XNGUSD|mr|5m|retz|1h|z2|time30,XNGUSD,E_meanrev,5,retz,1,2.0,time30,2006,-8.005883090641277,-1.1619404011684364,-1.8093366623685312,0.22600088483475497,-0.9999995681456909,-22.587826218548717,6167,774.7178464606181,-23.354782268598566,-3.3547822685985613,0.3654937570942111,1840,-10.204726714222707,-0.2870358584761798,-1.5536987968733134,0.1522528569734127,-0.9999893429534406,-27.574650701785856,5516,755.4521739130435,-20.566474629698433,-0.5664746296984294,0.3096446700507614,3846,-8.678788247474024,-0.8137374129872248,-1.6870346154337417,0.19438596349262882,-0.9999999999954711,-33.90497759843649,11683,765.5007800312012,-22.038313473240088,-2.0383134732400805,0.3391252246854404,-1.1619404011684364,-0.2870358584761798,-0.8137374129872248,-14.466121414168054,-19.04541284054413,-15.974701655767849
XNGUSD|mr|5m|retz|1h|z3|mean,XNGUSD,E_meanrev,5,retz,1,3.0,mean,2006,-4.7214270628760415,-1.2628007621576167,-0.8486550537289376,0.17974545458973634,-0.9989860952046616,-13.321050631436892,2482,311.79661016949154,-27.21822579365477,-7.218225793654765,0.44963738920225627,1840,-5.2328187578648935,-0.21257205320344022,-0.5958118258218438,0.11386058898492182,-0.988055388498769,-14.139834752533906,2089,286.1021739130435,-20.825141510561604,-0.825141510561602,0.4064145524174246,3846,-4.7866742793948225,-0.8578316427660602,-0.7276900148966305,0.15202413459155034,-0.9999879910327697,-18.69985527773753,4571,299.50390015600624,-24.296512149510903,-4.296512149510897,0.4298840516298403,-1.2628007621576167,-0.21257205320344022,-0.8578316427660602,-7.949173528473337,-9.531374596680635,-8.363875067949222
XNGUSD|mr|5m|retz|1h|z3|time30,XNGUSD,E_meanrev,5,retz,1,3.0,time30,2006,-4.9973788997700375,-1.0715664272927605,-0.7981717967884159,0.15971808678048108,-0.9984362007836302,-14.099622097679923,2506,314.8115653040877,-25.353954071459643,-5.353954071459635,0.3587390263367917,1840,-6.092718941522081,-0.4330730047111162,-0.6178779975118651,0.10141252262614743,-0.9893131185389012,-16.463409686657418,2102,287.8826086956522,-21.462845578319815,-1.4628455783198084,0.31303520456707895,3846,-5.269348180387302,-0.818263247783517,-0.7119157929743615,0.13510509622881572,-0.9999835542977072,-20.585492688612607,4608,301.9282371294852,-23.57897359129907,-3.578973591299064,0.337890625,-1.0715664272927605,-0.4330730047111162,-0.818263247783517,-8.570061235375313,-10.64852040398949,-9.181285949600008
XNGUSD|mr|5m|pxz|1h|z2|mean,XNGUSD,E_meanrev,5,pxz,1,2.0,mean,2006,-7.2360440828757575,-0.9552730928792899,-1.703592429007657,0.23543146082252905,-0.9999990178519572,-20.415799781640725,5875,738.0358923230309,-23.082785630458357,-3.0827856304583494,0.4897021276595745,1840,-8.93369344770877,-0.014957504300157184,-1.3952179983061501,0.15617482360153992,-0.9999667626102069,-24.140134586266214,5085,696.4239130434783,-20.03403346977038,-0.034033469770377044,0.42438544739429696,3846,-7.716605620705881,-0.5871055452611886,-1.5560602000708985,0.20165086523218703,-0.9999999999679156,-30.14606800461461,10960,718.1279251170047,-21.66828702305887,-1.6682870230588662,0.4593978102189781,-0.9552730928792899,-0.014957504300157184,-0.5871055452611886,-13.443488673536566,-17.41537151810915,-14.674313802167912
XNGUSD|mr|5m|pxz|1h|z2|time30,XNGUSD,E_meanrev,5,pxz,1,2.0,time30,2006,-7.6561104045894615,-0.7005375201705918,-1.6844235735126576,0.22001035571573377,-0.9999988206190734,-21.600976353382805,6092,765.296111665005,-22.010089269210667,-2.0100892692106624,0.36523309258043335,1840,-10.173613992414072,-0.24370361080202735,-1.462020613154647,0.1437071048935805,-0.9999787317665343,-27.490579617838137,5211,713.6804347826087,-20.48564794409682,-0.4856479440968135,0.3177892918825561,3846,-8.414800586646273,-0.518751084298759,-1.5780217412040929,0.18752930921599123,-0.9999999999755194,-32.87367052290856,11303,740.6021840873634,-21.307279064382897,-1.307279064382894,0.34336016986640716,-0.7005375201705918,-0.24370361080202735,-0.518751084298759,-14.309931783619126,-19.027250614496847,-15.807133670523422
XNGUSD|mr|5m|pxz|1h|z3|mean,XNGUSD,E_meanrev,5,pxz,1,3.0,mean,2006,-0.6359084110397553,-0.08570589359370087,-0.03681138639473551,0.05788787466192859,-0.27332356108653044,-1.7941541884705299,127,15.954137587238284,-23.073253689488645,-3.0732536894886358,0.3858267716535433,1840,-0.8268041685225253,0.030128775236525573,-0.022750727886833723,0.027516464905454705,-0.17654474701224554,-2.234144704141223,86,11.778260869565218,-19.315863469810843,0.6841365301891644,0.37209302325581395,3846,-0.6549812362618221,-0.047982694934145476,-0.03008449828903107,0.045931847545331965,-0.3921986910544475,-2.5587816535697523,213,13.956318252730108,-21.55618533788165,-1.5561853378816368,0.38028169014084506,-0.08570589359370087,0.030128775236525573,-0.047982694934145476,-1.1535594518949392,-1.5531931731760795,-1.2156338211899358
XNGUSD|mr|5m|pxz|1h|z3|time30,XNGUSD,E_meanrev,5,pxz,1,3.0,time30,2006,-0.5706599818227668,0.027051148427775902,-0.030477400878823037,0.0534072860365537,-0.23411619292570285,-1.6100620447931535,127,15.954137587238284,-19.103132784314155,0.896867215685853,0.3464566929133858,1840,-1.1763034065056686,-0.19864587784552867,-0.02802299085432615,0.023822927570677836,-0.19564652785184644,-3.1785423031963362,86,11.778260869565218,-23.792129555168017,-3.792129555168009,0.37209302325581395,3846,-0.6987215936074437,-0.03371717283745919,-0.029303164153634716,0.04193825469504217,-0.377580583109277,-2.729659867631783,213,13.956318252730108,-20.996342748133088,-0.9963427481330772,0.3568075117370892,0.027051148427775902,-0.19864587784552867,-0.03371717283745919,-1.1340239824625629,-1.9230853759993598,-1.3049797344832712
XNGUSD|mr|5m|retz|4h|z2|mean,XNGUSD,E_meanrev,5,retz,4,2.0,mean,2006,-5.908493571163779,-0.6829473365811349,-1.3881774343246447,0.23494608525929553,-0.9999875942752641,-16.670244180166954,4885,613.6689930209371,-22.620947939556114,-2.6209479395561104,0.4131013306038895,1840,-7.536347511633743,-0.33671391413736296,-1.1755551679154137,0.15598473479370842,-0.9998358954496493,-20.364303329254074,4102,561.795652173913,-20.924960230050008,-0.9249602300500007,0.3581179912237933,3846,-6.395112727174208,-0.5415615800406179,-1.2864548731720225,0.201162188698504,-0.9999999979919569,-24.983459392205496,8987,588.8517940717628,-21.846836268876903,-1.8468362688769002,0.3880048959608323,-0.6829473365811349,-0.33671391413736296,-0.5415615800406179,-10.950579889173808,-14.014891575204622,-11.922250118656853
XNGUSD|mr|5m|retz|4h|z2|time30,XNGUSD,E_meanrev,5,retz,4,2.0,time30,2006,-6.467406989642275,-0.5643655927289406,-1.4373207180132006,0.22224064765293236,-0.9999914372783495,-18.247164430546977,5226,656.506480558325,-21.893473416908744,-1.8934734169087395,0.37256027554535015,1840,-8.561188892320988,-0.37799846953826705,-1.224876018942676,0.14307312154288948,-0.9998800154294214,-23.133573285087408,4279,586.0369565217392,-20.901003005213017,-0.9010030052130154,0.33348913297499416,3846,-7.080067747902614,-0.4841171420018595,-1.3356831084734802,0.1886540010678797,-0.9999999989857815,-27.6593380945684,9505,622.792511700468,-21.446679004321055,-1.4466790043210487,0.35497106785902155,-0.5643655927289406,-0.37799846953826705,-0.4841171420018595,-11.995359419126105,-15.564650952531874,-13.090921033333002
XNGUSD|mr|5m|retz|4h|z3|mean,XNGUSD,E_meanrev,5,retz,4,3.0,mean,2006,-3.5740664035964573,-0.6511055700264891,-0.6366030549054322,0.1781172991819181,-0.9944566536330985,-10.083883302313327,2074,260.5423728813559,-24.433762841153072,-4.433762841153063,0.42719382835101255,1840,-4.05019177796141,-0.18169612163657145,-0.44582678950193266,0.1100754764077694,-0.9637807086413732,-10.944205237448903,1556,213.10434782608695,-20.920586278500938,-0.920586278500933,0.37146529562982006,3846,-3.6457016507538897,-0.46950861675327676,-0.5453320386957498,0.1495821904633862,-0.9997984053966104,-14.242475939584043,3630,237.84711388455537,-22.927839223663618,-2.927839223663611,0.4033057851239669,-0.6511055700264891,-0.18169612163657145,-0.46950861675327676,-6.366324152855298,-7.477220034929247,-6.6142140378360486
XNGUSD|mr|5m|retz|4h|z3|time30,XNGUSD,E_meanrev,5,retz,4,3.0,time30,2006,-4.358652503329407,-0.9013778200936389,-0.6766499779666265,0.1552429282788109,-0.9958505448157697,-12.297517235461012,2144,269.3359920239282,-25.122894748746088,-5.122894748746084,0.365205223880597,1840,-4.888970876309068,-0.3728026027487129,-0.46857923892114095,0.09584414609458569,-0.9685307879122363,-13.210707937678961,1585,217.07608695652175,-21.58594461005707,-1.585944610057064,0.338801261829653,3846,-4.425707132959809,-0.6925231051781713,-0.5771049546063318,0.13039836059381943,-0.9998693529842628,-17.289683412187898,3729,244.33385335413416,-23.619524952601797,-3.619524952601784,0.35398230088495575,-0.9013778200936389,-0.3728026027487129,-0.6925231051781713,-7.542630195831488,-8.64023655151033,-7.761442306254426
XNGUSD|mr|5m|pxz|4h|z2|mean,XNGUSD,E_meanrev,5,pxz,4,2.0,mean,2006,-5.14318018187263,-0.7905722898668028,-1.1734546992905306,0.2281574158001356,-0.9999311651847591,-14.51098633886211,3951,496.3369890329013,-23.64229797938239,-3.6422979793823864,0.4231840040496077,1840,-5.611361786244026,0.020327058722595475,-0.8916620457831598,0.1589029686107613,-0.9986857643912244,-15.162712882979351,3267,447.43695652173915,-19.928216317103388,0.07178368289662371,0.3939393939393939,3846,-5.239229749361628,-0.4682338447772051,-1.0386397012526827,0.1982428240294741,-0.9999999101829264,-20.467830556514528,7218,472.9422776911076,-21.96123607987207,-1.9612360798720614,0.40994735383762815,-0.7905722898668028,0.020327058722595475,-0.4682338447772051,-9.386039332881062,-10.879937099941158,-9.823452211958758
XNGUSD|mr|5m|pxz|4h|z2|time30,XNGUSD,E_meanrev,5,pxz,4,2.0,time30,2006,-6.234948463588989,-0.2591421617136562,-1.3477846707794399,0.21616612850134487,-0.9999824543254243,-17.591305141813468,5148,646.7078763708873,-20.840702889576143,-0.8407028895761354,0.38675213675213677,1840,-7.382876393763175,0.26218594687477137,-1.112713464984382,0.15071544011279503,-0.9997319239735106,-19.94960212395915,4200,575.2173913043479,-19.344225014845648,0.6557749851543598,0.33476190476190476,3846,-6.57630510995548,-0.056880517604757305,-1.2353221074245502,0.18784440301507133,-0.9999999953445089,-25.691314395004348,9348,612.5054602184088,-20.168344409273608,-0.16834440927360217,0.36339323919554983,-0.2591421617136562,0.26218594687477137,-0.056880517604757305,-11.58480863018285,-13.716593182794222,-12.260904153004212
XNGUSD|mr|5m|pxz|4h|z3|mean,XNGUSD,E_meanrev,5,pxz,4,3.0,mean,2006,-2.7285491712477423,-0.467043901317815,-0.405919035003559,0.14876735199825472,-0.9639342098808166,-7.698338061038606,1340,168.33499501495513,-24.1137640433884,-4.1137640433883895,0.43582089552238806,1840,-2.8348009288452434,-0.0006638453290460663,-0.25561997772720935,0.09017210878061066,-0.8487019830223581,-7.660042998805557,933,127.7804347826087,-20.00462575996807,-0.00462575996806511,0.3858520900321543,3846,-2.6870186493560757,-0.29261222308960216,-0.3340130897647438,0.12430620451584422,-0.9945949776907553,-10.497238152977701,2273,148.93291731669265,-22.42708299700425,-2.4270829970042436,0.41531016278046634,-0.467043901317815,-0.0006638453290460663,-0.29261222308960216,-4.887947866108549,-5.386862648381071,-4.934843784116861
XNGUSD|mr|5m|pxz|4h|z3|time30,XNGUSD,E_meanrev,5,pxz,4,3.0,time30,2006,-2.882990666029741,0.05606852936043891,-0.3451363860850454,0.11971470811604944,-0.9395832214459564,-8.13407982813319,1400,175.87238285144565,-19.624251431026114,0.37574856897389775,0.395,1840,-3.376170512395094,0.2775475766903335,-0.24606632091899108,0.07288326226877351,-0.837603368625141,-9.122902082150983,970,132.84782608695653,-18.522419836808364,1.477580163191639,0.3597938144329897,3846,-2.9738777152096363,0.13077839248948708,-0.2977393710290028,0.10011822930924193,-0.9902691962910888,-11.617895775256265,2370,155.28861154446176,-19.173290820734458,0.8267091792655471,0.38059071729957805,0.05606852936043891,0.2775475766903335,0.13077839248948708,-5.564633096555306,-6.41078076506804,-5.7326853511344895
XNGUSD|mr|5m|vwap|day|d0.25|vwap,XNGUSD,E_meanrev,5,vwap,0,0.25,vwap,2006,-4.6590987242053155,-0.5510355313666957,-1.0949050682758792,0.23500362046151602,-0.9998770284549311,-13.145197241317945,3869,486.0358923230309,-22.527247175979742,-2.527247175979735,0.419229775135694,1840,-6.364191908078049,-0.02181765103750872,-1.1029836453572481,0.1733108714017933,-0.9997210575833626,-17.19696899083018,4014,549.7434782608696,-20.063605826604277,-0.06360582660426745,0.37493771798704534,3846,-5.2886379589165475,-0.3363097259586072,-1.098770014149441,0.20776049007040362,-0.9999999649597624,-20.660851078547196,7883,516.5148205928236,-21.272768376488035,-1.2727683764880278,0.3966763922364582,-0.5510355313666957,-0.02181765103750872,-0.3363097259586072,-8.160997920119804,-11.300752109429096,-9.381451316320415
XNGUSD|mr|5m|vwap|day|d0.25|time30,XNGUSD,E_meanrev,5,vwap,0,0.25,time30,2006,-6.636117524877187,-0.6895977413223422,-1.525684646890293,0.22990621265685446,-0.9999959118502648,-18.72316491768615,5520,693.4396809571286,-22.00169227097659,-2.001692270976585,0.377536231884058,1840,-8.887640209938285,0.04732672192822348,-1.5915192052203557,0.1790710658427303,-0.9999923174851044,-24.015692062642575,5836,799.2782608695652,-19.911954110810942,0.08804588918906238,0.3122001370801919,3846,-7.517817463932792,-0.3875768393467166,-1.5571811594558977,0.2071320788149717,-0.9999999999684792,-29.36947249265616,11356,744.0748829953197,-20.927747932941482,-0.9277479329414743,0.34395914054244453,-0.6895977413223422,0.04732672192822348,-0.3875768393467166,-10.73097816743014,-14.08474701096673,-12.13043082258822
XNGUSD|mr|5m|vwap|day|d0.5|vwap,XNGUSD,E_meanrev,5,vwap,0,0.5,vwap,2006,-1.468484004337465,0.3188872447134728,-0.20580779965534765,0.14014984095669591,-0.828360862922888,-4.1431858446032175,988,124.11565304087736,-16.581937460182004,3.4180625398180053,0.4251012145748988,1840,-2.770493690601152,-0.1464761642458088,-0.29109213424133473,0.10506868693794877,-0.8855376791674903,-7.486275520083574,1012,138.6,-21.0023184878308,-1.0023184878307898,0.3695652173913043,3846,-1.9789251228670368,0.13307014168607822,-0.24660945738759316,0.12461788196933349,-0.9795000857448982,-7.730965435101875,2000,131.04524180967238,-18.81865026017229,1.181349739827715,0.397,0.3188872447134728,-0.1464761642458088,0.13307014168607822,-2.9884631225690472,-4.666172245365876,-3.676598269085632
XNGUSD|mr|5m|vwap|day|d0.5|time30,XNGUSD,E_meanrev,5,vwap,0,0.5,time30,2006,-2.342779338852865,0.4534254797825948,-0.2867828673791383,0.12241138660526205,-0.9065127574153917,-6.609925722781968,1336,167.83250249252242,-17.087445108668124,2.9125548913318813,0.40718562874251496,1840,-3.7461159129582327,-0.05745632685099059,-0.3853588620267807,0.10286891035426358,-0.9424531861396538,-10.122548176057949,1390,190.3695652173913,-20.2426717520063,-0.24267175200629504,0.3381294964028777,3846,-2.9419634853247767,0.24336291998370638,-0.33394350964426106,0.11351041959223893,-0.9945034480253923,-11.493218087719363,2726,178.61466458658344,-18.696309758059197,1.3036902419408083,0.371973587674248,0.4534254797825948,-0.05745632685099059,0.24336291998370638,-4.237504064875453,-5.618691814306233,-4.867481770785303
XNGUSD|mr|15m|retz|1h|z2|mean,XNGUSD,E_meanrev,15,retz,1,2.0,mean,2006,-6.447130240157332,-1.5703466609561911,-1.3934610792207784,0.2161366417792071,-0.9999883253610238,-18.189955539478063,4205,528.2452642073779,-26.379054837559988,-6.37905483755998,0.44875148632580264,1840,-7.197594368020128,0.5292381114136294,-0.9906114289682105,0.13763090531603578,-0.9993232276307972,-19.448943234773697,3881,531.5282608695652,-18.63704156290012,1.3629584370998842,0.39912393712960575,3846,-6.552433344581549,-0.7750900003256314,-1.200730097300673,0.18324949437198038,-0.9999999922472323,-25.598055791710987,8086,529.8159126365055,-22.66315655423635,-2.6631565542363425,0.42493198120207765,-1.5703466609561911,0.5292381114136294,-0.7750900003256314,-11.104127956019155,-14.314113242043723,-12.01626639424203
XNGUSD|mr|15m|retz|1h|z2|time30,XNGUSD,E_meanrev,15,retz,1,2.0,time30,2006,-7.32989966051414,-1.4372962888808782,-1.3828437903918278,0.18865794273298842,-0.9999862584612429,-20.680604232734385,4444,558.2691924227317,-24.77019705118732,-4.770197051187313,0.35148514851485146,1840,-7.8546828546121175,0.7707784716184009,-1.0162168332758519,0.12937719473665943,-0.9994330930859622,-21.22449156696824,4066,556.8652173913043,-18.248883240300593,1.7511167596994135,0.32857845548450565,3846,-7.389642724159787,-0.5755620982010228,-1.2074424380534514,0.1633965921120685,-0.9999999923740699,-28.868738800720077,8510,557.597503900156,-21.65437308466964,-1.6543730846696356,0.34054054054054056,-1.4372962888808782,0.7707784716184009,-0.5755620982010228,-12.75534937427816,-15.41115626421749,-13.570682715851564
XNGUSD|mr|15m|retz|1h|z3|mean,XNGUSD,E_meanrev,15,retz,1,3.0,mean,2006,-4.329482804697687,-0.9835777539628369,-0.7511782882154954,0.17350300765727322,-0.9978932334384547,-12.21521774693726,2321,291.5712861415753,-25.763109192129207,-5.763109192129202,0.45066781559672553,1840,-5.451890396408382,-0.21732982872940398,-0.5981928393835864,0.10972209561983605,-0.987969607194315,-14.731798073127809,2099,287.4717391304348,-20.80875292969817,-0.8087529296981684,0.393044306812768,3846,-4.626119103877084,-0.6862482991593669,-0.6779871218476554,0.14655634812329935,-0.9999741434699798,-18.072622595706562,4420,289.60998439937595,-23.410350415015465,-3.41035041501546,0.4233031674208145,-0.9835777539628369,-0.21732982872940398,-0.6862482991593669,-7.425706068034699,-9.936531910513251,-8.195990122787858
XNGUSD|mr|15m|retz|1h|z3|time30,XNGUSD,E_meanrev,15,retz,1,3.0,time30,2006,-5.209680839575015,-1.1708274191624486,-0.7602712145130831,0.14593431688515934,-0.9979109641767216,-14.69861152431562,2362,296.72183449651044,-25.62235488342615,-5.622354883426144,0.3560541913632515,1840,-6.237816364448428,-0.13029014840620057,-0.5998371223788947,0.09616139484284651,-0.9879584405955371,-16.855483954491262,2146,293.90869565217395,-20.408961396935723,-0.4089613969357162,0.31873252562907733,3846,-5.4806764192024575,-0.7655999476601328,-0.6835164746464928,0.1247138897402663,-0.9999748178358098,-21.411077896896757,4508,295.37597503900156,-23.140557540478394,-3.140557540478394,0.33828748890860694,-1.1708274191624486,-0.13029014840620057,-0.7655999476601328,-8.806850204305457,-11.141202458415638,-9.555631386232958
XNGUSD|mr|15m|pxz|1h|z2|mean,XNGUSD,E_meanrev,15,pxz,1,2.0,mean,2006,,,0.0,0.0,0.0,,0,0.0,,,,1840,,,0.0,0.0,0.0,,0,0.0,,,,3846,,,0.0,0.0,0.0,,0,0.0,,,,,,,,,
XNGUSD|mr|15m|pxz|1h|z2|time30,XNGUSD,E_meanrev,15,pxz,1,2.0,time30,2006,,,0.0,0.0,0.0,,0,0.0,,,,1840,,,0.0,0.0,0.0,,0,0.0,,,,3846,,,0.0,0.0,0.0,,0,0.0,,,,,,,,,
XNGUSD|mr|15m|pxz|1h|z3|mean,XNGUSD,E_meanrev,15,pxz,1,3.0,mean,2006,,,0.0,0.0,0.0,,0,0.0,,,,1840,,,0.0,0.0,0.0,,0,0.0,,,,3846,,,0.0,0.0,0.0,,0,0.0,,,,,,,,,
XNGUSD|mr|15m|pxz|1h|z3|time30,XNGUSD,E_meanrev,15,pxz,1,3.0,time30,2006,,,0.0,0.0,0.0,,0,0.0,,,,1840,,,0.0,0.0,0.0,,0,0.0,,,,3846,,,0.0,0.0,0.0,,0,0.0,,,,,,,,,
XNGUSD|mr|15m|retz|4h|z2|mean,XNGUSD,E_meanrev,15,retz,4,2.0,mean,2006,-4.486428905846676,-0.9181635872060342,-0.8814379722265684,0.1964676117073617,-0.9992521201753037,-12.658026019091055,2795,351.1166500498504,-25.103850019685044,-5.103850019685034,0.4121645796064401,1840,-4.262326756383001,0.3647598089131614,-0.5688909058334242,0.1334695668232117,-0.9856926443995754,-11.517424696962065,2253,308.56304347826085,-18.43678035517899,1.5632196448210114,0.39502885042166,3846,-4.316947517920991,-0.4185958718454721,-0.7319094745241801,0.16954328758591491,-0.999989270243093,-16.864797793786163,5048,330.7581903276131,-22.128234339389454,-2.1282343393894476,0.40451664025356576,-0.9181635872060342,0.3647598089131614,-0.4185958718454721,-7.884102479930428,-8.542636883282686,-7.989807738131693
XNGUSD|mr|15m|retz|4h|z2|time30,XNGUSD,E_meanrev,15,retz,4,2.0,time30,2006,-5.832872569583235,-1.1716678325400507,-0.9463543616556623,0.1622449917028241,-0.9995359110089584,-16.456886824977655,3025,380.0099700897308,-24.903408756149272,-4.903408756149263,0.3590082644628099,1840,-5.225800009086898,0.6253799786122831,-0.5896633178614955,0.1128369468475942,-0.9871838326582676,-14.12086907600608,2404,329.24347826086955,-17.909643069506373,2.0903569304936287,0.3448419301164726,3846,-5.49302606633984,-0.46564693793332157,-0.7757065403916824,0.1412166137614122,-0.9999940728560763,-21.45932363093266,5429,355.72230889235567,-21.806519327029818,-1.8065193270298094,0.3527353103702339,-1.1716678325400507,0.6253799786122831,-0.46564693793332157,-10.03941267261211,-10.291300532416258,-9.957017340658869
XNGUSD|mr|15m|retz|4h|z3|mean,XNGUSD,E_meanrev,15,retz,4,3.0,mean,2006,-2.9675727622007604,-0.6765715651963875,-0.4133238840816408,0.13928011786141298,-0.9658985330194524,-8.372720046567673,1275,160.16949152542372,-25.805406519382867,-5.80540651938286,0.41333333333333333,1840,-3.2429272680810004,-0.2998525024928087,-0.28047677271429444,0.08648876447983565,-0.8762972359223538,-8.76285952312654,932,127.64347826086957,-21.97345109485923,-1.9734510948592228,0.361587982832618,3846,-2.9870760415234128,-0.5264371647753442,-0.3497672837394886,0.11709353189452348,-0.9957740624857027,-11.66945700076902,2207,144.60842433697348,-24.1871996976085,-4.1871996976084915,0.3914816492976892,-0.6765715651963875,-0.2998525024928087,-0.5264371647753442,-5.101994251637412,-5.771971665418935,-5.22732944875437
XNGUSD|mr|15m|retz|4h|z3|time30,XNGUSD,E_meanrev,15,retz,4,3.0,time30,2006,-3.4600190110759885,-0.5703925179565945,-0.39501334339123045,0.11416507889891339,-0.9600859660944502,-9.762109594932769,1319,165.69690927218343,-23.839511860921824,-3.8395118609218195,0.36770280515542075,1840,-3.5530824670090957,0.08035518143494882,-0.2554750175922863,0.07190236082736896,-0.8512218115126741,-9.600943825949201,953,130.51956521739132,-19.573695113584787,0.42630488641521913,0.3315844700944386,3846,-3.4059623347722257,-0.3256282462031761,-0.32825553801680063,0.09637673754215277,-0.9939786984269615,-13.305898631088404,2272,148.86739469578782,-22.050197001673492,-2.050197001673493,0.35255281690140844,-0.5703925179565945,0.08035518143494882,-0.3256282462031761,-6.03678631849124,-6.503591642617652,-6.077073181559926
XNGUSD|mr|15m|pxz|4h|z2|mean,XNGUSD,E_meanrev,15,pxz,4,2.0,mean,2006,-3.9734629472082394,-0.5713251870897315,-0.7530118641528403,0.18951022676124551,-0.997861546530935,-11.210742090688328,2565,322.2233300099701,-23.369253372483637,-3.36925337248363,0.4167641325536062,1840,-4.016164859272538,0.336074822255402,-0.5174297520361585,0.12883678090094197,-0.9792221550353087,-10.852259571133708,2046,280.2130434782609,-18.46558410034546,1.5344158996545467,0.37732160312805474,3846,-3.917017375377452,-0.22073548454587955,-0.6403048734365909,0.16346745803620283,-0.9999553041193224,-15.302411186666816,4611,302.1248049921997,-21.193389713668907,-1.1933897136689022,0.3992626328345261,-0.5713251870897315,0.336074822255402,-0.22073548454587955,-7.293285091146253,-8.080336993568716,-7.470219273906394
XNGUSD|mr|15m|pxz|4h|z2|time30,XNGUSD,E_meanrev,15,pxz,4,2.0,time30,2006,-4.903019608082313,-0.4226838525521354,-0.7999426429103634,0.16315305808520722,-0.9984736358820898,-13.83339646602672,2914,366.06580259222335,-21.8524275484278,-1.8524275484277961,0.37817433081674673,1840,-5.02202135185267,1.0244960692102363,-0.52055082455312,0.10365364622774531,-0.9790140360777247,-13.570229607544746,2279,312.1239130434783,-16.677697632241596,3.3223023677584056,0.34839842035980695,3846,-4.821430012826838,0.10513342255765656,-0.6662762503525559,0.13819058838975318,-0.9999677551605305,-18.835633721666344,5193,340.25897035881434,-19.581445557480688,0.41855444251931606,0.36510687463893704,-0.4226838525521354,1.0244960692102363,0.10513342255765656,-9.012076728126658,-10.218009757591634,-9.24488298270532
XNGUSD|mr|15m|pxz|4h|z3|mean,XNGUSD,E_meanrev,15,pxz,4,3.0,mean,2006,-1.3023148449299302,-0.27700373709876314,-0.10031798405513283,0.07703051565885387,-0.5648578051139903,-3.6743556040058545,316,39.69690927218345,-25.270981014491223,-5.2709810144912135,0.3860759493670886,1840,-2.2890404700497387,-1.001092241562698,-0.0955733995114233,0.04175260366163233,-0.5071813553373632,-6.185319134112751,208,28.48695652173913,-33.54988078087204,-13.549880780872032,0.3076923076923077,3846,-1.5644259138096628,-0.4838780052347592,-0.09804808401342051,0.0626735233339721,-0.7835400571488318,-6.111662601926952,524,34.33385335413416,-28.55726183778743,-8.557261837787415,0.3549618320610687,-0.27700373709876314,-1.001092241562698,-0.4838780052347592,-2.2398946697847393,-3.2459007264095443,-2.5093895053384836
XNGUSD|mr|15m|pxz|4h|z3|time30,XNGUSD,E_meanrev,15,pxz,4,3.0,time30,2006,-1.2381436468504181,0.1288441157628236,-0.0720433177144824,0.05818655848030698,-0.44919344583880805,-3.4933027639824332,316,39.69690927218345,-18.14834430068964,1.8516556993103677,0.33860759493670883,1840,-2.3324049664889364,-0.6949586048498319,-0.07830663335230421,0.033573343599153094,-0.44614996450617594,-6.302496288940733,208,28.48695652173913,-27.48859229400179,-7.488592294001786,0.3076923076923077,3846,-1.5631164183817534,-0.13746755888689735,-0.07503980777521879,0.04800653802415128,-0.6901528529061913,-6.106546863199089,524,34.33385335413416,-21.85592365681355,-1.8559236568135407,0.32633587786259544,0.1288441157628236,-0.6949586048498319,-0.13746755888689735,-2.459087278483354,-3.4688558173236976,-2.762962535431749
