sym,kind,window,period,slope,t_nw,n
XTIUSD,subwindow,14:00-14:05,is,-0.003578728637498391,-0.6535256819662776,2007
XTIUSD,subwindow,14:00-14:05,oos,0.0017033318728759863,0.2953022805304304,1839
XTIUSD,subwindow,14:00-14:05,full,-0.000540823744574613,-0.13505852730144868,3846
XTIUSD,subwindow,14:05-14:10,is,0.005683307019624244,1.1547342273313927,2007
XTIUSD,subwindow,14:05-14:10,oos,0.005201797116010678,1.3039663132723893,1839
XTIUSD,subwindow,14:05-14:10,full,0.005749066433495711,1.7963564889053207,3846
XTIUSD,subwindow,14:10-14:15,is,0.008316700104850113,1.69300100575648,2007
XTIUSD,subwindow,14:10-14:15,oos,0.009200699953201883,1.531055992033404,1839
XTIUSD,subwindow,14:10-14:15,full,0.008086050356903568,2.19293212967413,3846
XTIUSD,subwindow,14:15-14:20,is,0.003743349906720762,0.6146123009364813,2007
XTIUSD,subwindow,14:15-14:20,oos,0.006611036333290093,0.9927734334697221,1839
XTIUSD,subwindow,14:15-14:20,full,0.0051887858372680635,1.2135588380707578,3846
XTIUSD,subwindow,14:20-14:25,is,0.009675479644702958,1.3346784957616418,2007
XTIUSD,subwindow,14:20-14:25,oos,0.004245137943834395,0.6401276013304122,1839
XTIUSD,subwindow,14:20-14:25,full,0.006901243535898462,1.4241924023071093,3846
XTIUSD,subwindow,14:25-14:28,is,0.035912287373046685,4.648295256846184,2007
XTIUSD,subwindow,14:25-14:28,oos,0.014353549945061727,2.5129879180585637,1839
XTIUSD,subwindow,14:25-14:28,full,0.025941410054536544,5.177060525907655,3846
XTIUSD,subwindow,14:28-14:30,is,0.0030573324202306873,0.6853166258988297,2007
XTIUSD,subwindow,14:28-14:30,oos,0.0020216871048632564,0.3275451287542939,1839
XTIUSD,subwindow,14:28-14:30,full,0.0020075844127236506,0.5459615263889613,3846
XTIUSD,subwindow,14:30-14:35,is,-0.014163640953982006,-4.68687723578403,2007
XTIUSD,subwindow,14:30-14:35,oos,-0.011545158595096517,-2.790942493497548,1839
XTIUSD,subwindow,14:30-14:35,full,-0.013221540109160013,-5.340600885606872,3846
XTIUSD,subwindow,14:35-14:45,is,0.003608590647610129,1.2184803378688103,2007
XTIUSD,subwindow,14:35-14:45,oos,0.0011730247012207025,0.19778271147868376,1839
XTIUSD,subwindow,14:35-14:45,full,0.001668149205631538,0.5501028398646576,3846
XTIUSD,subwindow,14:45-15:00,is,0.00817199318772197,2.0591573300058603,1654
XTIUSD,subwindow,14:45-15:00,oos,-0.0027510687193691113,-0.6005791372740746,1839
XTIUSD,subwindow,14:45-15:00,full,0.0029737864547903607,0.992488990971425,3493
XTIUSD,quintile,Q1,is,-1.2893643140028965,,402
XTIUSD,quintile,Q2,is,8.703506770473547,,401
XTIUSD,quintile,Q3,is,-0.3008372126846416,,401
XTIUSD,quintile,Q4,is,4.664051147918548,,401
XTIUSD,quintile,Q5,is,15.332193860867177,,402
XTIUSD,quintile,Q1,oos,6.2731756503056415,,368
XTIUSD,quintile,Q2,oos,-0.3375216135415596,,368
XTIUSD,quintile,Q3,oos,1.9253878710610177,,367
XTIUSD,quintile,Q4,oos,4.097861152728481,,368
XTIUSD,quintile,Q5,oos,15.532375958678719,,368
XTIUSD,quintile,Q1,full,2.2035168921585506,,770
XTIUSD,quintile,Q2,full,4.523296967827009,,769
XTIUSD,quintile,Q3,full,0.83324051758681,,769
XTIUSD,quintile,Q4,full,4.681510863073483,,769
XTIUSD,quintile,Q5,full,15.063550825859211,,769
XNGUSD,subwindow,14:00-14:05,is,0.003742216962517854,0.7486620772254654,2003
XNGUSD,subwindow,14:00-14:05,oos,0.001360571386356068,0.4753040538812315,1837
XNGUSD,subwindow,14:00-14:05,full,0.0026977388594469354,0.9373603845851415,3840
XNGUSD,subwindow,14:05-14:10,is,0.0076339982071546904,1.4938280154648915,2003
XNGUSD,subwindow,14:05-14:10,oos,-0.001552616780566384,-0.5734474806901605,1836
XNGUSD,subwindow,14:05-14:10,full,0.0027673257590781052,0.9353796964177252,3839
XNGUSD,subwindow,14:10-14:15,is,-0.0002814978603912209,-0.06451866249000836,2002
XNGUSD,subwindow,14:10-14:15,oos,0.007593080970825972,2.515262508380996,1836
XNGUSD,subwindow,14:10-14:15,full,0.003523630516491841,1.3137326131326552,3838
XNGUSD,subwindow,14:15-14:20,is,0.003526083546982543,0.778266597060199,2001
XNGUSD,subwindow,14:15-14:20,oos,0.012901303397806188,3.7714893977393085,1838
XNGUSD,subwindow,14:15-14:20,full,0.008190246955136394,2.8349478329242137,3839
XNGUSD,subwindow,14:20-14:25,is,0.015223993683976885,3.4906239663678096,2000
XNGUSD,subwindow,14:20-14:25,oos,0.003148388503964047,0.9359305343071149,1839
XNGUSD,subwindow,14:20-14:25,full,0.009143770867857805,3.2894256184298882,3839
XNGUSD,subwindow,14:25-14:28,is,0.011835907726105975,2.8122890728234533,1999
XNGUSD,subwindow,14:25-14:28,oos,-0.002728278622493823,-0.8462352040040728,1838
XNGUSD,subwindow,14:25-14:28,full,0.004886361032515232,1.8216572927966417,3837
XNGUSD,subwindow,14:28-14:30,is,0.012405563855200828,3.4117525302134277,2001
XNGUSD,subwindow,14:28-14:30,oos,0.003383608874820562,0.9000140263217165,1838
XNGUSD,subwindow,14:28-14:30,full,0.008097355777947925,3.085318506528027,3839
XNGUSD,subwindow,14:30-14:35,is,-0.003355520730594462,-1.2988246065199105,2001
XNGUSD,subwindow,14:30-14:35,oos,-0.013619680805474736,-4.331656177825817,1839
XNGUSD,subwindow,14:30-14:35,full,-0.008168246505392659,-3.9864515789269444,3840
XNGUSD,subwindow,14:35-14:45,is,0.0023561370094052642,1.0836593959527647,2001
XNGUSD,subwindow,14:35-14:45,oos,0.0015609811535764653,0.5433228069178185,1839
XNGUSD,subwindow,14:35-14:45,full,0.001834761831135235,1.0444096528775013,3840
XNGUSD,subwindow,14:45-15:00,is,-0.0005449693614423952,-0.16948273357519678,1641
XNGUSD,subwindow,14:45-15:00,oos,0.0019350939855361422,0.6221318068450232,1821
XNGUSD,subwindow,14:45-15:00,full,0.0008426409817420407,0.37645727789906325,3462
XNGUSD,quintile,Q1,is,6.332810527489806,,400
XNGUSD,quintile,Q2,is,0.7594106085885672,,400
XNGUSD,quintile,Q3,is,10.939269820689724,,399
XNGUSD,quintile,Q4,is,11.53182173904246,,400
XNGUSD,quintile,Q5,is,17.971848539256477,,400
XNGUSD,quintile,Q1,oos,-3.3767831218504627,,368
XNGUSD,quintile,Q2,oos,-0.24510050447687778,,367
XNGUSD,quintile,Q3,oos,0.6029774510592404,,368
XNGUSD,quintile,Q4,oos,4.671985456370321,,367
XNGUSD,quintile,Q5,oos,8.532358034109755,,368
XNGUSD,quintile,Q1,full,1.6927228587392853,,768
XNGUSD,quintile,Q2,full,-0.559950196944098,,767
XNGUSD,quintile,Q3,full,6.235292113396352,,767
XNGUSD,quintile,Q4,full,9.57447434465563,,767
XNGUSD,quintile,Q5,full,12.695727921185833,,768
