sym,item,period,n,mean_bp,sd_bp,t,ann_sharpe_gross,weekday
XTIUSD,close_to_close,is,383,-12.448143063155655,234.83855609817505,-1.037372083070318,-0.8414638050123731,Mon
XTIUSD,close_to_close,oos,348,-50.557754561998365,306.44212447933165,-3.077718780823782,-2.6190246326773026,Mon
XTIUSD,close_to_close,full,731,-30.59061201198912,271.77103731141045,-3.043292405688351,-1.786838346815781,Mon
XTIUSD,close_to_close,is,413,0.8429504743395995,222.19974349959196,0.07709629929260291,0.06022249947333381,Tue
XTIUSD,close_to_close,oos,378,-9.473510951938268,273.0123659026013,-0.674643814539984,-0.5508443679159358,Tue
XTIUSD,close_to_close,full,791,-4.087039941757786,247.67921985660374,-0.4640957086912991,-0.261950710855908,Tue
XTIUSD,close_to_close,is,415,8.175309708486337,246.43737124043213,0.6758054581606737,0.5266206891604288,Wed
XTIUSD,close_to_close,oos,378,4.257179864621448,251.70703894938842,0.3288308375195129,0.26848925453828293,Wed
XTIUSD,close_to_close,full,793,6.307651346593616,248.81335226725201,0.7138888369372204,0.40243363150535083,Wed
XTIUSD,close_to_close,is,408,8.881881098652839,232.93808374107368,0.770184081341543,0.6052917114472757,Thu
XTIUSD,close_to_close,oos,371,5.589168930069925,233.90166318812734,0.4602575072972947,0.3793273845838455,Thu
XTIUSD,close_to_close,full,779,7.313721644809114,233.25318525959722,0.8751441078093367,0.4977498234541864,Thu
XTIUSD,close_to_close,is,388,12.971796023734564,217.78229306438408,1.17325768476408,0.9455354479120649,Fri
XTIUSD,close_to_close,oos,365,5.855438893313371,220.14334711781643,0.5081598169853252,0.42223493005813373,Fri
XTIUSD,close_to_close,full,753,9.522300203543681,218.81317547695966,1.1941692625044615,0.690825994174079,Fri
XTIUSD,intraday_0900_1430,is,384,-1.9166089842369218,178.28833702680353,-0.21065714678167113,-0.17065179306980685,Mon
XTIUSD,intraday_0900_1430,oos,348,-5.873968728736527,155.03008358759112,-0.7068142080689842,-0.601472698933035,Mon
XTIUSD,intraday_0900_1430,full,732,-3.7979767316219815,167.53254129883797,-0.6133504155856428,-0.35987642182867186,Mon
XTIUSD,intraday_0900_1430,is,413,-7.987166796725637,175.169543522675,-0.9266360275328883,-0.7238264118006207,Tue
XTIUSD,intraday_0900_1430,oos,378,-20.372259684343888,199.76835160220872,-1.9827064406742796,-1.6188730297939307,Tue
XTIUSD,intraday_0900_1430,full,791,-13.905706760720198,187.31048231183163,-2.08794582717891,-1.1785045270089918,Tue
XTIUSD,intraday_0900_1430,is,415,2.8813069394102824,205.9575439611375,0.284994100040972,0.22208135130887063,Wed
XTIUSD,intraday_0900_1430,oos,378,-0.2207198482977121,207.84077723568973,-0.020646979714485446,-0.016858188343361485,Wed
XTIUSD,intraday_0900_1430,full,793,1.40266113139815,206.7324338147258,0.19106482405606243,0.10770712051990515,Wed
XTIUSD,intraday_0900_1430,is,408,-2.409072462339459,181.7203011047618,-0.26777898872446787,-0.2104489125409183,Thu
XTIUSD,intraday_0900_1430,oos,371,-4.498486233910788,208.14856121906007,-0.416274624132244,-0.3430783027700015,Thu
XTIUSD,intraday_0900_1430,full,779,-3.404159123768167,194.63057752785937,-0.488165979566493,-0.2776508782694103,Thu
XTIUSD,intraday_0900_1430,is,388,11.7718510612001,170.34342362173123,1.361241716300595,1.0970329132748726,Fri
XTIUSD,intraday_0900_1430,oos,365,4.43769484657828,159.67974789460396,0.5309504938387362,0.44117192492771307,Fri
XTIUSD,intraday_0900_1430,full,753,8.216781979743306,165.19163670477334,1.3649325658873936,0.7896124330249309,Fri
XTIUSD,overnight_1430_0900,is,383,-4.037479640076469,159.61889966698453,-0.49502304766898,-0.4015376778094055,Mon
XTIUSD,overnight_1430_0900,oos,348,-36.122097794460544,239.16106560677602,-2.817553078439964,-2.397633260805883,Mon
XTIUSD,overnight_1430_0900,full,731,-19.311689103449464,201.9360973624486,-2.585621741043195,-1.5181216463527967,Mon
XTIUSD,overnight_1430_0900,is,413,6.321118039029669,139.0185652317349,0.9240513889621977,0.7218074641158373,Tue
XTIUSD,overnight_1430_0900,oos,378,4.822988228420049,154.4069753088272,0.6072886805278339,0.4958491312870865,Tue
XTIUSD,overnight_1430_0900,full,791,5.605197598561356,146.4822634797764,1.076202822837189,0.6074438724337675,Tue
XTIUSD,overnight_1430_0900,is,415,4.362136913142181,111.30702385358256,0.7983636779343334,0.6221240524140222,Wed
XTIUSD,overnight_1430_0900,oos,378,0.9635343381407758,164.93364906764782,0.11358051376662229,0.09273810115046162,Wed
XTIUSD,overnight_1430_0900,full,793,2.7421220665463024,139.3845047724526,0.5539988725976224,0.31230041235248707,Wed
XTIUSD,overnight_1430_0900,is,408,11.983642670377575,128.4024939323807,1.8851480936621219,1.4815477800537695,Thu
XTIUSD,overnight_1430_0900,oos,371,10.916700461018712,165.3189322517395,1.271908170655371,1.048260141673003,Thu
XTIUSD,overnight_1430_0900,full,779,11.475509731132211,147.04781693680636,2.1781216560862626,1.2388355930231296,Thu
XTIUSD,overnight_1430_0900,is,388,-2.147251604910318,130.45853735038435,-0.32420991605388233,-0.2612827277199402,Fri
XTIUSD,overnight_1430_0900,oos,365,2.0719658924754167,145.65129391826844,0.27177824329197736,0.22582318340024202,Fri
XTIUSD,overnight_1430_0900,full,753,-0.10207977682825593,137.95559168283302,-0.020304761461170766,-0.011746288791140622,Fri
XNGUSD,close_to_close,is,382,29.808523873992502,378.506090399456,1.5392149740155996,1.2501665329181582,Mon
XNGUSD,close_to_close,oos,348,-4.439578046406123,303.73623427618094,-0.2726683391810839,-0.2320306524806421,Mon
XNGUSD,close_to_close,full,730,13.482031451665488,345.08303521322614,1.0555848700527939,0.620200335847009,Mon
XNGUSD,close_to_close,is,413,14.550747999236311,287.99487952236905,1.0267756929563803,0.8020488557254316,Tue
XNGUSD,close_to_close,oos,378,12.914697593805863,249.79710803241704,1.0051774453643327,0.8207239473656438,Tue
XNGUSD,close_to_close,full,791,13.768918601950967,270.24721808371106,1.4329361601103294,0.808795769326348,Tue
XNGUSD,close_to_close,is,414,2.6869217112719834,304.24637916496795,0.17969242297660082,0.14019414120562812,Wed
XNGUSD,close_to_close,oos,378,-5.041029413443933,229.61064153472807,-0.426847870767819,-0.34851982705820406,Wed
XNGUSD,close_to_close,full,792,-1.001418598251523,271.05948154155396,-0.10397133976733798,-0.05864774522950433,Wed
XNGUSD,close_to_close,is,408,-47.046241754844324,364.179393082002,-2.609393941339447,-2.0507363925807907,Thu
XNGUSD,close_to_close,oos,371,-22.879891047466998,264.8005801980157,-1.6642630631711073,-1.3716246774969358,Thu
XNGUSD,close_to_close,full,779,-35.53697845261456,320.74118231636857,-3.0923917219024624,-1.7588388242493704,Thu
XNGUSD,close_to_close,is,388,-11.294385342712566,273.87644863114355,-0.8123136965959405,-0.654648509811715,Fri
XNGUSD,close_to_close,oos,365,-1.495510155918814,217.59819439465213,-0.13130477249855094,-0.10910241144436233,Fri
XNGUSD,close_to_close,full,753,-6.544598565581465,248.0812022654064,-0.7239134454703442,-0.4187833679575763,Fri
XNGUSD,intraday_0900_1430,is,383,26.02829275181619,252.48091656456543,2.0175137890002395,1.6365052205111206,Mon
XNGUSD,intraday_0900_1430,oos,348,3.1255443772904776,188.55245102893804,0.3092310600594045,0.2631441730578521,Mon
XNGUSD,intraday_0900_1430,full,731,15.125205974340199,224.47319982042723,1.8217781488137712,1.0696386090298233,Mon
XNGUSD,intraday_0900_1430,is,413,-7.156637641404205,231.02968690307623,-0.629529758742419,-0.49174676232417786,Tue
XNGUSD,intraday_0900_1430,oos,378,-2.7707060512967074,160.97989738822912,-0.33462987170365416,-0.2732241461223172,Tue
XNGUSD,intraday_0900_1430,full,791,-5.060705731087348,200.51817826129334,-0.7098156594203021,-0.40064304211328544,Tue
XNGUSD,intraday_0900_1430,is,414,-4.397213251277366,257.2968361304845,-0.34773087448160134,-0.27129597626371965,Wed
XNGUSD,intraday_0900_1430,oos,378,-29.436225594864858,166.7298865337029,-3.432531788743112,-2.8026504694344827,Wed
XNGUSD,intraday_0900_1430,full,792,-16.34765096071685,219.02361994343696,-2.100520840319622,-1.184853550680408,Wed
XNGUSD,intraday_0900_1430,is,408,-47.30432501504755,319.6433108267274,-2.9892711526463756,-2.349283886539994,Thu
XNGUSD,intraday_0900_1430,oos,371,-26.645430702889215,227.18356091572807,-2.259086170798963,-1.8618561025777796,Thu
XNGUSD,intraday_0900_1430,full,779,-37.4654934491801,279.46756263313483,-3.7416984027272844,-2.128140614507885,Thu
XNGUSD,intraday_0900_1430,is,388,2.9605436670158998,238.5254318401761,0.24448523889045828,0.1970321293132305,Fri
XNGUSD,intraday_0900_1430,oos,365,16.495382188090606,151.55132073675847,2.0794529052947053,1.7278376264285544,Fri
XNGUSD,intraday_0900_1430,full,753,9.521255566341617,201.1035366683798,1.2991880052730511,0.751579255590194,Fri
XNGUSD,overnight_1430_0900,is,382,-1.0714203901779293,237.7578720885143,-0.08807581760597911,-0.07153610209699211,Mon
XNGUSD,overnight_1430_0900,oos,348,-9.819178781815708,252.47762277778818,-0.7255074844288292,-0.6173799844059379,Mon
XNGUSD,overnight_1430_0900,full,730,-5.241584664547716,244.7554358464454,-0.578617666124542,-0.3399621205630823,Mon
XNGUSD,overnight_1430_0900,is,413,14.251988304754951,186.73534593531707,1.5510434090318097,1.2115719138350152,Tue
XNGUSD,overnight_1430_0900,oos,378,20.14465603612721,183.30463856582688,2.136644657497976,1.7445630575045898,Tue
XNGUSD,overnight_1430_0900,full,791,17.067953415322222,185.01027204613024,2.5946205222846386,1.464488202509705,Tue
XNGUSD,overnight_1430_0900,is,414,14.839160859970882,159.54559975459333,1.8924511696932944,1.4764705273259409,Wed
XNGUSD,overnight_1430_0900,oos,378,18.85923526007348,174.441235003222,2.101942470572671,1.716228840529363,Wed
XNGUSD,overnight_1430_0900,full,792,16.757832732747122,166.7266424065655,2.8286254055962496,1.5955599159185445,Wed
XNGUSD,overnight_1430_0900,is,408,-0.03451321388416277,137.65380271496798,-0.005064391497902973,-0.00398013185609498,Thu
XNGUSD,overnight_1430_0900,oos,371,6.727409409653096,137.95724340916462,0.9392696839753553,0.7741116809445703,Thu
XNGUSD,overnight_1430_0900,full,779,3.185863285900591,137.75125070976844,0.6455060443303475,0.3671401278222864,Thu
XNGUSD,overnight_1430_0900,is,388,-9.390227890035453,146.80870677429988,-1.2599119118677362,-1.0153706124304245,Fri
XNGUSD,overnight_1430_0900,oos,365,-18.061069762035075,148.22112246988667,-2.327982999705926,-1.9343436970061372,Fri
XNGUSD,overnight_1430_0900,full,753,-13.593225610194636,147.46064525123467,-2.529553581878286,-1.4633447894587226,Fri
