sub,sym,best_config,n_trials_sub,n_trials_family,is_sharpe,oos_sharpe,full_sharpe,is_gross_sharpe,oos_gross_sharpe,full_gross_sharpe,full_trades_py,oos_trades_py,full_avg_bps,oos_avg_bps,full_avg_gross_bps,full_hit,oos_hit,full_max_dd,full_t_stat,oos_t_stat,full_ann_ret,full_ann_vol,is_sharpe_0x,oos_sharpe_0x,full_sharpe_0x,is_sharpe_2x,oos_sharpe_2x,full_sharpe_2x,oos_ex2020_sharpe,full_ex2020_sharpe,sr0_is_family,dsr_is_family,dsr_full_family,dsr_full_global,dsrN_is_family,dsrN_full_family,dsrN_full_global,share_family_trials_oos_net_pos,full_ci_lo,full_ci_hi,oos_ci_lo,oos_ci_hi
D3 Sunday-gap,XTIUSD,sunday_gap|fade|09:00|thr0.005,8,32,0.1091832051480555,1.0112402613063236,0.6065571045944081,0.1853916206610004,1.077908055421175,0.6776940822178457,6.745322245322245,7.943478260869566,55.93704868050128,91.59228856116977,62.93704868050129,0.5825242718446602,0.6206896551724138,-0.1077744486063274,2.3702216202417223,2.732517759857374,0.0377313418802258,0.0622057537442513,0.1853916206610004,1.077908055421175,0.6776940822178457,0.032643293004553,0.9426390217182544,0.5339886961029195,0.9120910505917263,0.40500016369568964,1.334386412359845,0.000268018179580308,0.00019800994596447022,1.9787898998835202e-50,0.036404172140669294,0.6313832792398024,0.11733604358595628,0.1875,0.15512683702496244,0.9835998616648001,0.49810569805383703,1.4716642260724693
B  intraday momentum,XTIUSD,mom|on930|q0.8|14:30,44,44,0.8755685532022145,0.5290096478411942,0.6834320810352172,1.3395757085326685,0.9388680304435368,1.1156655577909635,54.94490644490645,58.06956521739131,9.35135619302909,7.673481369631735,15.35135619302909,0.5208581644815257,0.4834905660377358,-0.2027265519327887,2.6706232309646225,1.42946074555479,0.0513809391158979,0.0751807539354453,1.3395757085326685,0.9388680304435368,1.1156655577909635,0.4026814228646759,0.1155741858982468,0.2456424402188284,0.2050614873981397,0.6130568399707689,1.3178655029352502,0.09791823231273289,0.024168738885247367,4.112511209321256e-36,0.5998323317768524,0.6822970911559691,0.24145211705909458,0.38636363636363635,0.2105265624964072,1.0921252712340155,-0.28975060568248995,1.068553975357545
C1 EIA continuation,XNGUSD,eia_cont|w15|k2|14:30,16,50,0.3551003018148155,0.3579862268583646,0.3477936879780836,0.6572026441810215,0.7728002887288381,0.6844246848237168,8.911076443057722,8.354347826086956,22.85091285047535,18.83962483372708,45.85091285047534,0.5882352941176471,0.6065573770491803,-0.1056948168027096,1.358707790019718,0.9673306731391066,0.0203626231204235,0.0585479950450013,0.6572026441810215,0.7728002887288381,0.6844246848237168,0.0426091334872629,-0.079618424825594,-0.0022841315979255,0.3672857812943859,0.35203056501015817,1.6970462622380211,6.294763151028412e-05,2.109533001966192e-06,1.494077828907697e-39,0.09831462050608125,0.17721002129417812,0.02353702873294727,0.02,-0.09911288664557268,0.7748219752954779,-0.3165343118915883,1.0455426354859667
A2 ORB Crabel stretch,XTIUSD,stretch|09:00|k0.5|16:55|none|none,36,486,0.4026909796917906,0.1727705030513304,0.2938204426153801,1.0160917835181686,0.7991017962499448,0.9133829622012836,251.6725571725572,252.0,3.3196605303953635,1.9309166482534428,10.319660530395366,0.5087171480614103,0.5032608695652174,-0.4761244497586976,1.148151691375616,0.4668509413948714,0.0835467454629409,0.2843462650837612,1.0160917835181686,0.7991017962499448,0.9133829622012836,-0.2107143290866136,-0.4535607901472833,-0.325743824347854,0.058903549462847746,0.25314607355575963,1.2542784190633423,0.008238079246085944,0.003297109680490235,4.1757129947471905e-40,0.0284868087962567,0.02898855594916152,0.014692221688009335,0.11934156378600823,-0.18186626383018115,0.740462778441473,-0.5135173246696034,0.864124842435225
D2 day-of-week hold,XNGUSD,dow|Thu_0900_1430|short,10,32,0.4880196038538411,0.1370739879293502,0.3459519284351385,0.928900006012325,0.7673949518143105,0.8525664180676226,50.97659906396255,50.673913043478265,13.548073946573629,4.325491972776296,33.548073946573645,0.5218508997429306,0.5081081081081081,-0.4284784600127872,1.351512682331334,0.3703937835184397,0.0690634733663401,0.1996331504169909,0.928900006012325,0.7673949518143105,0.8525664180676226,0.0426558298676649,-0.4958314490297874,-0.1648702678578979,0.12470578549092005,0.34628349613156706,3.614004336025049,2.5776263178688337e-18,1.5960310263307065e-36,3.0758769044584707e-38,0.23898723706567815,0.2291846776078162,0.025196283187645666,0.0625,-0.1361213517589665,0.8242016473096823,-0.5908775130862682,0.8369010606564256
D4 walk-forward session pick,XTIUSD,session_walkforward|sessions,2,32,-1.1532324615709746,0.0458187472248349,-0.2602724454200533,-0.5520416553012464,0.585413778468354,0.2417049460020752,104.84719334719334,149.4195652173913,-3.2727454045160043,0.5480445532219143,3.0399872197855875,0.4378513429106808,0.456461961503208,-0.6448816306558214,-1.0170573761563706,0.1238088961811534,-0.0343138170203427,0.1318380705455153,-0.5520416553012464,0.585413778468354,0.2417049460020752,-1.7399824185883233,-0.494105984140228,-0.761401759722395,-0.3250932625817838,-0.5519320593723297,1.334386412359845,1.5598814231588335e-12,2.6484480552023026e-10,3.825749828531684e-53,5.253677906108535e-08,0.0009587769676215732,7.671039927554976e-06,0.1875,-0.7955596431693284,0.24800816928319191,-0.7800351246239584,0.7299024251608528
D2 day-of-week hold,XTIUSD,dow|Fri_0900_1430|long,10,32,0.2986022302138637,-0.0253557331348308,0.149118453047653,0.5411761867738347,0.242131555657373,0.4031384901029526,49.31288981288981,49.98913043478261,3.515806872321584,-0.5685141899806242,9.51580687232159,0.5059760956175299,0.4931506849315068,-0.2798313013879826,0.5827048743034471,-0.068514866106722,0.0173374596898195,0.1162663596320912,0.5411761867738347,0.242131555657373,0.4031384901029526,0.0551502489773909,-0.2927557496013965,-0.1053734466296003,0.34256236472866114,0.3159001327754406,1.334386412359845,0.0014238676887738657,1.6200870413191667e-06,9.894671602337135e-44,0.09970179561274001,0.06393296400785833,0.0029487274353181504,0.1875,-0.3799751430686314,0.6634591438197671,-0.768547996215589,0.7145686864594034
D3 Sunday-gap,XNGUSD,sunday_gap|follow|09:00|thr0.005,8,32,-0.2284951762246651,-0.2452832325874505,-0.2363787488619884,0.4850134887441163,0.5826164532114902,0.5339972606432184,25.881435257410292,30.267391304347825,-7.037669606770169,-6.794674141628391,15.96233039322982,0.5037974683544304,0.5113122171945701,-0.438636897079494,-0.923448753026642,-0.6627908469295084,-0.0182144990290666,0.0770564152520382,0.4850134887441163,0.5826164532114902,0.5339972606432184,-0.9277513724685597,-1.0588132415600795,-0.992475663754186,-0.19201030742598796,-0.2095606679401975,3.614004336025049,5.327274469582673e-30,1.9469317330897396e-53,1.3480816517186628e-55,0.0020794090046972755,0.0009655052468599845,6.544549376510628e-06,0.0625,-0.6949136649652824,0.257877826174751,-0.8703790780826953,0.4503697694816873
C1 EIA continuation,XTIUSD,eia_cont|w5|k1|14:30,16,50,-0.0308518587872931,-0.3149517275555911,-0.1640294965058911,0.1538668899475175,-0.1119095994354151,0.0293839917714734,26.326403326403327,27.117391304347827,-5.936937465912129,-10.849608803170142,1.0630625340878723,0.5124378109452736,0.5252525252525253,-0.3483271031289245,-0.640972228386642,-0.8510452184050437,-0.0156298210251237,0.0952866487922335,0.1538668899475175,-0.1119095994354151,0.0293839917714734,-0.2154598251551799,-0.5167156168948505,-0.3568182825107519,-0.34708896781280774,-0.1752805211020185,0.6202202900544871,0.03347484369367063,0.0029795685053472004,5.509437603252241e-51,0.009225377679500522,0.0017885049187191674,3.717356540601819e-05,0.18,-0.6229397964240183,0.30725623441298594,-0.9391690747734632,0.38396722020001006
A1 ORB opening range,XTIUSD,orb|09:30|30|16:55|opp|narrow0.75,450,486,0.3284597957420059,-0.3308740583602921,0.0287606077433651,0.8375765573914025,0.3451255433498312,0.6135102105710156,68.04261954261953,74.50434782608696,0.3777142250546916,-3.7674752455428897,8.04855156865431,0.2925890279114533,0.2775735294117647,-0.3142638264181643,0.1123868037621926,-0.8940696640950976,0.0025700665311231,0.0893606475237324,0.8375765573914025,0.3451255433498312,0.6135102105710156,-0.1808928767954596,-0.9980077385352024,-0.5527020301117224,-0.29693068127611877,0.06516382389527338,1.2542784190633423,0.002517178745283203,8.07337420242361e-05,8.561637421688573e-47,0.011523406062561458,0.001602017283848756,0.0006158956370853592,0.11934156378600823,-0.4877688352162314,0.5044912210405088,-1.0978875575313343,0.3541140549020022
C2 EIA fade,XNGUSD,eia_fade|w5|k2|14:30,32,50,-0.557558102578282,-0.4088820695474595,-0.4908957230655507,-0.3238861945826232,-0.0262844517225672,-0.2096228889998433,9.238689547581902,9.31304347826087,-39.83306199518773,-24.56549968209506,-16.833061995187737,0.3617021276595745,0.3529411764705882,-0.5590370918558063,-1.9177571821215929,-1.104858617162224,-0.0368005293503122,0.0749660826549882,-0.3238861945826232,-0.0262844517225672,-0.2096228889998433,-0.7817215052261464,-0.7735285762396023,-0.7602556371130765,-0.7449224140977828,-0.6016694841800518,1.6970462622380211,2.292762771106055e-10,7.871135633160915e-15,1.498895954803504e-57,8.090478107529716e-05,1.965836262522125e-05,1.3667654737113106e-07,0.02,-0.9722782083332869,-0.031017727741965425,-1.163473173636662,0.31937924760322306
E1 z-score fade,XTIUSD,mr|15m|pxz|4h|z3|mean,28,32,0.0182001648164786,-0.5480077601504069,-0.2262635079458748,0.4929501325095022,-0.1093583929017854,0.2318649468295143,42.109147609147605,36.4304347826087,-2.9633256617978665,-7.488414504793761,3.036674338202133,0.4758942457231726,0.4511278195488721,-0.3144895480353148,-0.8841618610067327,-1.4807963986879311,-0.0124783117706621,0.0551494665840994,0.4929501325095022,-0.1093583929017854,0.2318649468295143,-0.4569747977683761,-0.9787304483245632,-0.6814592176414233,-0.8054111196368687,-0.308926436232163,2.2673373481882297,1.0391863320409542e-10,2.400831824381842e-16,4.0521538112690677e-51,0.020127175586829135,0.0016606907639881846,1.711764662153801e-05,0.0,-0.7725003464927327,0.3028439269715435,-1.3715403751374247,0.17515397621945003
C2 EIA fade,XTIUSD,eia_fade|w15|k2|14:30,32,50,0.367866750337279,-0.6457611200421804,-0.1453591161402876,0.4920494810841254,-0.5455948292388403,-0.0308080497648493,10.478170478170478,9.997826086956522,-8.88041587501354,-43.71833603703787,-1.880415875013544,0.4125,0.3561643835616438,-0.4180066151659365,-0.5680146472034473,-1.7449401459364275,-0.0093050511455443,0.0640142248564853,0.4920494810841254,-0.5455948292388403,-0.0308080497648493,0.2421560985392398,-0.7440189374686081,-0.2593881810384479,-1.0450436142153747,-0.13830954414416038,0.6202202900544871,0.22654696802833474,0.002825014212974655,7.870970361922579e-54,0.09605202567644738,0.0016615712302281904,2.907521764955242e-05,0.18,-0.6169877198708191,0.3925298752202567,-1.331155648773973,-0.01438384476087904
D1 session hold,XTIUSD,session|overnight_1430_0900|long,12,32,-0.3109514884028191,-0.7520801810671379,-0.5461136442068018,0.5152984440908697,-0.115821623965238,0.1707333247300037,251.93451143451145,252.0,-5.331962368696163,-8.276618195423534,1.6666809434737846,0.4824538601507668,0.4728260869565217,-0.965031936143912,-2.1340288602727715,-2.032229659198848,-0.1343305334344668,0.245975420792817,0.5152984440908697,-0.115821623965238,0.1707333247300037,-1.1374079262035184,-1.387870237956909,-1.2627089240267295,-1.1193061158070126,-0.6814762701500211,1.334386412359845,1.7835006775305774e-06,7.638386246951639e-14,7.65184871973884e-62,0.0014785609195638726,1.0655219156174098e-05,2.100418326583736e-08,0.1875,-1.103213949880206,-0.04999955680828216,-1.690646880508237,0.10238775359783371
C3 EIA pre-report drift,XNGUSD,eia_pre|short|09:00->T-1,2,50,0.6883278571343591,-1.1206771215948372,-0.0528320237751983,1.9575628353468817,0.62550862832631,1.4044831109196951,48.748829953198126,48.619565217391305,-0.7135684148415925,-12.86915358488718,19.28643158515841,0.461021505376344,0.3971830985915493,-0.5231742503509671,-0.2063961617106532,-3.0282320186380662,-0.0034785625315085,0.0658419322778539,1.9575628353468817,0.62550862832631,1.4044831109196951,-0.6383361856129853,-2.710441017089369,-1.5046461409892409,-1.1745257199935226,-0.042134905222551006,1.6970462622380211,0.001602926599899079,5.13167357197222e-10,5.205829195328525e-48,0.36439529187674163,0.006660909500358397,0.00021420448902961017,0.02,-0.6916520211311415,0.5352884227144913,-2.0336957505965487,-0.2313027954411832
E1 z-score fade,XNGUSD,mr|5m|pxz|1h|z3|time30,28,32,-0.5706599818227668,-1.1763034065056686,-0.6987215936074437,0.0270511484277759,-0.1986458778455286,-0.0337171728374591,13.956318252730108,11.778260869565218,-20.996342748133088,-23.792129555168017,-0.9963427481330772,0.3568075117370892,0.3720930232558139,-0.377580583109277,-2.729659867631783,-3.178542303196336,-0.0293031641536347,0.0419382546950421,0.0270511484277759,-0.1986458778455286,-0.0337171728374591,-1.1340239824625629,-1.92308537599936,-1.3049797344832712,-1.2365734551318133,-0.7146048100703585,4.436901991885297,8.6290461222698e-40,1.9065426163723792e-81,1.166539769429468e-54,0.00027695266018083335,5.663561871993438e-06,1.843814422958415e-08,0.0,-1.2318125527532462,-0.21951511702392876,-1.842158838834466,-0.513946765286225
D1 session hold,XNGUSD,session|ny_main|short,12,32,-1.0198576708427258,-1.215152260605516,-1.076807421804849,0.1879499315097238,0.5495750674959043,0.3218864691857906,251.93447737909517,251.8630434782609,-15.397329806062707,-13.771563698007103,4.602670193937306,0.4730819245773732,0.4709081022294725,-0.9991694353135498,-4.2067084105606085,-3.283517537905454,-0.3879118237723973,0.3602425242595506,0.1879499315097238,0.5495750674959043,0.3218864691857906,-2.2276652731951745,-2.979855078012134,-2.475494788720011,-1.3573632113789986,-1.1191997849557587,3.614004336025049,6.432949611065793e-40,1.242282022529965e-75,3.6712385122963207e-78,2.6543627000574277e-07,1.0892464355951557e-10,1.6889448712065182e-14,0.0625,-1.501613240506334,-0.6892104305155224,-1.8223421156749742,-0.5887946530806584
C3 EIA pre-report drift,XTIUSD,eia_pre|short|09:00->T-1,2,50,-0.2229645115329976,-1.256252188739606,-0.6838188907490539,0.373141545104401,-0.5837730009087018,-0.0525046990628595,52.32536382536382,52.45434782608696,-6.497098080380932,-11.117462282473324,-0.4970980803809311,0.4267834793491865,0.4073107049608355,-0.4275532139792688,-2.672134753523192,-3.3945755009361047,-0.0339963020865005,0.0497153596462669,0.373141545104401,-0.5837730009087018,-0.0525046990628595,-0.8154830672998611,-1.9033967893223165,-1.3029198856167283,-1.1863584477056281,-0.6144724512382372,0.6202202900544871,0.008783366916797018,7.042806382122786e-07,2.490942398303651e-66,0.0018687236164593893,3.04146968550264e-07,7.366190319098886e-10,0.18,-1.183342607839147,-0.18835596487843012,-1.8287239104258193,-0.6483847097553581
E2 VWAP fade,XTIUSD,mr|5m|vwap|day|d0.5|vwap,4,32,-0.8039247903343376,-1.2861371786722984,-1.0615186570356987,0.021426501397055,-0.6573920394954489,-0.3647310163421729,132.87629937629936,143.9413043478261,-9.056943130698436,-12.044200565980187,-3.056943130698436,0.468703794972893,0.4509990485252141,-0.8782763155026158,-4.148058694124751,-3.47532907540193,-0.1203453086868803,0.1133708841471951,0.021426501397055,-0.6573920394954489,-0.3647310163421729,-1.5917895837702396,-1.884513982900496,-1.725359353955045,-1.6748771123421164,-1.2143691266392131,2.2673373481882297,2.3793546152517855e-20,1.3664229112882367e-39,6.657929062168448e-99,1.9038393764765975e-06,5.508112567265864e-13,8.366575044303211e-18,0.0,-1.5396861654882306,-0.6504263985636615,-1.9508969569973533,-0.84333769201787
B  intraday momentum,XNGUSD,mom|on1000|q0.8|14:30,44,44,-0.006834712589377,-1.304997700728745,-0.6699394208262103,1.2476491528676763,0.3975389317078538,0.8170452337219138,45.53822152886115,55.46739130434783,-9.000867712815516,-15.36934169140264,10.999132287184487,0.437410071942446,0.3901234567901234,-0.5791685138210191,-2.617218027186365,-3.526292939729134,-0.0409883507858166,0.0611821748528655,1.2476491528676763,0.3975389317078538,0.8170452337219138,-1.2605680068863143,-2.8596240902082943,-2.0811430060433644,-1.488795458686773,-0.6964481285780192,2.1073475733299234,1.2522493796645076e-09,4.954890568600912e-32,2.576303007040659e-64,0.012374470002603926,7.079448101118189e-07,1.6342758989925211e-09,0.0,-1.2301918151369617,-0.14044859897702092,-2.334368444069971,-0.5164856191777606
A1 ORB opening range,XNGUSD,orb|09:30|60|16:55|mid|narrow0.75,450,486,0.2757364732069797,-1.634940400705305,-0.3904145582480459,1.7009250923690733,0.7577806435240468,1.3265760454758813,79.4789391575663,79.1608695652174,-5.716437530513737,-17.296708650060943,19.40804721804355,0.2605111294311624,0.2474048442906574,-0.6877049755019021,-1.525212561253136,-4.417845938476026,-0.045433639068573,0.1163728096422757,1.7009250923690733,0.7577806435240468,1.3265760454758813,-1.1452241708385231,-3.759185891356727,-2.053068303524,-1.6668484916273183,-0.37431756408640615,2.1425117426582583,1.8376356172916826e-08,3.1860025544712895e-19,1.5795731505244485e-50,0.008904276981078544,8.952443462223191e-06,2.623101550151123e-06,0.0,-0.9965885269093272,0.13690361258238415,-2.550236646206876,-0.7997743815000129
A2 ORB Crabel stretch,XNGUSD,stretch|08:00|k2.0|16:55|none|none,36,486,-6.532352677023625e-05,-2.2770390816419286,-0.8921893391924384,1.3959411961762531,-0.3084136612156312,0.7088629928465426,215.37285491419652,216.9391304347826,-12.81735445502116,-26.59647254737161,10.182645544978826,0.4657742622452084,0.4242424242424242,-0.99391853369033,-3.4854704016643905,-6.152889643098495,-0.2760510221425103,0.3094085638731985,1.3959411961762531,-0.3084136612156312,0.7088629928465426,-1.3960715735427072,-4.228776633136527,-2.4886231272401176,-2.308172026859755,-0.8377791276904502,2.1425117426582583,7.537084914753172e-10,1.063937949415833e-30,7.380630810638988e-72,0.0011666357548078704,2.90251757388773e-11,4.188115990611826e-12,0.0,-1.422270987519198,-0.3735983687445471,-2.80735393269718,-1.7405235968515655
E2 VWAP fade,XNGUSD,mr|5m|vwap|day|d0.5|vwap,4,32,-1.468484004337465,-2.770493690601152,-1.9789251228670368,0.3188872447134728,-0.1464761642458088,0.1330701416860782,131.04524180967238,138.6,-18.81865026017229,-21.0023184878308,1.181349739827715,0.397,0.3695652173913043,-0.9795000857448982,-7.730965435101875,-7.486275520083574,-0.2466094573875931,0.1246178819693334,0.3188872447134728,-0.1464761642458088,0.1330701416860782,-2.9884631225690472,-4.666172245365876,-3.676598269085632,-2.967410357311276,-2.0250665853089482,4.436901991885297,1.012838648952062e-74,5.161023409632326e-186,6.405923063202844e-135,3.979572101187603e-12,2.050376501845534e-28,2.0110691906015999e-35,0.0,-2.3998775013003497,-1.548863095454323,-3.367576260324061,-2.1345238904626456
D4 walk-forward session pick,XNGUSD,session_walkforward|sessions,2,32,-2.125882771889956,-3.876322153638765,-3.0368394245802497,2.613338379677263,1.2741364073013877,1.883075270938326,186.54290171606863,217.35,-12.363926982838858,-15.068199196920547,7.636073017161148,0.3691605198454513,0.3490863264020163,-0.9722744322520828,-11.863865060932897,-10.474384311067256,-0.2306402815984358,0.0759474734592906,2.613338379677263,1.2741364073013877,1.883075270938326,-6.551314308607766,-8.837664507821046,-7.666348808447436,-4.066264601804757,-3.105109771891955,3.614004336025049,6.933407940102546e-57,1.0128656123767302e-137,5.360826114212999e-141,1.1270131993581307e-15,1.5102726779039722e-41,8.638425645990762e-49,0.0625,-3.72238616270498,-2.414870313041517,-4.90817712737092,-3.0654338857445014
