key,sym,family,item,dir,is_days,is_sharpe,is_gross_sharpe,is_ann_ret,is_ann_vol,is_max_dd,is_t_stat,is_trades,is_trades_py,is_avg_bps,is_avg_gross_bps,is_hit,oos_days,oos_sharpe,oos_gross_sharpe,oos_ann_ret,oos_ann_vol,oos_max_dd,oos_t_stat,oos_trades,oos_trades_py,oos_avg_bps,oos_avg_gross_bps,oos_hit,full_days,full_sharpe,full_gross_sharpe,full_ann_ret,full_ann_vol,full_max_dd,full_t_stat,full_trades,full_trades_py,full_avg_bps,full_avg_gross_bps,full_hit,is_sharpe_0x,oos_sharpe_0x,full_sharpe_0x,is_sharpe_2x,oos_sharpe_2x,full_sharpe_2x,exit,thr
XTIUSD|session|asia|long,XTIUSD,D_session,asia,long,2008,-1.0946948301839718,0.43670855500608946,-0.10695276886369139,0.0977009901889435,-0.6082242198705053,-3.0901150622184814,1987,249.36454183266932,-4.2890127071658695,1.71098729283413,0.47055863110216406,1840,-0.5014378091470924,0.5968717714251888,-0.06884338373099685,0.13729196816668898,-0.6099134036574307,-1.3549576410144004,1835,251.31521739130434,-2.7393241223354137,3.2606758776645863,0.44632152588555857,3848,-0.7501226580083268,0.5194863178331999,-0.08872998595200793,0.11828730275605537,-0.8457102468377145,-2.931227626182708,3822,250.2972972972973,-3.5449837816912786,2.4550162183087214,0.4589220303506018,0.43670855500608946,0.5968717714251888,0.5194863178331999,-2.6257751054744505,-1.599727758405513,-2.019633694576362,,
XTIUSD|session|asia|short,XTIUSD,D_session,asia,short,2008,-1.9679830304909662,-0.43670855500608946,-0.19228468133551183,0.0977064732552807,-0.7974611319824373,-5.555241366846046,1987,249.36454183266932,-7.71098729283413,-1.71098729283413,0.42123804730749875,1840,-1.6951579844924833,-0.5968717714251888,-0.23273487713856836,0.1372939155333344,-0.8404442273754001,-4.58056257808213,1835,251.31521739130434,-9.260675877664587,-3.2606758776645863,0.42997275204359675,3848,-1.7890274662114343,-0.5194863178331999,-0.21162677080474881,0.11829151581048894,-0.9664215940808117,-6.99091898767894,3822,250.2972972972973,-8.455016218308721,-2.4550162183087214,0.42543171114599687,-0.43670855500608946,-0.5968717714251888,-0.5194863178331999,-3.498676766862374,-2.793377835809907,-3.0583350646626815,,
XTIUSD|session|london|long,XTIUSD,D_session,london,long,2008,-1.2688806062995606,-0.21601855620672467,-0.181495666404086,0.14303604728689348,-0.7965496155329154,-3.581808341073685,2000,250.99601593625496,-7.231017820226282,-1.2310178202262811,0.4705,1840,-1.1686989118096065,-0.3054904159484193,-0.20470984277016302,0.17516046323102288,-0.8477581783590882,-3.1579938562971916,1840,252.0,-8.123406459133452,-2.1234064591334514,0.45869565217391306,3848,-1.209862195897398,-0.2620202965384663,-0.19259600021738685,0.15918837770985275,-0.9677908738490386,-4.727735463830186,3840,251.47609147609145,-7.658620709702635,-1.6586207097026335,0.46484375,-0.21601855620672467,-0.3054904159484193,-0.2620202965384663,-2.321675645979121,-2.031907407670793,-2.1576771307694016,,
XTIUSD|session|london|short,XTIUSD,D_session,london,short,2008,-0.8368549025335871,0.21601855620672467,-0.11969955271942008,0.143035014023373,-0.6515454797003244,-2.362282042362275,2000,250.99601593625496,-4.76898217977372,1.2310178202262811,0.462,1840,-0.5577180799127679,0.3054904159484193,-0.09769015722983707,0.17516046323102288,-0.6805088407222364,-1.507035090144173,1840,252.0,-3.87659354086655,2.1234064591334514,0.4668478260869565,3848,-0.6858274426639647,0.2620202965384663,-0.109175309553923,0.15918772385347038,-0.887540487136991,-2.6799835003897923,3840,251.47609147609145,-4.341379290297369,1.6586207097026335,0.46432291666666664,0.21601855620672467,0.3054904159484193,0.2620202965384663,-1.889684165143115,-1.4209265757739544,-1.633659896415698,,
XTIUSD|session|ny_pre|long,XTIUSD,D_session,ny_pre,long,2008,-1.8494257944818804,-0.1482013695022021,-0.16437171722890154,0.08887716269521945,-0.7436804742044724,-5.220576864351686,2008,252.0,-6.522687191623078,-0.5226871916230774,0.4252988047808765,1840,-2.5078715782520624,-0.8353205887834906,-0.22671367570814324,0.09040083139590355,-0.8272683903132676,-6.7766325068612545,1840,252.0,-8.996574432862827,-2.996574432862826,0.42282608695652174,3848,-2.1667533968995314,-0.47960706611192705,-0.19418180132500462,0.08961878246175355,-0.9538958447390296,-8.466945169981294,3848,252.0,-7.705627036706533,-1.705627036706533,0.42411642411642414,-0.1482013695022021,-0.8353205887834906,-0.47960706611192705,-3.5506502194615575,-4.180422567720632,-3.8538997276871343,,
XTIUSD|session|ny_pre|short,XTIUSD,D_session,ny_pre,short,2008,-1.5530230554774758,0.1482013695022021,-0.13802828277109844,0.08887716269521945,-0.6809448470318527,-4.3838883708777585,2008,252.0,-5.477312808376921,0.5226871916230774,0.4487051792828685,1840,-0.8372304006850809,0.8353205887834906,-0.07568632429185676,0.09040083139590355,-0.498243962425053,-2.262317894670421,1840,252.0,-3.0034255671371732,2.996574432862826,0.4369565217391304,3848,-1.2075392646756775,0.47960706611192705,-0.10821819867499534,0.08961878246175353,-0.8299366058527546,-4.718658228129949,3848,252.0,-4.294372963293466,1.705627036706533,0.4430873180873181,0.1482013695022021,0.8353205887834906,0.47960706611192705,-3.2542474804571535,-2.509781390153652,-2.8946855954632804,,
XTIUSD|session|ny_main|long,XTIUSD,D_session,ny_main,long,2008,-0.344436709931833,0.17629512710481016,-0.10001084404222531,0.2903605834059277,-0.8148199168147303,-0.9722792471418388,2008,252.0,-3.9686842873898933,2.0313157126101133,0.499003984063745,1840,-0.8390045979638563,-0.3268205812976131,-0.24767952744374663,0.29520640059044884,-0.9081945428340135,-2.267112032877974,1840,252.0,-9.828552676339152,-3.8285526763391475,0.48695652173913045,3848,-0.5829501468559694,-0.06635648641645776,-0.1706216489951357,0.292686518590571,-0.9709944091486781,-2.277973551270219,3848,252.0,-6.77070035694983,-0.7707003569498229,0.49324324324324326,0.17629512710481016,-0.3268205812976131,-0.06635648641645776,-0.8651685469684757,-1.3511886146300984,-1.0995438072954797,,
XTIUSD|session|ny_main|short,XTIUSD,D_session,ny_main,short,2008,-0.6970269641414535,-0.17629512710481016,-0.20238915595777507,0.2903605834059277,-0.8734592769315173,-1.9675743972445257,2008,252.0,-8.031315712610121,-2.0313157126101133,0.46912350597609564,1840,-0.18536343536863023,0.3268205812976131,-0.054720472556253626,0.29520640059044884,-0.838294541323896,-0.5008788697936598,1840,252.0,-2.1714473236608582,3.8285526763391475,0.46630434782608693,3848,-0.4502371740230538,0.06635648641645776,-0.13177835100486468,0.292686518590571,-0.9768882927417535,-1.7593757884009378,3848,252.0,-5.229299643050186,0.7707003569498229,0.4677754677754678,-0.17629512710481016,0.3268205812976131,0.06635648641645776,-1.2177588011780958,-0.697547452034873,-0.9668308344625646,,
XTIUSD|session|post|long,XTIUSD,D_session,post,long,2008,-1.5482102062977368,0.28331467169776087,-0.10542199537383824,0.06809281772268883,-0.5807712618249866,-4.37030261406917,1656,207.82470119521912,-5.07264029576593,0.9273597042340688,0.4178743961352657,1840,-0.7631887179465344,0.7605613778635424,-0.07573035399362427,0.09922886988867884,-0.6960637435843642,-2.0622465359693294,1840,252.0,-3.0051727775247725,2.9948272224752275,0.41847826086956524,3848,-1.0806009898123738,0.5467010610871408,-0.09122432901739495,0.08441999394543805,-0.8724078642437876,-4.222626047090086,3496,228.94802494802494,-3.9844994966916367,2.015500503308363,0.4181922196796339,0.28331467169776087,0.7605613778635424,0.5467010610871408,-3.366663225033405,-2.2869388137566107,-2.7044786790312196,,
XTIUSD|session|post|short,XTIUSD,D_session,post,short,2008,-2.112438138829427,-0.28331467169776087,-0.14396764606042467,0.06815236073147306,-0.6906028064032147,-5.963010631652077,1656,207.82470119521912,-6.927359704234068,-0.9273597042340688,0.40942028985507245,1840,-2.284311473673619,-0.7605613778635424,-0.2266696460063757,0.09922886988867884,-0.8168602816155557,-6.172540700462022,1840,252.0,-8.994827222475227,-2.9948272224752275,0.4141304347826087,3848,-2.1722694468923622,-0.5467010610871408,-0.18351330092023493,0.08447998989387259,-0.9432651852217536,-8.48850004231287,3496,228.94802494802494,-8.015500503308362,-2.015500503308363,0.41189931350114417,-0.28331467169776087,-0.7605613778635424,-0.5467010610871408,-3.923787739436098,-3.8080615694836957,-3.7909735284415493,,
XTIUSD|session|overnight_1430_0900|long,XTIUSD,D_session,overnight_1430_0900,long,2008,-0.31095148840281917,0.5152984440908697,-0.06630162359085155,0.21322175986809153,-0.6470170674193347,-0.8777568427644118,2007,251.87450199203187,-2.6323277293447136,4.3628193927143775,0.49128051818634777,1840,-0.7520801810671379,-0.115821623965238,-0.20857077852467307,0.2773251892221503,-0.9123138184237808,-2.0322296591988476,1840,252.0,-8.276618195423534,-1.2741613758881005,0.47282608695652173,3848,-0.5461136442068018,0.1707333247300037,-0.1343305334344668,0.245975420792817,-0.9650319361439119,-2.1340288602727715,3847,251.93451143451142,-5.331962368696163,1.6666809434737846,0.48245386015076686,0.5152984440908697,-0.115821623965238,0.1707333247300037,-1.1374079262035184,-1.387870237956909,-1.2627089240267295,,
XTIUSD|session|overnight_1430_0900|short,XTIUSD,D_session,overnight_1430_0900,short,2008,-1.3412853925754586,-0.5152984440908697,-0.28607821595507404,0.2132866111407977,-0.9162460095796657,-3.786193265966645,2007,251.87450199203187,-11.357966514773466,-4.3628193927143775,0.4613851519681116,1840,-0.5208817849393685,0.115821623965238,-0.1443530451799128,0.27713206595756795,-0.8595334422233163,-1.4074980819042802,1840,252.0,-5.728295443647332,1.2741613758881005,0.47554347826086957,3848,-0.8877961969158991,-0.1707333247300037,-0.21830942327672254,0.24590038123062943,-0.9779331714693323,-3.469209616637043,3847,251.93451143451142,-8.665324255643732,-1.6666809434737846,0.46815700545879907,-0.5152984440908697,0.115821623965238,-0.1707333247300037,-2.166952983865137,-1.1580062967210214,-1.6050391212206747,,
XTIUSD|sunday_gap|fade|02:00|thr0,XTIUSD,D_session,sunday_gap,fade,2008,-0.7756395627051358,-0.1863104483366246,-0.03484724454170881,0.044927110757701526,-0.27021820242114547,-2.189482794181912,302,37.9003984063745,-9.194426973582372,-2.1944269735823756,0.4139072847682119,1840,0.1314227393174981,0.5837658013856505,0.009463484587723179,0.0720079693732512,-0.1704055388110658,0.3551232906512875,341,46.70217391304348,2.0263477681667665,9.026347768166763,0.4633431085043988,3848,-0.2297797325142619,0.266036409876016,-0.01365916200580578,0.05944459007044057,-0.36350441193087857,-0.8979020866680726,643,42.109147609147605,-3.2437517217371843,3.7562482782628135,0.4401244167962675,-0.1863104483366246,0.5837658013856505,0.266036409876016,-1.3471842451282434,-0.32233190118555255,-0.7222661740546054,02:00,0.0
XTIUSD|sunday_gap|fade|02:00|thr0.005,XTIUSD,D_session,sunday_gap,fade,2008,-0.1936333155387505,-0.002128274590728197,-0.003996976213209962,0.020641986127692347,-0.06219494135486581,-0.5465899795955368,45,5.647410358565737,-7.077538127094885,-0.07753812709489062,0.4222222222222222,1840,0.43097334501398893,0.5205240021760883,0.02595166438985936,0.0602164024529568,-0.07054798560477782,1.164552445483709,58,7.943478260869566,32.670403993802154,39.670403993802154,0.5517241379310345,3848,0.23339174538760782,0.33864601392720345,0.010323579584515493,0.04423283937214874,-0.08309275848091557,0.9120166208811713,103,6.745322245322245,15.304798212827716,22.304798212827713,0.49514563106796117,-0.002128274590728197,0.5205240021760883,0.33864601392720345,-0.38150086019678,0.34010992297032516,0.1269973786555274,02:00,0.005
XTIUSD|sunday_gap|fade|09:00|thr0,XTIUSD,D_session,sunday_gap,fade,2008,0.030151579150207393,0.35341568228147807,0.002470775667723423,0.08194514971884743,-0.2065833556567267,0.08511216670866195,302,37.9003984063745,0.65191284831134,7.651912848311335,0.4867549668874172,1840,0.4284932825669352,0.7121368825808677,0.04903605947026732,0.11443833886149048,-0.17513899004643063,1.1578509572801288,341,46.70217391304348,10.499738098181338,17.499738098181336,0.5219941348973607,3848,0.2503176557470008,0.5473063986050365,0.024736919689729867,0.0988221131102785,-0.2065833556567267,0.9781573986780662,643,42.109147609147605,5.87447647227039,12.874476472270386,0.505443234836703,0.35341568228147807,0.7121368825808677,0.5473063986050365,-0.293324542085309,0.14302782491128221,-0.04798840991844892,09:00,0.0
XTIUSD|sunday_gap|fade|09:00|thr0.005,XTIUSD,D_session,sunday_gap,fade,2008,0.1091832051480555,0.1853916206610004,0.005636909658418033,0.051627992151120905,-0.10777444860632746,0.3082033983047093,45,5.647410358565737,9.981406167639683,16.98140616763968,0.5333333333333333,1840,1.0112402613063236,1.077908055421175,0.07275613530489443,0.0719474274203717,-0.04199164607316286,2.732517759857374,58,7.943478260869566,91.59228856116977,98.59228856116977,0.6206896551724138,3848,0.6065571045944081,0.6776940822178457,0.03773134188022588,0.06220575374425138,-0.10777444860632746,2.3702216202417223,103,6.745322245322245,55.93704868050128,62.93704868050129,0.5825242718446602,0.1853916206610004,1.077908055421175,0.6776940822178457,0.032643293004553015,0.9426390217182544,0.5339886961029195,09:00,0.005
XTIUSD|sunday_gap|follow|02:00|thr0,XTIUSD,D_session,sunday_gap,follow,2008,-0.4073995524057061,0.1863104483366246,-0.018213313227215474,0.044706267151412744,-0.2229402423668999,-1.1500113625441808,302,37.9003984063745,-4.805573026417622,2.1944269735823756,0.48013245033112584,1840,-1.0299088908209924,-0.5837658013856505,-0.07484652806598403,0.07267296042693648,-0.43239736937597983,-2.782963102722908,341,46.70217391304348,-16.02634776816676,-9.026347768166763,0.41935483870967744,3848,-0.7580001788376818,-0.266036409876016,-0.045293644647000864,0.05975413451280999,-0.5300443794560241,-2.962010334096297,643,42.109147609147605,-10.75624827826281,-3.7562482782628135,0.447900466562986,0.1863104483366246,-0.5837658013856505,-0.266036409876016,-0.9915854504117048,-1.465386496602723,-1.2392035128648067,02:00,0.0
XTIUSD|sunday_gap|follow|02:00|thr0.005,XTIUSD,D_session,sunday_gap,follow,2008,-0.18941726440083803,0.002128274590728197,-0.0039093982887820665,0.020639081137340986,-0.07807397606135735,-0.5346888700213214,45,5.647410358565737,-6.922461872905105,0.07753812709489062,0.4666666666666667,1840,-0.6085225960226076,-0.5205240021760883,-0.03707253395507675,0.06092219779082689,-0.26054102492866194,-1.644316256512849,58,7.943478260869566,-46.67040399380214,-39.670403993802154,0.41379310344827586,3848,-0.44227478075580345,-0.33864601392720345,-0.019767030727966633,0.04469400379145913,-0.2898942714612155,-1.7282614274809984,103,6.745322245322245,-29.304798212827706,-22.304798212827713,0.4368932038834951,0.002128274590728197,-0.5205240021760883,-0.33864601392720345,-0.37740252994841533,-0.6947518491866106,-0.5438305892336174,02:00,0.005
XTIUSD|sunday_gap|follow|09:00|thr0,XTIUSD,D_session,sunday_gap,follow,2008,-0.6742083937143785,-0.35341568228147807,-0.05553133343664767,0.08236523596318938,-0.39075573805187236,-1.9031619178660055,302,37.9003984063745,-14.651912848311333,-7.651912848311335,0.4735099337748344,1840,-0.9927867441145117,-0.7121368825808677,-0.11441910294852817,0.11525043381857508,-0.5896257927320685,-2.682653681667567,341,46.70217391304348,-24.499738098181332,-17.499738098181336,0.44281524926686217,3848,-0.8414417548507147,-0.5473063986050365,-0.08368972634253646,0.09945991610243346,-0.7499818689705013,-3.288072012370401,643,42.109147609147605,-19.874476472270384,-12.874476472270386,0.4572317262830482,-0.35341568228147807,-0.7121368825808677,-0.5473063986050365,-0.9903557696669891,-1.269332883980227,-1.1312610343633542,09:00,0.0
XTIUSD|sunday_gap|follow|09:00|thr0.005,XTIUSD,D_session,sunday_gap,follow,2008,-0.2610415275929961,-0.1853916206610004,-0.013543284160410056,0.05188172274844377,-0.13968346397499443,-0.7368705268701006,45,5.647410358565737,-23.98140616763969,-16.98140616763968,0.4666666666666667,1840,-1.1425940787970303,-1.077908055421175,-0.0838770048701118,0.07340927668592588,-0.4796304887698136,-3.087454813742825,58,7.943478260869566,-105.59228856116977,-98.59228856116977,0.3620689655172414,3848,-0.7472759099486246,-0.6776940822178457,-0.047174793023677,0.06312901619820754,-0.5438434760913011,-2.9201034900587084,103,6.745322245322245,-69.93704868050132,-62.93704868050129,0.4077669902912621,-0.1853916206610004,-1.077908055421175,-0.6776940822178457,-0.3359142323699893,-1.2052642045631377,-0.8151949937614354,09:00,0.005
XTIUSD|dow|Mon_0900_1430|long,XTIUSD,D_session,dow_Mon,long,2008,-0.2477275352051896,-0.012394826593553607,-0.030436838280761155,0.12286417113685287,-0.506325535594911,-0.699287661507606,384,48.191235059760956,-6.315845245098428,-0.31584524509841816,0.4869791666666667,1840,-0.4808457475477946,-0.2150958847915074,-0.05167638116512694,0.10746976848327117,-0.4230355365544689,-1.2993149058651188,348,47.66086956521739,-10.84251748584127,-4.842517485841267,0.47126436781609193,3848,-0.3507079062569934,-0.10230738010852727,-0.04059296065790072,0.11574578141433409,-0.6028769795227754,-1.3704488093596328,732,47.937629937629936,-8.467869752992565,-2.4678697529925593,0.47950819672131145,-0.012394826593553607,-0.2150958847915074,-0.10230738010852727,-0.48237063449857964,-0.7448664095774975,-0.5980143653580176,,
XTIUSD|dow|Mon_0900_1430|short,XTIUSD,D_session,dow_Mon,short,2008,-0.22297245690827364,0.012394826593553607,-0.027392643790952017,0.12285214133968483,-0.4030992695411272,-0.6294087891474962,384,48.191235059760956,-5.684154754901593,0.31584524509841816,0.4817708333333333,1840,-0.051432383464253745,0.2150958847915074,-0.00551666231313392,0.1072604834066864,-0.26914535689723096,-0.13897775496628087,348,47.66086956521739,-1.1574825141587344,4.842517485841267,0.47126436781609193,3848,-0.1464135184604121,0.10230738010852727,-0.01693219526725521,0.11564639280104051,-0.5439858480747568,-0.5721348976409772,732,47.937629937629936,-3.5321302470074456,2.4678697529925593,0.476775956284153,0.012394826593553607,0.2150958847915074,0.10230738010852727,-0.4577188001374852,-0.3177742482236459,-0.3946760972042756,,
XTIUSD|dow|Tue_0900_1430|long,XTIUSD,D_session,dow_Tue,long,2008,-0.5228702518046593,-0.27585809036155734,-0.0657172420292928,0.12568556310570964,-0.6035691005621646,-1.4759631599027578,413,51.830677290836654,-12.679217302242591,-6.679217302242583,0.5060532687651331,1840,-0.9097472337656134,-0.6892822694994102,-0.1270911290212481,0.1396993849546475,-0.6650877638567347,-2.4582688885768467,378,51.7695652173913,-24.549390841426955,-18.549390841426945,0.48148148148148145,3848,-0.7170983111433155,-0.48369101173175283,-0.09506442291941695,0.13256818687503208,-0.8219196887468707,-2.802179560731142,791,51.8014553014553,-18.351689613003263,-12.351689613003254,0.4943109987357775,-0.27585809036155734,-0.6892822694994102,-0.48369101173175283,-0.7684178154494374,-1.12816838666812,-0.9487077730677859,,
XTIUSD|dow|Tue_0900_1430|short,XTIUSD,D_session,dow_Tue,short,2008,0.028068537593764514,0.27585809036155734,0.0035204292802888085,0.12542261129667404,-0.4019659044781937,0.07923213703161541,413,51.830677290836654,0.6792173022425786,6.679217302242583,0.46731234866828086,1840,0.46725178213161056,0.6892822694994102,0.06496765076037857,0.13904206092910987,-0.2832962214683876,1.2625820409388107,378,51.7695652173913,12.54939084142694,18.549390841426945,0.4656084656084656,3848,0.249060535590223,0.48369101173175283,0.03290267655767059,0.13210714607875515,-0.5274537162987568,0.9732449949616364,791,51.8014553014553,6.351689613003241,12.351689613003254,0.4664981036662453,0.27585809036155734,0.6892822694994102,0.48369101173175283,-0.21980029731274567,0.2441516209501977,0.013796892721676104,,
XTIUSD|dow|Wed_0900_1430|long,XTIUSD,D_session,dow_Wed,long,2008,-0.0357159309117326,0.17416917841980503,-0.005316633253169277,0.14885887382604318,-0.2976453790445066,-0.10081927221027587,415,52.081673306772906,-1.020826120899211,4.979173879100793,0.4987951807228916,1840,-0.15342229594990262,0.05706729041280985,-0.022641331831709632,0.1475752379504395,-0.33179244097460403,-0.4145692813888178,378,51.7695652173913,-4.373483095064434,1.6265169049355723,0.4894179894179894,3848,-0.09175576276330341,0.11845189980929018,-0.013600792656629324,0.14822821201666034,-0.4545197036000247,-0.3585507300731023,793,51.93243243243243,-2.6189400379666177,3.3810599620333868,0.4943253467843632,0.17416917841980503,0.05706729041280985,0.11845189980929018,-0.24552914225755776,-0.3635991307274433,-0.3017776018686746,,
XTIUSD|dow|Wed_0900_1430|short,XTIUSD,D_session,dow_Wed,short,2008,-0.38370398638416875,-0.17416917841980503,-0.057181374714958225,0.14902470848376226,-0.578844481703209,-1.083123291593266,415,52.081673306772906,-10.979173879100799,-4.979173879100793,0.4578313253012048,1840,-0.2674404726174893,-0.05706729041280985,-0.03948214642915994,0.14762966144481007,-0.47702399326692535,-0.7226629210628022,378,51.7695652173913,-7.6265169049355785,-1.6265169049355723,0.48148148148148145,3848,-0.32841971510241946,-0.11845189980929018,-0.048718126262289614,0.14834105268953363,-0.7176991079415304,-1.283354037654706,793,51.93243243243243,-9.381059962033394,-3.3810599620333868,0.4691046658259773,-0.17416917841980503,-0.05706729041280985,-0.11845189980929018,-0.5924698063728088,-0.47726927934623153,-0.5377244345022125,,
XTIUSD|dow|Thu_0900_1430|long,XTIUSD,D_session,dow_Thu,long,2008,-0.26461095343019236,-0.028092334232954336,-0.03436868546200362,0.12988383517944774,-0.37818701210928873,-0.746946336345823,408,51.20318725099602,-6.7122160371638016,-0.7122160371637902,0.4852941176470588,1840,-0.29346873522466776,-0.08751071175309494,-0.04342873242596518,0.14798418779676106,-0.39342923788462747,-0.7929950592833178,371,50.810869565217395,-8.547134264298117,-2.5471342642981134,0.49865229110512127,3848,-0.27879370795243474,-0.05832399289595258,-0.03870093245100811,0.13881565956148095,-0.5740987095225806,-1.089432254887332,779,51.015592515592516,-7.586098787185409,-1.5860987871854,0.49165596919127086,-0.028092334232954336,-0.08751071175309494,-0.05832399289595258,-0.5004395778566901,-0.4988406174173548,-0.49862887010942586,,
XTIUSD|dow|Thu_0900_1430|short,XTIUSD,D_session,dow_Thu,short,2008,-0.20849969591668027,0.028092334232954336,-0.027075139239191637,0.12985697230950058,-0.4197209869313223,-0.5885549406603385,408,51.20318725099602,-5.287783962836221,0.7122160371637902,0.48284313725490197,1840,-0.11862252718955774,0.08751071175309494,-0.017544311052295692,0.14790033114249912,-0.37994349126132365,-0.3205352621600607,371,50.810869565217395,-3.4528657357018915,2.5471342642981134,0.4528301886792453,3848,-0.16227878006523222,0.05832399289595258,-0.022517778567702935,0.13875984622666826,-0.5253551869989352,-0.6341310160306558,779,51.015592515592516,-4.4139012128146105,1.5860987871854,0.4685494223363286,0.028092334232954336,0.08751071175309494,0.05832399289595258,-0.4445475968049419,-0.3245183058714836,-0.38251160211745044,,
XTIUSD|dow|Fri_0900_1430|long,XTIUSD,D_session,dow_Fri,long,2008,0.2986022302138637,0.5411761867738347,0.03582855498300164,0.11998756659433073,-0.2768095175057642,0.842897238347989,388,48.69322709163347,7.358016119074951,13.35801611907496,0.5180412371134021,1840,-0.025355733134830864,0.242131555657373,-0.0028419529996966055,0.11208325093911994,-0.2798313013879832,-0.06851486610672208,365,49.98913043478261,-0.5685141899806242,5.431485810019379,0.4931506849315068,3848,0.14911845304765303,0.40313849010295266,0.017337459689819534,0.11626635963209121,-0.2798313013879826,0.5827048743034471,753,49.31288981288981,3.515806872321584,9.51580687232159,0.5059760956175299,0.5411761867738347,0.242131555657373,0.40313849010295266,0.05515024897739095,-0.2927557496013965,-0.10537344662960033,,
XTIUSD|dow|Fri_0900_1430|short,XTIUSD,D_session,dow_Fri,short,2008,-0.7821695652968335,-0.5411761867738347,-0.09426042749296182,0.12051149990371973,-0.5809669037022676,-2.2079157481052802,388,48.69322709163347,-19.358016119074968,-13.35801611907496,0.45618556701030927,1840,-0.5087869940714913,-0.242131555657373,-0.057145003522042534,0.1123161641077895,-0.5043528290309959,-1.3748162039047411,365,49.98913043478261,-11.43148581001938,-5.431485810019379,0.4602739726027397,3848,-0.6558886787481448,-0.40313849010295266,-0.07651292746528733,0.11665535622801561,-0.7814542321349554,-2.562992857663681,753,49.31288981288981,-15.515806872321601,-9.51580687232159,0.4581673306772908,-0.5411761867738347,-0.242131555657373,-0.40313849010295266,-1.020902670880397,-0.7737056766088487,-0.9065908929787005,,
XTIUSD|session_walkforward|sessions,XTIUSD,D_session,walkforward_sessions,wf,2008,-1.1532324615709746,-0.5520416553012464,-0.07326049123750984,0.06352621321265253,-0.45805762403099226,-3.255355649337333,510,64.00398406374502,-11.446239216069078,-5.446239216069074,0.3980392156862745,1840,0.0458187472248349,0.585413778468354,0.008188857886217772,0.17872286743316299,-0.5754417317625042,0.12380889618115347,1091,149.4195652173913,0.5480445532219143,7.006967496857886,0.45646196150320806,3848,-0.26027244542005334,0.2417049460020752,-0.034313817020342786,0.13183807054551536,-0.6448816306558214,-1.0170573761563706,1601,104.84719334719334,-3.2727454045160043,3.0399872197855875,0.43785134291068084,-0.5520416553012464,0.585413778468354,0.2417049460020752,-1.7399824185883233,-0.494105984140228,-0.761401759722395,,
XTIUSD|session_walkforward|sessions+dow,XTIUSD,D_session,walkforward_sessions+dow,wf,2008,-1.1532324615709746,-0.5520416553012464,-0.07326049123750984,0.06352621321265253,-0.45805762403099226,-3.255355649337333,510,64.00398406374502,-11.446239216069078,-5.446239216069074,0.3980392156862745,1840,-0.04457991343690216,0.5094475812121909,-0.008105408345943048,0.18181749853362414,-0.5754417317625036,-0.12046138772390051,1143,156.5413043478261,-0.5177808106117004,5.9202637488868515,0.4549431321084864,3848,-0.3146016095682485,0.195181756404369,-0.0421052540960122,0.1338367408666358,-0.6860062433398989,-1.22935751821772,1653,108.25259875259874,-3.8895374874315807,2.41335720797486,0.43738656987295826,-0.5520416553012464,0.5094475812121909,0.195181756404369,-1.7399824185883233,-0.5987494919966236,-0.823347624145027,,
XNGUSD|session|asia|long,XNGUSD,D_session,asia,long,2006,-4.374230813171437,0.31629741335215983,-0.46276874959152764,0.105794314327919,-0.9765444107429089,-12.34146993268461,1975,248.10568295114655,-18.652081809937805,1.3479181900622048,0.3488607594936709,1840,-4.422475336113857,0.3941179722030396,-0.461255932345875,0.10429813561180705,-0.9676753114381682,-11.950169372065481,1834,251.17826086956524,-18.363688431834525,1.6363115681654814,0.33805888767720826,3846,-4.397600021549622,0.35329743087218884,-0.4620449888707786,0.10506753379266258,-0.9992418053822303,-17.17987879943029,3809,249.57566302652106,-18.513222934789102,1.4867770652109076,0.34365975321606723,0.31629741335215983,0.3941179722030396,0.35329743087218884,-9.046820687826346,-9.23507314259829,-9.13703780206913,,
XNGUSD|session|asia|short,XNGUSD,D_session,asia,short,2006,-5.005525457019735,-0.31629741335215983,-0.5296539822130589,0.10581386245279678,-0.9862797545625596,-14.122606822456975,1975,248.10568295114655,-21.347918190062213,-1.3479181900622048,0.3488607594936709,1840,-5.210355033732225,-0.3941179722030396,-0.5434571111323863,0.10430327830138345,-0.9823713781915103,-14.079134513932095,1834,251.17826086956524,-21.63631156816549,-1.6363115681654814,0.3249727371864776,3846,-5.103272865089967,-0.35329743087218884,-0.5362576632353061,0.1050811268399328,-0.9997544077129542,-19.936694759195642,3809,249.57566302652106,-21.486777065210912,-1.4867770652109076,0.33735888684694143,-0.31629741335215983,-0.3941179722030396,-0.35329743087218884,-9.674241384241995,-10.021885708307103,-9.839956587318087,,
XNGUSD|session|london|long,XNGUSD,D_session,london,long,2006,-3.0790828631328626,-0.3519657244656551,-0.43113523089510664,0.1400206652627858,-0.9712433644876486,-8.687335030692479,1521,191.0727816550349,-22.563927062802872,-2.563927062802864,0.3879026955950033,1840,-2.7540609168737764,0.08248942882324338,-0.4667475918753526,0.16947613214204896,-0.9711040340917638,-7.441871783630513,1755,240.3586956521739,-19.418793674550013,0.5812063254499954,0.4056980056980057,3846,-2.8952270573472814,-0.1222465118035827,-0.4481728658934563,0.154797139228206,-0.9991268328623001,-11.31063527795106,3276,214.65210608424337,-20.879034176238843,-0.8790341762388323,0.3974358974358974,-0.3519657244656551,0.08248942882324338,-0.1222465118035827,-5.721115924113231,-5.577871408027335,-5.622636091928284,,
XNGUSD|session|london|short,XNGUSD,D_session,london,short,2006,-2.3851072886402456,0.3519657244656551,-0.3331558957250333,0.13968172304524135,-0.9351233284217433,-6.729349946588391,1521,191.0727816550349,-17.436072937197146,2.563927062802864,0.4260355029585799,1840,-2.9186570803648064,-0.08248942882324338,-0.49468719073334344,0.1694913712410202,-0.976969458920138,-7.886634474707135,1755,240.3586956521739,-20.581206325450005,-0.5812063254499954,0.41937321937321936,3846,-2.652680406651184,0.1222465118035827,-0.4104355584435176,0.1547248426212273,-0.9984992175123656,-10.363090698692492,3276,214.65210608424337,-19.12096582376118,0.8790341762388323,0.42246642246642246,0.3519657244656551,-0.08248942882324338,0.1222465118035827,-5.055643119208282,-5.741328320687347,-5.385776309788234,,
XNGUSD|session|ny_pre|long,XNGUSD,D_session,ny_pre,long,2006,-4.922314314401385,-1.020423822920195,-0.6358062636239054,0.1291681560772552,-0.9940983693082044,-13.887834617113715,2006,252.0,-25.230407286662913,-5.230407286662902,0.353938185443669,1840,-4.5401838472259355,-0.2652853516716447,-0.5352764893439121,0.11789753616937067,-0.9806933563806384,-12.268234830302506,1840,252.0,-21.241130529520326,-1.241130529520315,0.3625,3846,-4.742340062067634,-0.6754775819115533,-0.5877108957936434,0.12392845896787179,-0.9998867437939045,-18.526657061297577,3846,252.0,-23.3218609441922,-3.32186094419219,0.3580343213728549,-1.020423822920195,-0.2652853516716447,-0.6754775819115533,-8.824204805882573,-8.815082342780226,-8.809202542223716,,
XNGUSD|session|ny_pre|short,XNGUSD,D_session,ny_pre,short,2006,-2.8814666685609946,1.020423822920195,-0.3721937363760951,0.1291681560772552,-0.9521788215840246,-8.129780016408262,2006,252.0,-14.769592713337106,5.230407286662902,0.4187437686939183,1840,-4.009613143882646,0.2652853516716447,-0.4727235106560882,0.11789753616937067,-0.9713283518836607,-10.834555886514499,1840,252.0,-18.75886947047969,1.241130529520315,0.37771739130434784,3846,-3.391384898244528,0.6754775819115533,-0.420289104206357,0.12392845896787179,-0.99859830717888,-13.248949706328307,3846,252.0,-16.67813905580782,3.32186094419219,0.39911596463858556,1.020423822920195,0.2652853516716447,0.6754775819115533,-6.783357160042182,-8.284511639436937,-7.45824737840061,,
XNGUSD|session|ny_main|long,XNGUSD,D_session,ny_main,long,2006,-1.3957575338621737,-0.18794993150972383,-0.5824286878940006,0.41728500385190365,-0.9960340075743256,-3.9379951294771605,2006,252.0,-23.112249519603196,-3.11224951960318,0.4476570289132602,1840,-2.314291310126388,-0.5495750674959043,-0.6605973792695641,0.2854426218424022,-0.9943353932354778,-6.253550563972586,1839,251.86304347826086,-26.228436301992925,-6.228436301992913,0.4290375203915171,3846,-1.7205784099519466,-0.3218864691857906,-0.6198260857439841,0.3602428591215992,-0.9999735259331534,-6.721695561906706,3845,251.93447737909514,-24.602670193937325,-4.602670193937306,0.4387516254876463,-0.18794993150972383,-0.5495750674959043,-0.3218864691857906,-2.6035651362146224,-4.078960872238195,-3.119259926252737,,
XNGUSD|session|ny_main|short,XNGUSD,D_session,ny_main,short,2006,-1.0198576708427258,0.18794993150972383,-0.42557131210600024,0.41728500385190365,-0.9831265027912848,-2.8774299569248543,2006,252.0,-16.887750480396836,3.11224951960318,0.47507477567298106,1840,-1.215152260605516,0.5495750674959043,-0.3468547946434801,0.28544142646835124,-0.9513934681543594,-3.2835175379054546,1839,251.86304347826086,-13.771563698007103,6.228436301992913,0.47090810222947255,3846,-1.0768074218048487,0.3218864691857906,-0.3879118237723973,0.3602425242595506,-0.9991694353135498,-4.2067084105606085,3845,251.93447737909514,-15.397329806062709,4.602670193937306,0.4730819245773732,0.18794993150972383,0.5495750674959043,0.3218864691857906,-2.2276652731951745,-2.979855078012134,-2.475494788720011,,
XNGUSD|session|post|long,XNGUSD,D_session,post,long,2006,-2.008056621376656,3.0968513145055967,-0.1629317471776479,0.08113902040568328,-0.7540802049839839,-5.665537890964732,1651,207.4037886340977,-7.855774875216601,12.144225124783404,0.4058146577831617,1840,-4.531805300272165,1.6026455161981636,-0.3721278705461837,0.08211470835338733,-0.936720733278866,-12.245594782008341,1839,251.86304347826086,-14.775008886061656,5.2249911139383505,0.3404023926046765,3846,-3.212916266307411,2.376167399837316,-0.2630151759343057,0.08186182089226612,-0.9844889631432748,-12.551735441466768,3490,228.67394695787831,-11.50175520356733,8.498244796432672,0.3713467048710602,3.0968513145055967,1.6026455161981636,2.376167399837316,-6.982630984447306,-10.665151707732484,-8.682567953291723,,
XNGUSD|session|post|short,XNGUSD,D_session,post,short,2006,-8.00258207887284,-3.0968513145055967,-0.6666834073587433,0.08330853726809202,-0.9952609720616162,-22.57851273253766,1651,207.4037886340977,-32.14422512478341,-12.144225124783404,0.25681405208964264,1840,-7.736705734805698,-1.6026455161981636,-0.6353243033668601,0.0821181941182898,-0.990615917581264,-20.905700289105727,1839,251.86304347826086,-25.224991113938362,-5.2249911139383505,0.2425231103860794,3846,-7.876595535845666,-2.376167399837316,-0.6516806118972079,0.08273633055442153,-0.9999551131829939,-30.771092412874477,3490,228.67394695787831,-28.498244796432676,-8.498244796432672,0.2492836676217765,-3.0968513145055967,-1.6026455161981636,-2.376167399837316,-12.438849068463213,-13.86888082452914,-13.096116565448241,,
XNGUSD|session|overnight_1430_0900|long,XNGUSD,D_session,overnight_1430_0900,long,2006,-1.3806703033313024,0.5055955282838931,-0.38709297500189116,0.2803659744603092,-0.979571774949153,-3.89542796511913,2005,251.87437686939182,-15.368493604358028,5.627646183159475,0.45536159600997506,1840,-1.357690325069543,0.46129486022537863,-0.3948630304634277,0.29083438481687807,-0.9628424567578837,-3.668676048208938,1839,251.86304347826086,-15.67768835833629,5.3249411231418735,0.47090810222947255,3846,-1.36941417524718,0.4839819945977491,-0.39081031822841933,0.28538503930549564,-0.9992172582062869,-5.349820229598358,3844,251.8689547581903,-15.5164148199059,5.482829688525663,0.46279916753381894,0.5055955282838931,0.46129486022537863,0.4839819945977491,-3.266718148302727,-3.1754014296168163,-3.2220575573485295,,
XNGUSD|session|overnight_1430_0900|short,XNGUSD,D_session,overnight_1430_0900,short,2006,-2.3919689142978005,-0.5055955282838931,-0.670584950126832,0.28034852213942446,-0.9966897889853271,-6.748709360930922,2005,251.87437686939182,-26.623785970676973,-5.627646183159475,0.4453865336658354,1840,-2.2814536193837562,-0.46129486022537863,-0.66309420598684,0.29064549038079873,-0.9947460741692903,-6.164818363940288,1839,251.86304347826086,-26.327570604620043,-5.3249411231418735,0.4154431756389342,3846,-2.3380251139420247,-0.4839819945977491,-0.667001234781646,0.2852840334366851,-0.9999805733498894,-9.133842980425076,3844,251.8689547581903,-26.482074196957228,-5.482829688525663,0.4310613943808533,-0.5055955282838931,-0.46129486022537863,-0.4839819945977491,-4.278339382944014,-4.102685051451158,-4.192609120623727,,
XNGUSD|sunday_gap|fade|02:00|thr0,XNGUSD,D_session,sunday_gap,fade,2006,-2.3372157023205724,-0.40894576007355543,-0.10370114560635608,0.04436952289144447,-0.5751863384940026,-6.594228459443024,300,37.68693918245264,-27.51646800083998,-4.516468000839983,0.29333333333333333,1840,-0.9806947636908128,1.3025145933506317,-0.04447495440871299,0.04535045567219402,-0.3175993824189066,-2.649979397895556,330,45.19565217391305,-9.840538253010088,13.15946174698991,0.4,3846,-1.6794927774254673,0.44835333489898327,-0.07536620233967295,0.04487438311893399,-0.7040233829861243,-6.561188425344949,630,41.2792511700468,-18.25764765673861,4.74235234326139,0.3492063492063492,-0.40894576007355543,1.3025145933506317,0.44835333489898327,-3.774420587284565,-3.0165677368552344,-3.4155233647753986,02:00,0.0
XNGUSD|sunday_gap|fade|02:00|thr0.005,XNGUSD,D_session,sunday_gap,fade,2006,-1.9241323370021708,-0.5456672139142545,-0.06815597082177127,0.03542166487776999,-0.4355426559508122,-5.428753625006247,174,21.85842472582253,-31.180641641231798,-8.180641641231796,0.28160919540229884,1840,-0.5237819668250734,1.2335233245913746,-0.02047914858709552,0.039098613324224867,-0.1928253410712667,-1.4153347937251366,221,30.267391304347825,-6.766076528093038,16.233923471906962,0.416289592760181,3846,-1.217306526339069,0.38982221702977493,-0.045346466684536894,0.037251477506583315,-0.5346731982950015,-4.755589067168354,395,25.881435257410295,-17.520846982994666,5.479153017005331,0.3569620253164557,-0.5456672139142545,1.2335233245913746,0.38982221702977493,-2.9183724444870256,-2.1520664787545574,-2.5452288012322364,02:00,0.005
XNGUSD|sunday_gap|fade|09:00|thr0,XNGUSD,D_session,sunday_gap,fade,2006,-1.5179149220638435,-0.6344487662891585,-0.14662172721053632,0.09659416682667635,-0.70952237861866,-4.282650406699063,300,37.68693918245264,-38.90518317253118,-15.905183172531194,0.37,1840,-1.4695156162259633,-0.4026710079726123,-0.14219928378324237,0.09676609231852953,-0.6907205413589439,-3.970844193384854,330,45.19565217391305,-31.463044992925187,-8.463044992925198,0.38181818181818183,3846,-1.494930592734822,-0.5233027920503336,-0.1445059456436562,0.09666398316145061,-0.9067377612456566,-5.840168789997111,630,41.2792511700468,-35.006920316547095,-12.0069203165471,0.3761904761904762,-0.6344487662891585,-0.4026710079726123,-0.5233027920503336,-2.3244385523227,-2.4496306675463893,-2.3846591171932863,09:00,0.0
XNGUSD|sunday_gap|fade|09:00|thr0.005,XNGUSD,D_session,sunday_gap,fade,2006,-1.1687118600819908,-0.48501348874411637,-0.08449089529599527,0.07229403429692914,-0.5352050480206993,-3.2974076808526416,174,21.85842472582253,-38.65369822198651,-15.653698221986525,0.3448275862068966,1840,-1.3769153832316596,-0.5826164532114902,-0.11866429389697992,0.08618125365007649,-0.6060092738812952,-3.7206249419312,221,30.267391304347825,-39.205325858371594,-16.205325858371598,0.3574660633484163,3846,-1.2726066654607953,-0.5339972606432184,-0.10084010315502069,0.07923901853720665,-0.8030384686332256,-4.971627288709047,395,25.881435257410295,-38.962330393229806,-15.96233039322982,0.3518987341772152,-0.48501348874411637,-0.5826164532114902,-0.5339972606432184,-1.7870165563044138,-2.0986453865869916,-1.9421663056188587,09:00,0.005
XNGUSD|sunday_gap|follow|02:00|thr0,XNGUSD,D_session,sunday_gap,follow,2006,-1.625956872426108,0.40894576007355543,-0.0696587746329261,0.04284171112668412,-0.4315135111247964,-4.587480338820944,300,37.68693918245264,-18.483531999160014,4.516468000839983,0.3333333333333333,1840,-3.264621843366728,-1.3025145933506317,-0.163425045591287,0.05005941068590983,-0.699667636929233,-8.82148141005995,330,45.19565217391305,-36.159461746989905,-13.15946174698991,0.2727272727272727,3846,-2.461566484932387,-0.44835333489898327,-0.11451835304254233,0.04652255128737173,-0.8292651094223065,-9.616475727816683,630,41.2792511700468,-27.742352343261388,-4.74235234326139,0.30158730158730157,0.40894576007355543,-1.3025145933506317,-0.44835333489898327,-3.2758136426832474,-4.640695792844624,-3.967227622789043,02:00,0.0
XNGUSD|sunday_gap|follow|02:00|thr0.005,XNGUSD,D_session,sunday_gap,follow,2006,-0.9747411834410061,0.5456672139142545,-0.03239278291701238,0.03323218867459792,-0.2521612597085908,-2.7501381434567467,174,21.85842472582253,-14.819358358768199,8.180641641231796,0.3735632183908046,1840,-2.705408031248353,-1.2335233245913746,-0.11875085141290449,0.043893878498656426,-0.5828729099830066,-7.3104046346979334,221,30.267391304347825,-39.23392347190697,-16.233923471906962,0.27149321266968324,3846,-1.9001186380489707,-0.38982221702977493,-0.07370813549955045,0.038791333353391806,-0.6880562024602703,-7.423096176608821,395,25.881435257410295,-28.47915301700533,-5.479153017005331,0.31645569620253167,0.5456672139142545,-1.2335233245913746,-0.38982221702977493,-2.2531033028833933,-3.7312695070074113,-3.031238802236596,02:00,0.005
XNGUSD|sunday_gap|follow|09:00|thr0,XNGUSD,D_session,sunday_gap,follow,2006,-0.2840439937739732,0.6344487662891585,-0.02673819302874585,0.09413398492778077,-0.3917756254757304,-0.8014027056289577,300,37.68693918245264,-7.094816827468801,15.905183172531194,0.49333333333333335,1840,-0.689688633054674,0.4026710079726123,-0.06570071621675762,0.09526141662762376,-0.44221866470980165,-1.8636386531516624,330,45.19565217391305,-14.536955007074797,8.463044992925198,0.47575757575757577,3846,-0.4793312831484231,0.5233027920503336,-0.04537860973855907,0.09467066167786041,-0.6305079616592268,-1.8725789769219443,630,41.2792511700468,-10.99307968345289,12.0069203165471,0.48412698412698413,0.6344487662891585,0.4026710079726123,0.5233027920503336,-1.1866333490443253,-1.7388229365128933,-1.453515484586456,09:00,0.0
XNGUSD|sunday_gap|follow|09:00|thr0.005,XNGUSD,D_session,sunday_gap,follow,2006,-0.22849517622466511,0.48501348874411637,-0.01605785844278838,0.0702765752350049,-0.29757095059823213,-0.6446770798305504,174,21.85842472582253,-7.346301778013469,15.653698221986525,0.4942528735632184,1840,-0.24528323258745058,0.5826164532114902,-0.02056570610302004,0.08384472874919313,-0.25089086879986033,-0.6627908469295084,221,30.267391304347825,-6.7946741416283905,16.205325858371598,0.5113122171945701,3846,-0.23637874886198848,0.5339972606432184,-0.018214499029066654,0.07705641525203828,-0.43863689707949405,-0.9234487530266421,395,25.881435257410295,-7.037669606770169,15.96233039322982,0.5037974683544304,0.48501348874411637,0.5826164532114902,0.5339972606432184,-0.9277513724685595,-1.0588132415600797,-0.992475663754186,09:00,0.005
XNGUSD|dow|Mon_0900_1430|long,XNGUSD,D_session,dow_Mon,long,2006,0.24952203976261314,0.7929558397459368,0.043875927003902984,0.17583988591005856,-0.3642257597848827,0.7040023452808438,383,48.1136590229312,9.119224747174497,29.119224747174513,0.5065274151436031,1840,-0.5296026024719278,0.20538298571986308,-0.06872422997869708,0.12976565760425976,-0.5894236590700295,-1.4310629949125997,348,47.66086956521739,-14.41942427942012,5.580575720579898,0.45689655172413796,3846,-0.06425847015727339,0.5502650689982286,-0.009994142899369018,0.15553035848672142,-0.6513687866006681,-0.2510352746336751,731,47.89703588143526,-2.0865890165121317,17.913410983487886,0.4829001367989056,0.7929558397459368,0.20538298571986308,0.5502650689982286,-0.2976558959672127,-1.2502274996158937,-0.6775549923103781,,
XNGUSD|dow|Mon_0900_1430|short,XNGUSD,D_session,dow_Mon,short,2006,-1.3247148220856013,-0.7929558397459368,-0.23633056309562797,0.17840108614739772,-0.8704768983169762,-3.7375549769623775,383,48.1136590229312,-49.119224747174535,-29.119224747174513,0.39947780678851175,1840,-0.9347547831458999,-0.20538298571986308,-0.1219192482821726,0.13042912481480504,-0.6688945260665274,-2.525842911711438,348,47.66086956521739,-25.580575720579915,-5.580575720579898,0.4425287356321839,3846,-1.154385795488632,-0.5502650689982286,-0.18159400062637215,0.15730789597034717,-0.9497084020729966,-4.509779870177954,731,47.89703588143526,-37.9134109834879,-17.913410983487886,0.41997264021887826,-0.7929558397459368,-0.20538298571986308,-0.5502650689982286,-1.8377023837180524,-1.6392822229983448,-1.737430718628668,,
XNGUSD|dow|Tue_0900_1430|long,XNGUSD,D_session,dow_Tue,long,2006,-0.7642106204426874,-0.13908534919623408,-0.12672930782648378,0.16583034105581101,-0.7643199749868955,-2.156146485464857,413,51.88235294117647,-24.42628382143111,-4.426283821431093,0.44794188861985473,1840,-0.9608662606935101,-0.05617497728688237,-0.10991979060630547,0.11439655559033815,-0.5785983736126844,-2.5963999087625553,378,51.7695652173913,-21.232511832913634,-1.232511832913618,0.43915343915343913,3846,-0.8269483921860495,-0.10526885207515523,-0.11868731310856175,0.14352444992946925,-0.8820529282171362,-3.230596935037733,791,51.82839313572543,-22.9000564994847,-2.900056499484689,0.44374209860935526,-0.13908534919623408,-0.05617497728688237,-0.10526885207515523,-1.3758117852305023,-1.8303451953681054,-1.5291879426606587,,
XNGUSD|dow|Tue_0900_1430|short,XNGUSD,D_session,dow_Tue,short,2006,-0.4885438944042698,0.13908534919623408,-0.0808001039382223,0.16538965047705678,-0.5707694295851233,-1.378379431975035,413,51.88235294117647,-15.573716178568924,4.426283821431093,0.48426150121065376,1840,-0.8506328097159319,0.05617497728688237,-0.09715847026325986,0.11421904863475212,-0.5902306470728709,-2.2985331464784973,378,51.7695652173913,-18.767488167086398,1.232511832913618,0.4444444444444444,3846,-0.6189363541386734,0.10526885207515523,-0.08862625943434012,0.14319123257459088,-0.8163779590719886,-2.4179669584676637,791,51.82839313572543,-17.099943500515327,2.900056499484689,0.46523388116308473,0.13908534919623408,0.05617497728688237,0.10526885207515523,-1.1074360865202373,-1.726078610808683,-1.3284578564274567,,
XNGUSD|dow|Wed_0900_1430|long,XNGUSD,D_session,dow_Wed,long,2006,-0.606226241989612,-0.04679320149717026,-0.11268993598879457,0.18588759143607908,-0.6747798424279445,-1.7104088141372509,414,52.00797607178465,-21.66781799646518,-1.6678179964651612,0.4468599033816425,1840,-2.0097820309584637,-1.1925320102136465,-0.24713744719476557,0.12296728868498537,-0.8430190107620688,-5.430722354687444,378,51.7695652173913,-47.737980057777854,-27.737980057777847,0.35714285714285715,3846,-1.1135592690879466,-0.4643110311991475,-0.17701219824022116,0.15896073352718965,-0.9462979530740702,-4.350284970248796,792,51.893915756630264,-34.110395343909865,-14.110395343909849,0.40404040404040403,-0.04679320149717026,-1.1925320102136465,-0.4643110311991475,-1.1570648837241762,-2.76617014121192,-1.7415893538138683,,
XNGUSD|dow|Wed_0900_1430|short,XNGUSD,D_session,dow_Wed,short,2006,-0.5133106091939863,0.04679320149717026,-0.09534196829834418,0.1857393293469087,-0.6199912318546676,-1.4482563266711912,414,52.00797607178465,-18.332182003534857,1.6678179964651612,0.4782608695652174,1840,0.33607844867135317,1.1925320102136465,0.040059186325200294,0.11919593917304011,-0.21793703921514362,0.9081326810638178,378,51.7695652173913,7.737980057777831,27.737980057777847,0.5396825396825397,3846,-0.19406555576335188,0.4643110311991475,-0.030563464786300027,0.157490414340038,-0.6969468087336388,-0.7581459684420381,792,51.893915756630264,-5.889604656090163,14.110395343909849,0.5075757575757576,0.04679320149717026,1.1925320102136465,0.4643110311991475,-1.0661142411265818,-0.5318714378261077,-0.8486062245856414,,
XNGUSD|dow|Thu_0900_1430|long,XNGUSD,D_session,dow_Thu,long,2006,-1.3614112921577746,-0.928900006012325,-0.31732364477207287,0.23308433432275225,-0.9477331736219807,-3.8410905244391307,408,51.25423728813559,-61.911689952223206,-41.91168995222319,0.40931372549019607,1840,-1.3835028276049055,-0.7673949518143105,-0.22461461258378612,0.16235211674459302,-0.8328782889532047,-3.738425171442151,370,50.673913043478265,-44.32549197277633,-24.325491972776312,0.41621621621621624,3846,-1.3490063177430398,-0.8525664180676226,-0.2729698696221905,0.20234884450273283,-0.9898418338896766,-5.270093897790304,778,50.97659906396255,-53.548073946573666,-33.548073946573645,0.41259640102827766,-0.928900006012325,-0.7673949518143105,-0.8525664180676226,-1.7820344096403415,-1.9750434102457706,-1.8298950485626002,,
XNGUSD|dow|Thu_0900_1430|short,XNGUSD,D_session,dow_Thu,short,2006,0.48801960385384113,0.928900006012325,0.11230669561953029,0.23012742671125452,-0.29378400856458853,1.37690019680422,408,51.25423728813559,21.91168995222317,41.91168995222319,0.5343137254901961,1840,0.13707398792935024,0.7673949518143105,0.021918960409872932,0.1599060532270372,-0.402600892489115,0.3703937835184397,370,50.673913043478265,4.325491972776296,24.325491972776312,0.5081081081081081,3846,0.34595192843513856,0.8525664180676226,0.0690634733663401,0.19963315041699095,-0.4284784600127872,1.351512682331334,778,50.97659906396255,13.548073946573627,33.548073946573645,0.5218508997429306,0.928900006012325,0.7673949518143105,0.8525664180676226,0.042655829867664995,-0.49583144902978743,-0.1648702678578979,,
XNGUSD|dow|Fri_0900_1430|long,XNGUSD,D_session,dow_Fri,long,2006,-0.4184783256660085,0.16818032570752256,-0.06956172631055238,0.16622539817287993,-0.5091349289416477,-1.1806961942053393,388,48.74177467597208,-14.271480013394704,5.728519986605311,0.43041237113402064,1840,-0.0959856256717334,0.8399924548374124,-0.010201298906009655,0.10627944376689952,-0.2824930621105459,-0.2593670731624313,365,49.98913043478261,-2.0407034123785373,17.959296587621473,0.4794520547945205,3846,-0.29242506613782376,0.40832076668443823,-0.04116256187364166,0.14076276844968277,-0.6244617087737891,-1.1424020305495877,753,49.338533541341654,-8.342883121799881,11.65711687820013,0.4541832669322709,0.16818032570752256,0.8399924548374124,0.40832076668443823,-0.998059101464338,-1.027947057291331,-0.9862211795053095,,
XNGUSD|dow|Fri_0900_1430|short,XNGUSD,D_session,dow_Fri,short,2006,-0.751980758081579,-0.16818032570752256,-0.1254053723933361,0.16676673045898793,-0.7227048661830526,-2.1216411095354473,388,48.74177467597208,-25.728519986605328,-5.728519986605311,0.4742268041237113,1840,-1.7415790561659503,-0.8399924548374124,-0.18975522283312088,0.10895584794804723,-0.7790437335016489,-4.70599904222716,365,49.98913043478261,-37.95929658762149,-17.959296587621473,0.41643835616438357,3846,-1.0993878199229377,-0.40832076668443823,-0.15619157229172506,0.1420714050685712,-0.9329069892343044,-4.294922095527563,753,49.338533541341654,-31.65711687820015,-11.65711687820013,0.44621513944223107,-0.16818032570752256,-0.8399924548374124,-0.40832076668443823,-1.3232251069224772,-2.5770086091690474,-1.7652614644224702,,
XNGUSD|session_walkforward|sessions,XNGUSD,D_session,walkforward_sessions,wf,2006,-2.1258827718899562,2.613338379677263,-0.14178916922465543,0.06669660768669844,-0.682322940162451,-5.9979729992048405,1260,158.28514456630108,-8.957831741769297,11.042168258230706,0.39444444444444443,1840,-3.876322153638765,1.2741364073013877,-0.3275073095450682,0.08448918757632978,-0.9124394078715128,-10.474384311067256,1587,217.35,-15.068199196920549,4.9318008030794545,0.34908632640201637,3846,-3.0368394245802497,1.883075270938326,-0.23064028159843583,0.0759474734592906,-0.9722744322520827,-11.863865060932897,2847,186.54290171606863,-12.363926982838858,7.636073017161148,0.36916051984545134,2.613338379677263,1.2741364073013877,1.883075270938326,-6.551314308607766,-8.837664507821046,-7.666348808447436,,
XNGUSD|session_walkforward|sessions+dow,XNGUSD,D_session,walkforward_sessions+dow,wf,2006,-2.1258827718899562,2.613338379677263,-0.14178916922465543,0.06669660768669844,-0.682322940162451,-5.9979729992048405,1260,158.28514456630108,-8.957831741769297,11.042168258230706,0.39444444444444443,1840,-3.2924395177415944,1.144517522731312,-0.3181685175568182,0.09663610093438003,-0.9221275471565034,-8.89664879824232,1564,214.20000000000002,-14.85380567492148,5.146194325078523,0.34846547314578,3846,-2.7393321167032356,1.7484833383437064,-0.22617242479698496,0.08256480600431236,-0.9753421269257676,-10.701608496846642,2824,185.0358814352574,-12.223165747240264,7.776834252759738,0.3689801699716714,2.613338379677263,1.144517522731312,1.7484833383437064,-6.551314308607766,-7.596667715922623,-7.000532710389911,,
