fam,sym,strategy,year,net_ret,gross_ret,sharpe,trades,avg_bps,hit
B,XTIUSD,XTIUSD|mom|on930|q0.8|14:30,2005,-0.008423722021062792,0.007776277978937207,-0.2394385298024211,27,-3.11989704483807,0.5555555555555556
B,XTIUSD,XTIUSD|mom|on930|q0.8|14:30,2006,-0.02232568832276113,0.004674311677238863,-0.5762616175965476,45,-4.961264071724695,0.4666666666666667
B,XTIUSD,XTIUSD|mom|on930|q0.8|14:30,2007,0.06828749754601443,0.10728749754601441,1.223032392351387,65,10.505768853232988,0.6
B,XTIUSD,XTIUSD|mom|on930|q0.8|14:30,2008,0.2654365311320107,0.3260365311320107,2.4401739745372004,101,26.280844666535717,0.6633663366336634
B,XTIUSD,XTIUSD|mom|on930|q0.8|14:30,2009,0.1482861779190358,0.17168617791903584,1.394980545561201,39,38.0220969023169,0.6410256410256411
B,XTIUSD,XTIUSD|mom|on930|q0.8|14:30,2010,0.017241610342483043,0.04064161034248304,0.476550854253576,39,4.420925728841806,0.5641025641025641
B,XTIUSD,XTIUSD|mom|on930|q0.8|14:30,2011,0.0009829829355263928,0.03998298293552638,0.016407460410764362,65,0.15122814392713468,0.5076923076923077
B,XTIUSD,XTIUSD|mom|on930|q0.8|14:30,2012,-0.010262215008491244,0.010137784991508747,-0.3840538827968841,34,-3.0182985319091906,0.29411764705882354
B,XTIUSD,XTIUSD|mom|on930|q0.8|14:30,2013,-0.05927772967353362,-0.03707772967353362,-2.507310113489647,37,-16.021008019873957,0.35135135135135137
B,XTIUSD,XTIUSD|mom|on930|q0.8|14:30,2014,0.0713614870793543,0.10976148707935429,1.825610054981788,64,11.15023235614911,0.5625
B,XTIUSD,XTIUSD|mom|on930|q0.8|14:30,2015,0.12183405148302673,0.16923405148302673,1.5207740881616347,79,15.422031833294515,0.6329113924050633
B,XTIUSD,XTIUSD|mom|on930|q0.8|14:30,2016,0.06453862755665901,0.093338627556659,1.4407269967277114,48,13.445547407637294,0.5833333333333334
B,XTIUSD,XTIUSD|mom|on930|q0.8|14:30,2017,-0.03602199089726341,-0.02102199089726342,-1.9166230758460778,25,-14.408796358905368,0.24
B,XTIUSD,XTIUSD|mom|on930|q0.8|14:30,2018,-0.0779758119112677,-0.03837581191126771,-1.635660585266768,66,-11.814516956252683,0.3484848484848485
B,XTIUSD,XTIUSD|mom|on930|q0.8|14:30,2019,-0.019349997016370975,0.013050002983629017,-0.5668504590781751,54,-3.5833327808094397,0.46296296296296297
B,XTIUSD,XTIUSD|mom|on930|q0.8|14:30,2020,0.2602469734517813,0.29084697345178134,2.2400212032690834,51,51.02881832387869,0.47058823529411764
C,XNGUSD,XNGUSD|eia_pre|short|09:00->T-1,2005,0.10728737773704507,0.2072873777370451,1.682869770127778,50,21.45747554740901,0.58
C,XNGUSD,XNGUSD|eia_pre|short|09:00->T-1,2006,0.04961671288598329,0.14761671288598333,0.6268766785693977,49,10.125859772649653,0.46938775510204084
C,XNGUSD,XNGUSD|eia_pre|short|09:00->T-1,2007,-0.002476109127418049,0.09552389087258195,-0.04259979690771319,49,-0.505328393350624,0.5102040816326531
C,XNGUSD,XNGUSD|eia_pre|short|09:00->T-1,2008,0.224916202404589,0.31891620240458907,2.57742682178427,47,47.85451114991257,0.6382978723404256
C,XNGUSD,XNGUSD|eia_pre|short|09:00->T-1,2009,0.15426820004425967,0.24826820004425976,1.4918580800719654,47,32.8230212860127,0.6170212765957447
C,XNGUSD,XNGUSD|eia_pre|short|09:00->T-1,2010,0.03957537931457773,0.13557537931457775,0.5997396848405997,48,8.244870690537025,0.5208333333333334
C,XNGUSD,XNGUSD|eia_pre|short|09:00->T-1,2011,-0.07485072841435672,0.025149271585643285,-1.467005138717505,50,-14.970145682871346,0.4
C,XNGUSD,XNGUSD|eia_pre|short|09:00->T-1,2012,-0.09457157264539942,0.003428427354600583,-1.510011862708327,49,-19.300320948040703,0.42857142857142855
C,XNGUSD,XNGUSD|eia_pre|short|09:00->T-1,2013,-0.08673308349156143,0.009266916508438583,-1.5045643154123256,48,-18.0693923940753,0.4166666666666667
C,XNGUSD,XNGUSD|eia_pre|short|09:00->T-1,2014,-0.0015618532030078642,0.09043814679699214,-0.037117058673694824,46,-0.339533305001713,0.4782608695652174
C,XNGUSD,XNGUSD|eia_pre|short|09:00->T-1,2015,-0.10574664234626288,-0.011746642346262881,-2.527947333692387,47,-22.49928560558785,0.3829787234042553
C,XNGUSD,XNGUSD|eia_pre|short|09:00->T-1,2016,-0.1583335198499526,-0.05833351984995261,-2.5542954728253218,50,-31.66670396999053,0.38
C,XNGUSD,XNGUSD|eia_pre|short|09:00->T-1,2017,-0.07946677938308036,0.018533220616919643,-1.5844375039324279,49,-16.21771007817967,0.30612244897959184
C,XNGUSD,XNGUSD|eia_pre|short|09:00->T-1,2018,0.021629216983984415,0.11962921698398443,0.31145214936568305,49,4.414125915098858,0.40816326530612246
C,XNGUSD,XNGUSD|eia_pre|short|09:00->T-1,2019,-0.034723586557808175,0.06127641344219181,-0.6993562584449919,48,-7.234080532876708,0.4166666666666667
C,XNGUSD,XNGUSD|eia_pre|short|09:00->T-1,2020,-0.011918704415805871,0.02408129558419414,-0.4312095639151549,18,-6.621502453225486,0.3888888888888889
D,XNGUSD,XNGUSD|dow|Thu_0900_1430|short,2005,0.21827869679793754,0.32027869679793763,1.2232441971155668,51,42.79974447018383,0.6078431372549019
D,XNGUSD,XNGUSD|dow|Thu_0900_1430|short,2006,-0.0021587437811007026,0.09984125621889939,-0.009444461470832381,51,-0.4232830943334707,0.5294117647058824
D,XNGUSD,XNGUSD|dow|Thu_0900_1430|short,2007,0.05623398108678758,0.16023398108678766,0.33680502850684785,52,10.814227132074535,0.4807692307692308
D,XNGUSD,XNGUSD|dow|Thu_0900_1430|short,2008,0.4558478491837934,0.5578478491837935,2.1714031334204678,51,89.3819312125085,0.5294117647058824
D,XNGUSD,XNGUSD|dow|Thu_0900_1430|short,2009,-0.11583251795611571,-0.01583251795611562,-0.3058114818038312,50,-23.166503591223144,0.52
D,XNGUSD,XNGUSD|dow|Thu_0900_1430|short,2010,0.23369141128639626,0.33569141128639635,1.090572103027652,51,45.821845350273776,0.6078431372549019
D,XNGUSD,XNGUSD|dow|Thu_0900_1430|short,2011,0.11734568496253975,0.2193456849625398,0.71732349740521,51,23.008957835792106,0.5294117647058824
D,XNGUSD,XNGUSD|dow|Thu_0900_1430|short,2012,-0.06940941152953273,0.03259058847046736,-0.3166871588123003,51,-13.609688535202492,0.47058823529411764
D,XNGUSD,XNGUSD|dow|Thu_0900_1430|short,2013,-0.07807981865941116,0.02192018134058893,-0.4808033310183283,50,-15.615963731882228,0.42
D,XNGUSD,XNGUSD|dow|Thu_0900_1430|short,2014,0.0773115227598812,0.17531152275988127,0.4865653960983481,49,15.777861787730856,0.5510204081632653
D,XNGUSD,XNGUSD|dow|Thu_0900_1430|short,2015,0.24156003529815506,0.33956003529815515,1.3163532167768484,49,49.29796638737859,0.5918367346938775
D,XNGUSD,XNGUSD|dow|Thu_0900_1430|short,2016,-0.33783050746810983,-0.23583050746810974,-2.0934102519933546,51,-66.24127597413919,0.43137254901960786
D,XNGUSD,XNGUSD|dow|Thu_0900_1430|short,2017,-0.0998808766139327,0.0021191233860673453,-0.8727907142332042,51,-19.58448561057504,0.45098039215686275
D,XNGUSD,XNGUSD|dow|Thu_0900_1430|short,2018,0.19741445460741092,0.299414454607411,1.155463751247896,51,38.70871658968842,0.5294117647058824
D,XNGUSD,XNGUSD|dow|Thu_0900_1430|short,2019,0.13615910179278579,0.23615910179278587,1.029965513943323,50,27.23182035855716,0.54
D,XNGUSD,XNGUSD|dow|Thu_0900_1430|short,2020,0.02338929127594369,0.061389291275943725,0.3303344394767751,19,12.310153303128265,0.631578947368421
A,XTIUSD,XTIUSD|stretch|09:00|k0.5|16:55|none|none,2005,0.2556850963083611,0.4222850963083611,1.022793808677347,238,10.743071273460552,0.5336134453781513
A,XTIUSD,XTIUSD|stretch|09:00|k0.5|16:55|none|none,2006,0.16090112570969353,0.3331011257096935,0.7389628700845755,246,6.540696167060712,0.5365853658536586
A,XTIUSD,XTIUSD|stretch|09:00|k0.5|16:55|none|none,2007,0.24704289930729845,0.4276428993072985,0.9786502563649018,258,9.57530617470149,0.5271317829457365
A,XTIUSD,XTIUSD|stretch|09:00|k0.5|16:55|none|none,2008,-0.0751407615062897,0.1054592384937103,-0.18078192979625846,258,-2.9124326165228567,0.47674418604651164
A,XTIUSD,XTIUSD|stretch|09:00|k0.5|16:55|none|none,2009,-0.035310124761247175,0.14108987523875316,-0.08555686726908195,252,-1.4011954270336182,0.503968253968254
A,XTIUSD,XTIUSD|stretch|09:00|k0.5|16:55|none|none,2010,0.2697643685481992,0.44546436854819904,1.2703517698885443,251,10.747584404310723,0.5099601593625498
A,XTIUSD,XTIUSD|stretch|09:00|k0.5|16:55|none|none,2011,-0.10101670157794304,0.0746832984220569,-0.4047794628090234,251,-4.024569783981795,0.50199203187251
A,XTIUSD,XTIUSD|stretch|09:00|k0.5|16:55|none|none,2012,0.19853097652423302,0.3728309765242329,1.07097149895378,249,7.973131587318595,0.5220883534136547
A,XTIUSD,XTIUSD|stretch|09:00|k0.5|16:55|none|none,2013,-0.1318223225866355,0.04247767741336439,-0.9167626389551722,249,-5.294069180186165,0.5060240963855421
A,XTIUSD,XTIUSD|stretch|09:00|k0.5|16:55|none|none,2014,0.30485963119282944,0.4791596311928292,1.7131390896603393,249,12.24335868244295,0.5220883534136547
A,XTIUSD,XTIUSD|stretch|09:00|k0.5|16:55|none|none,2015,-0.22589769652627312,-0.051597696526272885,-0.6575487610604375,249,-9.07219664764149,0.4819277108433735
A,XTIUSD,XTIUSD|stretch|09:00|k0.5|16:55|none|none,2016,0.0730922188866503,0.24879221888665037,0.22491125089072117,251,2.912040593093637,0.50199203187251
A,XTIUSD,XTIUSD|stretch|09:00|k0.5|16:55|none|none,2017,-0.12279141689122933,0.052208583108770634,-0.5891004852287571,250,-4.911656675649173,0.476
A,XTIUSD,XTIUSD|stretch|09:00|k0.5|16:55|none|none,2018,0.287970560010089,0.46297056001008896,1.1392304159797189,250,11.518822400403563,0.528
A,XTIUSD,XTIUSD|stretch|09:00|k0.5|16:55|none|none,2019,-0.08236489540169895,0.09263510459830093,-0.35266664884082366,250,-3.2945958160679574,0.504
A,XTIUSD,XTIUSD|stretch|09:00|k0.5|16:55|none|none,2020,0.2522425845949018,0.3166425845949018,1.1206129298126668,92,27.41767223857628,0.5108695652173914
C,XTIUSD,XTIUSD|eia_fade|w15|k2|14:30,2005,0.054166970062668046,0.05696697006266804,1.2593018494886443,4,135.4174251566701,0.75
C,XTIUSD,XTIUSD|eia_fade|w15|k2|14:30,2006,0.0766458348523839,0.08644583485238388,1.2614563614581145,14,54.74702489455989,0.5
C,XTIUSD,XTIUSD|eia_fade|w15|k2|14:30,2007,-0.05417482199655324,-0.04577482199655325,-1.2469919536032117,12,-45.1456849971277,0.25
C,XTIUSD,XTIUSD|eia_fade|w15|k2|14:30,2008,0.19507124713224713,0.20487124713224714,2.1921972953063964,14,139.33660509446221,0.7857142857142857
C,XTIUSD,XTIUSD|eia_fade|w15|k2|14:30,2009,-0.07095311159262824,-0.06535311159262824,-0.7088172684826829,8,-88.6913894907853,0.25
C,XTIUSD,XTIUSD|eia_fade|w15|k2|14:30,2010,-0.040347162702727514,-0.03544716270272752,-2.14837879577179,7,-57.63880386103931,0.14285714285714285
C,XTIUSD,XTIUSD|eia_fade|w15|k2|14:30,2011,0.025127801811862034,0.034227801811862024,0.528545319524525,13,19.329078316816943,0.6153846153846154
C,XTIUSD,XTIUSD|eia_fade|w15|k2|14:30,2012,-0.008479558497092296,0.0020204415029076994,-0.2641570679426414,15,-5.653038998061527,0.3333333333333333
C,XTIUSD,XTIUSD|eia_fade|w15|k2|14:30,2013,0.0024153367318144395,0.005915336731814436,0.1152930778385435,5,4.830673463628877,0.6
C,XTIUSD,XTIUSD|eia_fade|w15|k2|14:30,2014,-0.05421824414629713,-0.04651824414629713,-2.0587947733101037,11,-49.289312860270115,0.2727272727272727
C,XTIUSD,XTIUSD|eia_fade|w15|k2|14:30,2015,-0.08413317315508835,-0.07433317315508836,-1.2705628263120392,14,-60.09512368220597,0.35714285714285715
C,XTIUSD,XTIUSD|eia_fade|w15|k2|14:30,2016,-0.09014611605625214,-0.08174611605625215,-1.640702541791729,12,-75.12176338021014,0.25
C,XTIUSD,XTIUSD|eia_fade|w15|k2|14:30,2017,-0.006995815414328795,-0.0020958154143287944,-0.4849983842991969,7,-9.994022020469707,0.42857142857142855
C,XTIUSD,XTIUSD|eia_fade|w15|k2|14:30,2018,-0.04205270133637868,-0.03435270133637869,-1.2333989446708027,11,-38.22972848761698,0.18181818181818182
C,XTIUSD,XTIUSD|eia_fade|w15|k2|14:30,2019,-0.0083587608760918,-0.002058760876091803,-0.3383950631452385,9,-9.28751208454644,0.4444444444444444
C,XTIUSD,XTIUSD|eia_fade|w15|k2|14:30,2020,-0.03565437881775401,-0.03285437881775399,-0.38844711591444164,4,-89.13594704438502,0.75
D,XTIUSD,XTIUSD|dow|Fri_0900_1430|long,2005,-0.06727208765233234,-0.041472087652332346,-0.6491211292098248,43,-15.644671547054038,0.5116279069767442
D,XTIUSD,XTIUSD|dow|Fri_0900_1430|long,2006,-0.014056666328118528,0.014143333671881475,-0.16711200271725424,47,-2.990780069812451,0.5319148936170213
D,XTIUSD,XTIUSD|dow|Fri_0900_1430|long,2007,0.12981486275301676,0.16041486275301675,1.3794027836883502,51,25.45389465745426,0.6078431372549019
D,XTIUSD,XTIUSD|dow|Fri_0900_1430|long,2008,0.03170706300798322,0.06170706300798323,0.20506464225925966,50,6.341412601596641,0.4
D,XTIUSD,XTIUSD|dow|Fri_0900_1430|long,2009,0.20899281555811322,0.23779281555811327,1.0551028173947563,48,43.54016990794025,0.5
D,XTIUSD,XTIUSD|dow|Fri_0900_1430|long,2010,-0.08506204271173,-0.05566204271173003,-0.8232387481911717,49,-17.359600553414303,0.46938775510204084
D,XTIUSD,XTIUSD|dow|Fri_0900_1430|long,2011,0.02297766713965624,0.05297766713965624,0.2789792473786794,50,4.5955334279312465,0.54
D,XTIUSD,XTIUSD|dow|Fri_0900_1430|long,2012,0.05838941365351984,0.08838941365351982,0.6694402032201126,50,11.677882730703963,0.58
D,XTIUSD,XTIUSD|dow|Fri_0900_1430|long,2013,0.03977410446101573,0.06977410446101573,0.7620558754509877,50,7.954820892203147,0.52
D,XTIUSD,XTIUSD|dow|Fri_0900_1430|long,2014,-0.043893136931054906,-0.014493136931054917,-0.6771618884084584,49,-8.957783047154065,0.46938775510204084
D,XTIUSD,XTIUSD|dow|Fri_0900_1430|long,2015,0.06640354256259134,0.09520354256259134,0.44182079759972914,48,13.834071367206525,0.4375
D,XTIUSD,XTIUSD|dow|Fri_0900_1430|long,2016,0.02978659860034983,0.05978659860034985,0.23698290173358288,50,5.957319720069959,0.46
D,XTIUSD,XTIUSD|dow|Fri_0900_1430|long,2017,0.09033649761387824,0.12033649761387821,1.043558775492643,50,18.06729952277564,0.64
D,XTIUSD,XTIUSD|dow|Fri_0900_1430|long,2018,0.012309311522319313,0.042309311522319315,0.14278488851517676,50,2.461862304463859,0.52
D,XTIUSD,XTIUSD|dow|Fri_0900_1430|long,2019,0.043408303986478804,0.0734083039864788,0.45733132058146264,50,8.681660797295754,0.46
D,XTIUSD,XTIUSD|dow|Fri_0900_1430|long,2020,-0.25887598974987097,-0.248075989749871,-2.9199854690509315,18,-143.8199943054839,0.3333333333333333
A,XNGUSD,XNGUSD|orb|09:30|60|16:55|mid|narrow0.75,2005,-0.20119864567855644,-0.022798645678556495,-2.237314918845339,70,-28.742663668365196,0.14285714285714285
A,XNGUSD,XNGUSD|orb|09:30|60|16:55|mid|narrow0.75,2006,0.05570384375559416,0.24820384375559412,0.3178933997979136,76,7.329453125736069,0.19736842105263158
A,XNGUSD,XNGUSD|orb|09:30|60|16:55|mid|narrow0.75,2007,-0.10997800675475261,0.09142199324524736,-1.1537611646488624,80,-13.747250844344077,0.2375
A,XNGUSD,XNGUSD|orb|09:30|60|16:55|mid|narrow0.75,2008,-0.08148969629446966,0.1133103037055303,-0.7375580680333568,77,-10.583077440840212,0.23376623376623376
A,XNGUSD,XNGUSD|orb|09:30|60|16:55|mid|narrow0.75,2009,-0.0034650787321697796,0.1947349212678302,-0.02167211924212397,79,-0.4386175610341489,0.25316455696202533
A,XNGUSD,XNGUSD|orb|09:30|60|16:55|mid|narrow0.75,2010,0.13193747748496237,0.34853747748496233,0.9567702985007119,87,15.165227297122112,0.3448275862068966
A,XNGUSD,XNGUSD|orb|09:30|60|16:55|mid|narrow0.75,2011,0.20841090428604453,0.4117109042860445,1.779283974527093,82,25.415963937322505,0.3902439024390244
A,XNGUSD,XNGUSD|orb|09:30|60|16:55|mid|narrow0.75,2012,0.3064250894555531,0.515225089455553,1.632867435951033,84,36.479177316137275,0.34523809523809523
A,XNGUSD,XNGUSD|orb|09:30|60|16:55|mid|narrow0.75,2013,-0.03204157875066881,0.17275842124933116,-0.4269582774800307,82,-3.9075096037400976,0.32926829268292684
A,XNGUSD,XNGUSD|orb|09:30|60|16:55|mid|narrow0.75,2014,-0.07681881841795056,0.09858118158204943,-1.0825724471442664,70,-10.974116916850084,0.2857142857142857
A,XNGUSD,XNGUSD|orb|09:30|60|16:55|mid|narrow0.75,2015,-0.038586153757116555,0.15271384624288342,-0.40968478220688204,76,-5.07712549435744,0.25
A,XNGUSD,XNGUSD|orb|09:30|60|16:55|mid|narrow0.75,2016,-0.17927591881100516,0.014924081188994798,-1.7553153082554331,77,-23.282586858572092,0.2597402597402597
A,XNGUSD,XNGUSD|orb|09:30|60|16:55|mid|narrow0.75,2017,-0.20452738097442358,0.03667261902557639,-2.5405320342311914,96,-21.304935518169117,0.22916666666666666
A,XNGUSD,XNGUSD|orb|09:30|60|16:55|mid|narrow0.75,2018,-0.2607719510070841,-0.07347195100708415,-4.275373300330279,74,-35.23945283879515,0.16216216216216217
A,XNGUSD,XNGUSD|orb|09:30|60|16:55|mid|narrow0.75,2019,-0.16529117267284127,0.0482088273271587,-1.9834435973729523,85,-19.44602031445191,0.23529411764705882
A,XNGUSD,XNGUSD|orb|09:30|60|16:55|mid|narrow0.75,2020,-0.0424367855824323,0.003463214417567695,-1.1551053003294187,18,-23.575991990240166,0.16666666666666666
E,XTIUSD,XTIUSD|mr|15m|pxz|4h|z3|mean,2005,-0.0059008988864067725,0.04569910111359321,-0.06871520681084431,86,-0.6861510333031167,0.5232558139534884
E,XTIUSD,XTIUSD|mr|15m|pxz|4h|z3|mean,2006,-0.037935856243762736,0.0016641437562372463,-0.7983472150661086,66,-5.74785700663072,0.4696969696969697
E,XTIUSD,XTIUSD|mr|15m|pxz|4h|z3|mean,2007,-0.023532943668859264,0.004667056331140729,-0.5256622913006264,47,-5.007009291246652,0.40425531914893614
E,XTIUSD,XTIUSD|mr|15m|pxz|4h|z3|mean,2008,0.03911345965601559,0.0607134596560156,0.5178737218508392,36,10.864849904448779,0.5
E,XTIUSD,XTIUSD|mr|15m|pxz|4h|z3|mean,2009,0.07702153230865177,0.09862153230865178,0.9468495487112045,36,21.3948700857366,0.5277777777777778
E,XTIUSD,XTIUSD|mr|15m|pxz|4h|z3|mean,2010,-0.04774012744025327,-0.030340127440253273,-1.118577283264243,29,-16.462112910432165,0.4827586206896552
E,XTIUSD,XTIUSD|mr|15m|pxz|4h|z3|mean,2011,0.04972271159727082,0.07192271159727082,1.2737705884961368,37,13.438570701965082,0.5405405405405406
E,XTIUSD,XTIUSD|mr|15m|pxz|4h|z3|mean,2012,-0.04209789154874485,-0.01809789154874486,-1.3979808375725165,40,-10.524472887186212,0.5
E,XTIUSD,XTIUSD|mr|15m|pxz|4h|z3|mean,2013,0.018410871364653067,0.03521087136465306,0.918578535390242,28,6.57531120166181,0.5714285714285714
E,XTIUSD,XTIUSD|mr|15m|pxz|4h|z3|mean,2014,-0.034475337414397386,-0.015875337414397395,-1.3549669143530918,31,-11.121076585289483,0.3870967741935484
E,XTIUSD,XTIUSD|mr|15m|pxz|4h|z3|mean,2015,-0.05330054267785185,-0.036500542677851855,-0.9542051094475529,28,-19.03590809923281,0.42857142857142855
E,XTIUSD,XTIUSD|mr|15m|pxz|4h|z3|mean,2016,0.01902566306507186,0.03882566306507185,0.38878231867857144,33,5.765352443961167,0.5454545454545454
E,XTIUSD,XTIUSD|mr|15m|pxz|4h|z3|mean,2017,-0.04819784111981266,-0.017597841119812663,-1.083602949365151,51,-9.450557082316209,0.43137254901960786
E,XTIUSD,XTIUSD|mr|15m|pxz|4h|z3|mean,2018,-0.05500000054826425,-0.023800000548264255,-1.2716331851313851,52,-10.576923182358511,0.36538461538461536
E,XTIUSD,XTIUSD|mr|15m|pxz|4h|z3|mean,2019,-0.10208081213621786,-0.07808081213621787,-1.615889835047711,40,-25.520203034054468,0.5
E,XTIUSD,XTIUSD|mr|15m|pxz|4h|z3|mean,2020,0.056426173639305036,0.058226173639305046,1.5651399038737828,3,188.08724546435013,0.3333333333333333
B,XNGUSD,XNGUSD|mom|on1000|q0.8|14:30,2005,0.0,0.0,,0,,
B,XNGUSD,XNGUSD|mom|on1000|q0.8|14:30,2006,-0.017288196571377472,-0.009288196571377472,-1.1798326798239276,4,-43.22049142844368,0.25
B,XNGUSD,XNGUSD|mom|on1000|q0.8|14:30,2007,0.0944378833171338,0.17243788331713383,1.3274521359286873,39,24.214841876188157,0.5641025641025641
B,XNGUSD,XNGUSD|mom|on1000|q0.8|14:30,2008,-0.024970055606117453,0.09302994439388257,-0.3751087245954518,59,-4.232212814596177,0.5254237288135594
B,XNGUSD,XNGUSD|mom|on1000|q0.8|14:30,2009,0.048981677794452484,0.1729816777944525,0.49814385709779296,62,7.900270612008462,0.5483870967741935
B,XNGUSD,XNGUSD|mom|on1000|q0.8|14:30,2010,0.0007960338289333766,0.04879603382893338,0.018940565506034342,24,0.33168076205557434,0.5416666666666666
B,XNGUSD,XNGUSD|mom|on1000|q0.8|14:30,2011,-0.02508989545093014,0.05491010454906986,-0.9803125663539832,40,-6.272473862732536,0.425
B,XNGUSD,XNGUSD|mom|on1000|q0.8|14:30,2012,-0.07996941485096612,0.04403058514903391,-1.2326187262303827,62,-12.898292717897764,0.45161290322580644
B,XNGUSD,XNGUSD|mom|on1000|q0.8|14:30,2013,-0.10019079207971565,-0.028190792079715643,-3.188323828162344,36,-27.83077557769879,0.3333333333333333
B,XNGUSD,XNGUSD|mom|on1000|q0.8|14:30,2014,0.030943273233175896,0.1469432732331759,0.5927273549492431,58,5.335047109168258,0.4482758620689655
B,XNGUSD,XNGUSD|mom|on1000|q0.8|14:30,2015,-0.1538563507997537,-0.027856350799753682,-2.7315886653723536,63,-24.421642984087892,0.3333333333333333
B,XNGUSD,XNGUSD|mom|on1000|q0.8|14:30,2016,0.029672611723333242,0.15567261172333324,0.7655563478712942,63,4.709938368783051,0.5238095238095238
B,XNGUSD,XNGUSD|mom|on1000|q0.8|14:30,2017,-0.09824295639561069,-0.018242956395610688,-2.9584090289267593,40,-24.560739098902676,0.35
B,XNGUSD,XNGUSD|mom|on1000|q0.8|14:30,2018,-0.07639285988800373,0.049607140111996295,-0.7944410538014707,63,-12.125850775873605,0.31746031746031744
B,XNGUSD,XNGUSD|mom|on1000|q0.8|14:30,2019,-0.22107860519594097,-0.12907860519594094,-3.72953934905809,46,-48.06056634694369,0.2391304347826087
B,XNGUSD,XNGUSD|mom|on1000|q0.8|14:30,2020,-0.033312659099291125,0.03868734090070891,-0.5919825793444805,36,-9.253516416469756,0.5833333333333334
E,XNGUSD,XNGUSD|mr|5m|pxz|1h|z3|time30,2005,-0.036843357120111095,-0.012843357120111087,-1.0305617025273024,12,-30.702797600092577,0.4166666666666667
E,XNGUSD,XNGUSD|mr|5m|pxz|1h|z3|time30,2006,-0.033274311445300346,-0.015274311445300337,-0.8903324802733608,9,-36.97145716144483,0.5555555555555556
E,XNGUSD,XNGUSD|mr|5m|pxz|1h|z3|time30,2007,-0.04935040698858771,-0.03135040698858771,-2.3255825455360264,9,-54.83378554287523,0.1111111111111111
E,XNGUSD,XNGUSD|mr|5m|pxz|1h|z3|time30,2008,-0.0023908393683869933,0.023609160631613002,-0.07916444428327249,13,-1.8391072064515372,0.46153846153846156
E,XNGUSD,XNGUSD|mr|5m|pxz|1h|z3|time30,2009,0.05471679028168519,0.08471679028168522,0.7661398849428349,15,36.47786018779013,0.4666666666666667
E,XNGUSD,XNGUSD|mr|5m|pxz|1h|z3|time30,2010,0.006280649574750843,0.04428064957475086,0.06731697670746474,19,3.3056050393425482,0.21052631578947367
E,XNGUSD,XNGUSD|mr|5m|pxz|1h|z3|time30,2011,-0.08911463976985684,-0.02511463976985684,-1.8849013894777042,32,-27.848324928080267,0.3125
E,XNGUSD,XNGUSD|mr|5m|pxz|1h|z3|time30,2012,-0.09263367152498278,-0.056633671524982776,-1.848431281896761,18,-51.46315084721267,0.3333333333333333
E,XNGUSD,XNGUSD|mr|5m|pxz|1h|z3|time30,2013,-0.038107260164254905,-0.010107260164254894,-1.3726022636111177,14,-27.21947154589636,0.35714285714285715
E,XNGUSD,XNGUSD|mr|5m|pxz|1h|z3|time30,2014,-0.024799742931295686,0.015200257068704315,-0.9076657334251234,20,-12.399871465647843,0.5
E,XNGUSD,XNGUSD|mr|5m|pxz|1h|z3|time30,2015,-0.08172467901056488,-0.05372467901056488,-2.9986639434337827,14,-58.374770721832064,0.07142857142857142
E,XNGUSD,XNGUSD|mr|5m|pxz|1h|z3|time30,2016,0.007024521537731835,0.035024521537731834,0.21054623366848152,14,5.017515384094165,0.5714285714285714
E,XNGUSD,XNGUSD|mr|5m|pxz|1h|z3|time30,2017,-0.02389113964710586,-0.00789113964710586,-1.5848895031446848,8,-29.863924558882324,0.375
E,XNGUSD,XNGUSD|mr|5m|pxz|1h|z3|time30,2018,-0.02656373413012124,-0.01256373413012124,-1.8761180166404159,7,-37.94819161445892,0.14285714285714285
E,XNGUSD,XNGUSD|mr|5m|pxz|1h|z3|time30,2019,-0.021025765490258683,-0.005025765490258682,-1.2555326804069102,8,-26.282206862823354,0.375
E,XNGUSD,XNGUSD|mr|5m|pxz|1h|z3|time30,2020,0.004475485661424529,0.006475485661424529,1.6550318531021118,1,44.75485661424529,1.0
