bot,series,config,n_starts,first_start,last_start,p_stop_out,p_loss_ge_50pct,p_final_loss,mean_2y_ret,median_2y_ret,p05_2y_ret,worst_2y_ret,best_2y_ret,median_win_rate,median_trades,median_max_dd,p_stop_given_profitable_year1,share_profitable_year1,median_seq_win_rate,intraday_stop_check
grid,"WTI (Dec, CRUDE_W)",step3.0%_lot0.5x_n8,161,2005-01-03,2018-05-01,0.7391304347826086,0.9565217391304348,0.9192546583850931,-0.6477759474931223,-0.7792518890837496,-0.9337424638811871,-0.9862438500360242,0.2593335113674442,1.0,28.0,-0.8033014402381418,0.5238095238095238,0.13043478260869565,,False
grid,"WTI (Dec, CRUDE_W)",step3.0%_lot0.5x_n8,161,2005-01-03,2018-05-01,0.782608695652174,0.9565217391304348,0.937888198757764,-0.6522771437456334,-0.7522525184510991,-0.8707066783933504,-0.9439711873771409,0.2593335113674442,1.0,25.0,-0.7764420097756846,0.65,0.12422360248447205,,True
grid,WTI front (CRUDE_ICE),step3.0%_lot0.5x_n8,136,2007-02-26,2018-05-01,0.6911764705882353,0.8676470588235294,0.8382352941176471,-0.5709383890430224,-0.7823312012603746,-0.9615034120606034,-1.0,0.46921350305964626,1.0,34.0,-0.7978916454726375,0.4375,0.23529411764705882,,False
grid,WTI front (CRUDE_ICE),step3.0%_lot0.5x_n8,136,2007-02-26,2018-05-01,0.7058823529411765,0.8676470588235294,0.8529411764705882,-0.5557404639757995,-0.7439191898511106,-0.8740382925897048,-0.9148290165861649,0.46921350305964626,1.0,32.5,-0.7682474862759298,0.4666666666666667,0.22058823529411764,,True
grid,NatGas (GAS_US),step5.0%_lot0.5x_n8,161,2005-01-03,2018-05-01,0.782608695652174,0.8881987577639752,0.8881987577639752,-0.7106667752650542,-0.896829824822356,-1.0,-1.0,0.6477324795931887,1.0,28.0,-0.9025639793420701,0.3125,0.19875776397515527,,False
grid,NatGas (GAS_US),step5.0%_lot0.5x_n8,161,2005-01-03,2018-05-01,0.8198757763975155,0.8881987577639752,0.9006211180124224,-0.6849033569585206,-0.8182111389819122,-0.9139403214494517,-0.9695470306797939,0.6477324795931887,1.0,26.0,-0.8429299911133836,0.36666666666666664,0.18633540372670807,,True
grid,NatGas front (GAS-LAST),step5.0%_lot0.5x_n8,125,2008-01-10,2018-05-01,0.72,0.912,0.896,-0.6982184270415046,-0.9010224797865745,-1.0,-1.0,0.7199906506426843,1.0,30.0,-0.9081015994534384,0.3870967741935484,0.248,,False
grid,NatGas front (GAS-LAST),step5.0%_lot0.5x_n8,125,2008-01-10,2018-05-01,0.76,0.912,0.904,-0.6701658824326455,-0.863323001000546,-0.9154870502414669,-0.9562257440868454,0.7199906506426843,1.0,26.0,-0.8691777663667475,0.35714285714285715,0.224,,True
martingale,"WTI (Dec, CRUDE_W)",step3.0%_base0.5x_k6,161,2005-01-03,2018-05-01,0.17391304347826086,0.4720496894409938,0.546583850931677,-0.14117707901166676,-0.03646300045600093,-0.9730493631661874,-0.9975433625392206,1.188986356045488,0.5374149659863946,73.0,-0.5551346253158089,0.11627906976744186,0.5341614906832298,1.0,False
martingale,"WTI (Dec, CRUDE_W)",step3.0%_base0.5x_k6,161,2005-01-03,2018-05-01,0.5962732919254659,0.9254658385093167,0.968944099378882,-0.665411244009295,-0.7170652718024364,-0.9876216035400479,-0.9999628896201442,0.06631275521143087,0.42528735632183906,67.0,-0.7561972060191888,0.5428571428571428,0.21739130434782608,1.0,True
martingale,WTI front (CRUDE_ICE),step3.0%_base0.5x_k6,136,2007-02-26,2018-05-01,0.04411764705882353,0.41911764705882354,0.6544117647058824,-0.04009654414321817,-0.10160514961811107,-0.7840537258580759,-0.9902076310997615,1.4487106139699946,0.5382366171839856,94.0,-0.5477466864071374,0.0,0.5514705882352942,1.0,False
martingale,WTI front (CRUDE_ICE),step3.0%_base0.5x_k6,136,2007-02-26,2018-05-01,0.6029411764705882,0.8088235294117647,0.9558823529411765,-0.6142862165690091,-0.6560032499205687,-0.9852217226877321,-0.9947443867957096,0.4526128839989416,0.44317448017564254,100.0,-0.7527979480814162,0.5588235294117647,0.25,1.0,True
martingale,NatGas (GAS_US),step5.0%_base0.5x_k6,161,2005-01-03,2018-05-01,0.2608695652173913,0.42857142857142855,0.4161490683229814,0.01789630506750517,0.31350360146857126,-0.937068846050293,-0.9703179150465907,1.2705244055450935,0.53125,63.0,-0.4477743657895378,0.09482758620689655,0.7204968944099379,1.0,False
martingale,NatGas (GAS_US),step5.0%_base0.5x_k6,161,2005-01-03,2018-05-01,0.8322981366459627,0.906832298136646,0.9192546583850931,-0.6842002590810792,-0.7570105908612175,-0.9705020096541584,-0.9950577031368824,0.4330804808570412,0.4,29.0,-0.7929985310773316,0.6333333333333333,0.18633540372670807,1.0,True
martingale,NatGas front (GAS-LAST),step5.0%_base0.5x_k6,125,2008-01-10,2018-05-01,0.184,0.52,0.504,-0.17710425831206478,-0.015141804723420638,-0.9697134769729898,-0.985197549328987,0.8316036801444477,0.5161290322580645,62.0,-0.6073486830188047,0.0,0.552,1.0,False
martingale,NatGas front (GAS-LAST),step5.0%_base0.5x_k6,125,2008-01-10,2018-05-01,0.896,1.0,1.0,-0.8028660533654566,-0.781889146016836,-0.9733917602741985,-0.9905734791043397,-0.4975400399925759,0.36585365853658536,24.0,-0.8058209281974955,0.42857142857142855,0.056,1.0,True
dca,"WTI (Dec, CRUDE_W)",step3.0%_tp2%_v1.5_m6_ladder5.0x,161,2005-01-03,2018-05-01,0.7763975155279503,0.84472049689441,0.8074534161490683,-0.6130281988324904,-0.8386232515092169,-0.9348037347459929,-0.9962192227187479,0.6777798990570911,1.0,18.0,-0.8542063351098435,0.6075949367088608,0.4906832298136646,,False
dca,"WTI (Dec, CRUDE_W)",step3.0%_tp2%_v1.5_m6_ladder5.0x,161,2005-01-03,2018-05-01,0.8074534161490683,0.84472049689441,0.8260869565217391,-0.5869562883159852,-0.7924504406546801,-0.8067358247994836,-0.9129107309530362,0.6777798990570911,1.0,17.0,-0.8033044813246055,0.6578947368421053,0.4720496894409938,,True
dca,WTI front (CRUDE_ICE),step3.0%_tp2%_v1.5_m6_ladder5.0x,136,2007-02-26,2018-05-01,0.7867647058823529,0.8382352941176471,0.8161764705882353,-0.6263615507339214,-0.8467116113053959,-1.0,-1.0,0.7427765511118039,1.0,18.0,-0.8678810597644699,0.6166666666666667,0.4411764705882353,,False
dca,WTI front (CRUDE_ICE),step3.0%_tp2%_v1.5_m6_ladder5.0x,136,2007-02-26,2018-05-01,0.8014705882352942,0.8382352941176471,0.8161764705882353,-0.5618077837009063,-0.7931084208314322,-0.8106040205506152,-0.9220091641880515,0.7427765511118039,1.0,16.0,-0.8080198297628854,0.6071428571428571,0.4117647058823529,,True
dca,NatGas (GAS_US),step5.0%_tp2%_v1.5_m6_ladder5.0x,161,2005-01-03,2018-05-01,0.8074534161490683,0.937888198757764,0.8260869565217391,-0.6459755503983193,-0.8232790603769465,-0.9516466954370111,-1.0,0.5255424659962795,1.0,16.0,-0.8422043005483084,0.5573770491803278,0.37888198757763975,,False
dca,NatGas (GAS_US),step5.0%_tp2%_v1.5_m6_ladder5.0x,161,2005-01-03,2018-05-01,0.8944099378881988,0.937888198757764,0.906832298136646,-0.7114061414520021,-0.7980569241120248,-0.9007595457997233,-1.0,0.3437607997843086,1.0,11.0,-0.8162319380351675,0.6875,0.2981366459627329,,True
dca,NatGas front (GAS-LAST),step5.0%_tp2%_v1.5_m6_ladder5.0x,125,2008-01-10,2018-05-01,0.768,0.92,0.848,-0.6509886262248862,-0.821738842191232,-0.9387521838357045,-1.0,0.3949890159769014,1.0,11.0,-0.836358126287856,0.425,0.32,,False
dca,NatGas front (GAS-LAST),step5.0%_tp2%_v1.5_m6_ladder5.0x,125,2008-01-10,2018-05-01,0.864,0.92,0.912,-0.7231449378181024,-0.7974309965503943,-1.0,-1.0,0.3949890159769014,1.0,10.0,-0.8135190571712673,0.5588235294117647,0.272,,True
