name,start,end,years,ann_ret,cagr,ann_vol,sharpe,sortino,max_dd,calmar,skew,t_stat,hit_rate,turnover_py,cost_py,gross_sharpe,avg_abs_pos,time_in_mkt,symbol,dataset,is_sharpe,oos_sharpe,sr_1990-1999,sr_2000-2009,sr_2010-2019,sr_2020-2029,lag,cost_mult
crack321_z60,1991-10-29,2024-03-28,32.4,0.03949739587308401,0.035338647050762395,0.09774324156221344,0.4040933699538088,0.5597923714156874,-0.3671976983870292,0.09623874878843927,0.5352503524150909,2.299463572181932,0.5042892156862745,13.692839156819481,0.013030945553096477,0.5373620091458382,0.35595990810944705,1.0,XTIUSD,fut,0.004993040910688878,0.7872103366496106,-0.0,0.2,0.73,0.83,,
crack321_z60,1990-08-23,2024-03-28,34.1,0.05503384714324403,0.05167161586209712,0.09657699806451832,0.5698442511795473,0.8024800155719334,-0.36585699019111007,0.1412344638682612,0.8297493622375719,3.3271912131450327,0.5052991050400377,11.303281234716296,0.011262220947580115,0.6863965492361191,0.2964248881627134,0.9884763124199744,XBRUSD,fut,0.2709824669429319,0.8647708349061975,0.37,0.36,0.77,0.97,,
crack321_z60,1990-08-23,2024-03-28,34.4,0.045385572001498065,0.041883924084696655,0.09342650082169023,0.485789059874125,0.6775571133998168,-0.3676774816392515,0.1139148470500874,0.7368350398879698,2.8477798039742312,0.504613946968812,,,,,,PORT,fut,0.12847623771021643,0.8417176425342668,0.19,0.26,0.77,0.9,,
crack321_z120,1991-10-29,2024-03-28,32.4,0.030962475679518566,0.02663478183027057,0.09672036974798162,0.32012362814777906,0.42429868963703854,-0.37620852702177576,0.07079792167690259,0.12936309039299432,1.8216399383258286,0.5058823529411764,8.893512731670615,0.011502536375048463,0.43899214157369004,0.3521635551100664,1.0,XTIUSD,fut,0.052115188199705315,0.5697824224600795,0.18,0.23,0.43,0.49,,
crack321_z120,1990-08-23,2024-03-28,34.1,0.04854764530274463,0.04492078558861423,0.09601724316431955,0.5056138220888345,0.6788819440618867,-0.39974043273466364,0.11237488607621379,0.35789683027568936,2.9521643196652922,0.5061669829222012,7.2266078508390255,0.009734820763726441,0.6069400410835816,0.29233769073329396,0.981492259341171,XBRUSD,fut,0.26805390528585726,0.7326231421061279,0.55,0.3,0.6,0.66,,
crack321_z120,1990-08-23,2024-03-28,34.4,0.03850617056173943,0.034802459991025714,0.09271034244054133,0.4153384568332806,0.5509373962429284,-0.39424592837151484,0.08827601627943729,0.2470057299883492,2.4347861384324263,0.5061757440301141,,,,,,PORT,fut,0.14761580443856703,0.6742341113645508,0.4,0.23,0.54,0.59,,
crack321_z250,1991-10-29,2024-03-28,32.4,0.045423313018090467,0.04228541944706232,0.08949390095136185,0.5075576384001534,0.6420712025993165,-0.29534572763147127,0.14317261260615066,0.01331401900704503,2.8882193746887075,0.5113970588235294,6.7002981197440965,0.009553350839995069,0.6141031507527955,0.3006511438564888,1.0,XTIUSD,fut,0.33736573658365776,0.6674166159677037,0.45,0.53,0.44,0.7,,
crack321_z250,1990-08-23,2024-03-28,34.1,0.06040520149265457,0.058074711352515296,0.08890777990688924,0.6794141250171283,0.8691054444234646,-0.3132011305745175,0.18542305784780058,0.26038405462642306,3.9669448312664577,0.5073476270778126,5.3561912821818805,0.007890323101736072,0.7679609959546253,0.2442013792029013,0.9663601443370969,XBRUSD,fut,0.5439581729412214,0.8107396688229926,0.86,0.54,0.56,0.88,,
crack321_z250,1990-08-23,2024-03-28,34.4,0.05207681548579252,0.04957717824512331,0.08586951634611598,0.6064645255003587,0.763619284466594,-0.29952459883474447,0.16551955478112945,0.12185450396130242,3.555200333235679,0.5135587146099629,,,,,,PORT,fut,0.4446070974528693,0.7648884444896754,0.7,0.5,0.51,0.84,,
crack321_z500,1991-10-29,2024-03-28,32.4,0.04498283500354334,0.041810738584657114,0.08962892870237518,0.5018785302334121,0.6186887328711235,-0.22154726389711155,0.18872152988571494,-0.1895172006321779,2.8559028277644276,0.5128787878787879,4.823166518580715,0.008854158534649414,0.600450344550446,0.2942896527181787,0.9705882352941176,XTIUSD,fut,0.4364358222521658,0.565164327148925,0.43,0.58,0.54,0.37,,
crack321_z500,1990-08-23,2024-03-28,34.1,0.058807621695140526,0.05635962465497357,0.08914921941639616,0.6596538038147391,0.8191524951701779,-0.2743730124881898,0.20541242064541437,0.015480515159131202,3.851568801873477,0.514033780427223,3.826203086102786,0.007221793481582557,0.7404503032522569,0.23866928286952,0.9372599231754162,XBRUSD,fut,0.5998252869239801,0.719270929261171,0.85,0.53,0.72,0.5,,
crack321_z500,1990-08-23,2024-03-28,34.4,0.05126205177410688,0.04870872465029441,0.08598297895992972,0.5961883665137528,0.7279740771559867,-0.26464993514978974,0.18404963758153073,-0.13870863581304219,3.4949597052724495,0.5174325489712948,,,,,,PORT,fut,0.5133292329321224,0.6798684997137264,0.68,0.53,0.65,0.5,,
crack321_z250,1991-10-29,2024-03-28,32.4,0.042532069877198424,0.03921663169399703,0.09012969236371723,0.4718985360069886,0.5938613067966395,-0.28487075798588035,0.13766464473668724,-0.03563146355646288,2.685303877759963,0.5139705882352941,6.699402720863723,0.009554432511405447,0.5776987018955618,0.3005955273061978,1.0,XTIUSD,fut,0.3853292419198293,0.5544816469661286,0.45,0.59,0.32,0.57,2.0,
crack321_z250,1990-08-23,2024-03-28,34.1,0.05781343910519154,0.055263597369624495,0.08966587679880005,0.6447652236192177,0.8169364790283272,-0.29750539020810374,0.1857566255554827,0.1559923520176202,3.7646377622074545,0.5102999638597759,5.355315851673152,0.007889834049761433,0.7325336258781944,0.2441498796398412,0.9662437434524502,XBRUSD,fut,0.5282309250112298,0.759264267906073,0.8,0.55,0.55,0.75,2.0,
crack321_z250,1990-08-23,2024-03-28,34.4,0.049517869963047544,0.046837490486403066,0.08649678765721193,0.5724821846481468,0.7157207008199454,-0.286772894237197,0.1633260723995156,0.03268623608841305,3.355989951684944,0.515531660692951,,,,,,PORT,fut,0.45802506733661474,0.6862409499381484,0.67,0.54,0.45,0.72,2.0,
crack321_z250,1991-10-29,2024-03-28,32.4,0.04073063701327805,0.037293064627506034,0.09069818203638107,0.4490788690443661,0.5646867189780561,-0.32638922194621567,0.11425948566908072,-0.042411993108211664,2.5554502429035635,0.514828431372549,6.6977523293690355,0.009560759082794097,0.5543106581126495,0.3005354260847927,1.0,XTIUSD,fut,0.33409595705620726,0.5593506557674193,0.47,0.5,0.32,0.57,3.0,
crack321_z250,1990-08-23,2024-03-28,34.1,0.054159018815371225,0.05137200750757742,0.09011730956939652,0.6009835299584155,0.7603428714035866,-0.3501488494720212,0.1467147688334253,0.13108835997487958,3.509006392507226,0.509277108433735,5.3520430444227864,0.007891094041735653,0.6883811380260642,0.24409490614619092,0.9661273425678035,XBRUSD,fut,0.44318552651413734,0.755744257083628,0.76,0.45,0.53,0.77,3.0,
crack321_z250,1990-08-23,2024-03-28,34.4,0.0468112134809069,0.04396193089759448,0.08700673959377905,0.5380182466261945,0.6715629859324883,-0.3327840441993952,0.13210348171396608,0.013794044081226083,3.1539563639179273,0.515832238021269,,,,,,PORT,fut,0.3879721694948337,0.6873840646549938,0.65,0.44,0.44,0.73,3.0,
crack321_z250,1991-10-29,2024-03-28,32.4,0.035207412899010464,0.031397141571704035,0.0925894750007995,0.38025286241990736,0.4674586709611304,-0.3461869683049493,0.09069417524707893,-0.28861570289351873,2.163800919209423,0.5121323529411764,6.701381605356436,0.009542682385932961,0.4831813831549628,0.30039266715454255,1.0,XTIUSD,fut,0.2862911003676765,0.46996448868320473,0.44,0.4,0.28,0.44,5.0,
crack321_z250,1990-08-23,2024-03-28,34.1,0.05152795895621401,0.04844303959904894,0.09183900752372628,0.5610683340943329,0.698379801366399,-0.36993560135628434,0.13094992593695662,-0.023630846684398462,3.2759506256463014,0.509881899252832,5.352035933922609,0.007874638285086787,0.6466654690981062,0.2439589844981732,0.9658945407985101,XBRUSD,fut,0.43201104786221445,0.6879960434246725,0.76,0.38,0.5,0.69,5.0,
crack321_z250,1990-08-23,2024-03-28,34.4,0.0429788008127826,0.03980828172213946,0.08873203929663935,0.4843662013571054,0.5919252572527961,-0.3533815901277113,0.11264956306227734,-0.20003454251000843,2.8394387603333326,0.51643360822278,,,,,,PORT,fut,0.35820732525975907,0.6098872578157631,0.64,0.36,0.41,0.63,5.0,
crack321_z250,1991-10-29,2024-03-28,32.4,0.03743989022851065,0.0335035965601147,0.09465053447540135,0.3955592056190752,0.4824761727059648,-0.2742374984844348,0.12217000499665914,-0.20928194611872855,2.250900538324244,0.5154411764705882,6.716105061650664,0.009537272690268803,0.4961822893125551,0.3000702251004426,1.0,XTIUSD,fut,0.31838938275260537,0.4697366451119907,0.29,0.57,0.22,0.56,10.0,
crack321_z250,1990-08-23,2024-03-28,34.1,0.04593383284772537,0.04234165437700943,0.0944116870376432,0.4865269786929126,0.5880905717102552,-0.27055781256338307,0.15649762235969486,-0.22475870443506873,2.840720574287264,0.5138068250331604,5.347916483272336,0.007866537236917914,0.5697334641535651,0.24360334343199602,0.9653125363752765,XBRUSD,fut,0.3422076879556844,0.6263629765430178,0.52,0.46,0.43,0.61,10.0,
crack321_z250,1990-08-23,2024-03-28,34.4,0.04121655017396832,0.03776473324842233,0.09099788351387775,0.4529396573018375,0.5435308882763373,-0.26117649832340484,0.1445946840196154,-0.2821648552795595,2.6552109033031885,0.5180578808897393,,,,,,PORT,fut,0.3293015654172057,0.5753433667038987,0.45,0.49,0.33,0.65,10.0,
crack_gasoline_z250,1991-10-29,2024-03-28,32.4,0.04360445048375875,0.040638133862741066,0.08679425059083258,0.5023886972573776,0.6414024144069852,-0.2894200513096572,0.1404122958269446,-0.07032046592133277,2.8588058956555717,0.5057598039215686,5.853037394330884,0.009119054646573914,0.6072644964531846,0.29408432594434325,1.0,XTIUSD,fut,0.40418212797171393,0.5973722901752282,0.51,0.58,0.35,0.64,,
crack_gasoline_z250,1990-08-23,2024-03-28,34.1,0.05787200428419003,0.05569338118214895,0.08568236221541682,0.6754249391338224,0.8716628662590549,-0.29017054614838333,0.19193326793984544,0.12903350062552452,3.9436528805429685,0.5046976632136835,4.679147885804938,0.0075252281048443495,0.7630991192916294,0.239312382214021,0.9663601443370969,XBRUSD,fut,0.5964168595251348,0.7541462380374612,0.83,0.66,0.48,0.83,,
crack_gasoline_z250,1990-08-23,2024-03-28,34.4,0.04996034515548424,0.047604426161780955,0.08307214828622286,0.6014090906057612,0.7644532059982233,-0.27526441584517836,0.17294071961904411,-0.00032049423947092405,3.52556449623912,0.5099749133914706,,,,,,PORT,fut,0.506134875383505,0.6974575208826141,0.71,0.6,0.42,0.78,,
crack_heating_z250,1991-10-29,2024-03-28,32.4,0.02770259876004994,0.02359047619807031,0.09366110419010312,0.2957748469826089,0.3683005581090685,-0.29547398235325073,0.07983943631919162,0.09000394444143392,1.6830849916739243,0.5075980392156862,6.207009304550578,0.009566925023635217,0.39782566019776794,0.3065015466288156,1.0,XTIUSD,fut,0.12946964691663698,0.4317116914945339,0.14,0.26,0.17,0.79,,
crack_heating_z250,1990-08-23,2024-03-28,34.1,0.03238417889887074,0.02844460153988937,0.09318587507287775,0.34752239943600993,0.43352856494448055,-0.37649423883929223,0.07555122656745629,0.4314183836100821,2.029104393667473,0.5049385690195134,4.933210051181684,0.007900724900906401,0.43221370964242495,0.25060117106417945,0.9663601443370969,XBRUSD,fut,0.1328372009220246,0.5283235527509397,0.4,0.07,0.26,0.9,,
crack_heating_z250,1990-08-23,2024-03-28,34.4,0.029399561861406097,0.02566884345450804,0.09007767204666647,0.3263801249900762,0.4023641005109193,-0.3618085645569763,0.07094592546734975,0.2652326410536998,1.913296953632839,0.5085413929040736,,,,,,PORT,fut,0.12250485755414531,0.4999988142057377,0.29,0.14,0.21,0.9,,
crack_321_pct_z250,1991-10-29,2024-03-28,32.4,0.045174220700612444,0.042343719033322236,0.08599932650484622,0.5252857497444099,0.6649542413831397,-0.37419033396719104,0.11316091087760415,-0.11764972419809841,2.989099887141468,0.513235294117647,6.695566582819813,0.009283564397404978,0.6330583109094793,0.290472644228104,1.0,XTIUSD,fut,0.3346465400959905,0.7028664585509307,0.61,0.31,0.56,0.79,,
crack_321_pct_z250,1990-08-23,2024-03-28,34.1,0.05900481958921399,0.056960325928268496,0.08489024212180248,0.6950718729786695,0.8869696214504356,-0.3468800361176171,0.16420756456838836,0.07248326306622904,4.0583668668971455,0.5133702722235606,5.347986169266368,0.007712487586516491,0.7857614978338525,0.23753482468865178,0.9663601443370969,XBRUSD,fut,0.5818473121418593,0.8055792743371747,0.98,0.43,0.64,0.86,,
crack_321_pct_z250,1990-08-23,2024-03-28,34.4,0.050534489822918936,0.04827700766801413,0.08224464560607607,0.6144410915813533,0.7733408852814032,-0.35430048836385897,0.13626006526537632,-0.05623885807887897,3.601960348367367,0.5148727750567436,,,,,,PORT,fut,0.4516607088437836,0.7736109226448948,0.83,0.35,0.6,0.87,,
crack321_seasadj_z250,1991-10-29,2024-03-28,32.4,0.04106290156399009,0.037759300470546764,0.08942588793654148,0.4591836045634705,0.5559231592218482,-0.3461003647775639,0.10909927961160741,0.1449311537384842,2.6129504964597388,0.5127238454288408,6.252206290937386,0.008747954478809642,0.5568459124579639,0.27354468719495567,0.910171568627451,XTIUSD,fut,0.23143598116311717,0.6526226652904877,0.36,0.3,0.64,0.58,,
crack321_seasadj_z250,1990-08-23,2024-03-28,34.1,0.05380895419380952,0.05113068863050296,0.08883512116389906,0.6057171250381147,0.7483136181559236,-0.34320213710112335,0.1489812652752727,0.553297910006153,3.536644779528172,0.5109228121276314,5.055905797945956,0.007304069174245243,0.6877403815973175,0.22456437588952416,0.8791758817367012,XBRUSD,fut,0.3875102084746102,0.800857316839313,0.65,0.35,0.78,0.73,,
crack321_seasadj_z250,1990-08-23,2024-03-28,34.4,0.04643743572927147,0.04367952570511191,0.08586125543709565,0.5408427292714445,0.654133072283629,-0.33679971780719675,0.12968991182503467,0.35250751393428925,3.1705139715262645,0.5144584647739222,,,,,,PORT,fut,0.3078622596534396,0.7498248091096452,0.54,0.3,0.72,0.7,,
crack321_nearWTI_z250,2008-01-01,2024-03-28,16.3,0.020359586929130292,0.016798427185553244,0.08594636687579207,0.23688711540946866,0.28503386168746525,-0.3034874299384782,0.05535131121891459,-0.5488516703173153,0.9571352540160147,0.5133689839572193,6.579785098349939,0.008508519480508783,0.33589030875672643,0.2620102855138355,1.0,XTIUSD,fut,,0.23688711540946866,,0.42,0.04,0.59,,
crack321_nearWTI_z250,2008-01-01,2024-03-28,16.6,0.04633109027237901,0.043638272103840414,0.08499522747145691,0.5451022563347796,0.6867162798192394,-0.2118686732954701,0.2059684965458904,-0.2649574912347502,2.223515393888317,0.5129978535654662,5.867738360469787,0.007844651595909323,0.6373929392459545,0.23687467801400075,1.0,XBRUSD,fut,,0.5451022563347796,,0.81,0.31,0.95,,
crack321_nearWTI_z250,2008-01-01,2024-03-28,16.7,0.0343290048438786,0.03136032402566169,0.08299678577549242,0.41361848562110687,0.509962078511432,-0.2693538490907005,0.11642797803532266,-0.41789502281025137,1.688791407292738,0.515591525827184,,,,,,PORT,fut,,0.4136184856211069,,0.62,0.18,0.82,,
crack321_z250_2008+,2008-01-01,2024-03-28,16.3,0.06112512949878024,0.058577793338461026,0.0915846684610233,0.6674166159677036,0.8269362049400343,-0.19324156905572099,0.3031324658804141,0.03154222117315035,2.6966767320989677,0.5286825473991249,5.345368422268237,0.008417022242724096,0.7591545981612181,0.27315906150680086,1.0,XTIUSD,fut,,0.6674166159677037,,1.7,0.44,0.7,,
crack321_z250_2008+,2008-01-01,2024-03-28,16.6,0.07528020199788261,0.07354503613831986,0.0928537296160334,0.8107396688229925,1.0432576412912407,-0.16755918484276766,0.4389197536818542,0.3486967804662088,3.3070714955116602,0.5208681135225376,4.7767569910651035,0.007703888500340266,0.8935778210997205,0.24684620414939187,1.0,XBRUSD,fut,,0.8107396688229926,,1.81,0.56,0.88,,
crack321_z250_2008+,2008-01-01,2024-03-28,16.7,0.06860934890730436,0.06671302939985257,0.08969850362045895,0.7648884444896753,0.9651075654074484,-0.18810963197553376,0.35464972579676046,0.18482556191043903,3.1230157197929524,0.5263032611283028,,,,,,PORT,fut,,0.7648884444896754,,1.78,0.51,0.84,,
crack321_z250_weekly,1991-10-29,2024-03-28,32.4,0.03824913959730263,0.03476249329005476,0.09027895145863832,0.42367726894598057,0.5310518751815054,-0.29252105702827824,0.11883757580806993,0.0054759613363336455,2.410904307621212,0.5149509803921568,4.5578131489238976,0.008877835104440186,0.5218861062954046,0.29913353910038254,1.0,XTIUSD,fut,0.324880053579079,0.5164311703179247,0.44,0.49,0.28,0.54,,
crack321_z250_weekly,1990-08-23,2024-03-28,34.1,0.051711267857437626,0.0488231276336073,0.08991100155744257,0.575138380862104,0.7267123337829466,-0.3285155325157444,0.14861741014107882,0.2333534025426919,3.3581024344561046,0.5112075198843095,3.6304682971693554,0.007269544003405994,0.655883843335654,0.24355305148944986,0.9658945407985101,XBRUSD,fut,0.440460140467921,0.7059214466627124,0.75,0.44,0.49,0.72,,
crack321_z250_weekly,1990-08-23,2024-03-28,34.4,0.044386483353518996,0.0414567460106221,0.08676999097530548,0.5115418689642515,0.637031961378213,-0.30674030971363053,0.13515258574696518,0.1084074570446033,2.998747241654835,0.5175092625791801,,,,,,PORT,fut,0.3819367059795995,0.638592517283689,0.64,0.43,0.4,0.69,,
crack321_z250,1991-10-29,2024-03-28,32.4,0.04341322358216724,0.04019291928835478,0.08949211921890729,0.4851066659397556,0.6141815711395,-0.3010876678348734,0.13349241294863637,0.014231753080350422,2.760463768753758,0.5099264705882353,6.7002981197440965,0.011563440275918298,0.6141031507527955,0.3006511438564888,1.0,XTIUSD,fut,0.3096352869969955,0.6498909796606079,0.42,0.5,0.42,0.69,,2.0
crack321_z250,1990-08-23,2024-03-28,34.1,0.0585305345438909,0.056093410855623915,0.08890818260102976,0.6583256212371726,0.8431983764603573,-0.3187424207982833,0.17598351269071502,0.26112863853013885,3.843813845335117,0.5049385690195134,5.3561912821818805,0.009764990050499729,0.7679609959546253,0.2442013792029013,0.9663601443370969,XBRUSD,fut,0.5196235376326485,0.7927273849771294,0.83,0.52,0.54,0.87,,2.0
crack321_z250,1990-08-23,2024-03-28,34.4,0.05017414348491352,0.04758248598790593,0.08586893240683649,0.5843107871330526,0.7365576589299513,-0.3053248926029154,0.15584214435404206,0.12268288704600555,3.425331272945827,0.5114084338788675,,,,,,PORT,fut,0.4183861675404437,0.7466363113013261,0.67,0.48,0.49,0.83,,2.0
trend_only,1991-10-29,2024-03-28,32.4,0.07133828261799234,0.05504098320583051,0.18805465565854398,0.379348665249337,0.45052142555790503,-0.46922040162651024,0.11730304781087075,-0.4351349633572377,2.158655651777705,0.5124207858048162,7.148530192036342,0.016710464183161265,0.4681075170692836,0.5801766786095655,0.9669117647058824,XTIUSD,fut,0.5546511606841786,0.1799620978057245,0.27,0.8,-0.03,0.35,,
trend_only,1990-08-23,2024-03-28,34.1,0.09369019404209857,0.0786695919807705,0.18928288204947744,0.49497446904685494,0.6051833930301764,-0.42357982308680675,0.1857255414279926,-0.205755870463504,2.890043552663523,0.5079918279052998,6.053574849856692,0.014472129309981704,0.5712609430226008,0.5004805350409004,0.9685717611453847,XBRUSD,fut,0.5412277137310323,0.44635143495474144,0.74,0.37,0.4,0.43,,
trend_only,1990-08-23,2024-03-28,34.4,0.0836026757914677,0.06975230861733928,0.17953683442800863,0.46565751288764656,0.5576406990176745,-0.44237141755840503,0.15767815425853113,-0.3531896612940012,2.729765180619587,0.5163367517290722,,,,,,PORT,fut,0.5672970432719,0.35188101915930203,0.56,0.58,0.23,0.46,,
trend+crack,1991-10-29,2024-03-28,32.4,0.08304299929686437,0.07285384206014967,0.15921918305435553,0.5215640333270299,0.6155038480763328,-0.30039580766155793,0.24252616115811682,-0.35372132329994277,2.9679217338628456,0.5233206590621039,8.00536200946819,0.014671165021086549,0.6134985474047848,0.48786123850825125,0.9669117647058824,XTIUSD,fut,0.5501434385793437,0.4927833365646332,0.44,0.81,0.28,0.54,,
trend+crack,1990-08-23,2024-03-28,34.1,0.10686667404690241,0.09760860198609689,0.16559736479836823,0.6453404266246842,0.7943988219633169,-0.33746002855495383,0.2892449289596435,-0.006580938067464759,3.7679962419703035,0.5116839315827512,6.698906685246678,0.012916775910935895,0.7231017402366485,0.42766274182460456,0.9663601443370969,XBRUSD,fut,0.6010598210138238,0.6894828584218599,0.85,0.53,0.56,0.66,,
trend+crack,1990-08-23,2024-03-28,34.4,0.09441874415144806,0.08576091478889758,0.15559013580205516,0.6068427388711162,0.7282309780204419,-0.3105265024122219,0.27617905113635205,-0.20587727658467592,3.557417485674467,0.5208557427990916,,,,,,PORT,fut,0.5865756190854969,0.6276566082800308,0.7,0.64,0.45,0.66,,
