family,name,lag,symbol,sharpe,total_ret,cagr,max_dd,ann_vol
benchmark,long_only_voltarget,1,XTIUSD,1.296786313001264,0.24699860298524823,0.22914855206927265,-0.1101841069552375,0.17029502153466408
benchmark,long_only_voltarget,1,XBRUSD,1.4229699304214594,0.2921039728790691,0.27146717005513676,-0.1482436550743924,0.18018808639157635
benchmark,long_only_voltarget,1,XNGUSD,0.5687523371530847,0.10059732551928002,0.08526552140213206,-0.1435574684312242,0.16856420879020326
benchmark,long_only_voltarget,1,PORT,1.4653710389230097,0.20867331359425578,0.19865091420377667,-0.07598773166991823,0.1293833465431912
benchmark,long_only_voltarget,2,XTIUSD,1.3567270550422543,0.2630372062433519,0.2445705804943199,-0.10846935958893955,0.17219936100810182
benchmark,long_only_voltarget,2,XBRUSD,1.4472542177261607,0.2995447882299147,0.27857494490894874,-0.14720557403498113,0.18113631818556683
benchmark,long_only_voltarget,2,XNGUSD,0.6235578745343541,0.11385075488241858,0.09754585580455233,-0.14657277999600016,0.17295304105274098
benchmark,long_only_voltarget,2,PORT,1.523001766170503,0.22048149723655963,0.21013252207961508,-0.07508031298791418,0.1308759078950709
trend,tsmom_21,1,XTIUSD,1.5530412273479333,0.29008465924051974,0.2729243614175645,-0.0850657395058716,0.16408876005506115
trend,tsmom_21,1,XBRUSD,1.2042615382727584,0.2333356393989996,0.21487452749352776,-0.10501039357563657,0.1742226975867476
trend,tsmom_21,1,XNGUSD,-0.253602563979355,-0.037115878973574934,-0.04774995287152939,-0.13996793070295654,0.14912849014680207
trend,tsmom_21,1,PORT,1.3266346902503243,0.15876677645828208,0.1516751564266483,-0.05695644056870042,0.11110775893576987
trend,tsmom_21,2,XTIUSD,0.8716038344902297,0.15604959339293933,0.1402442279911058,-0.08051450732376708,0.16641780785219407
trend,tsmom_21,2,XBRUSD,1.2378747262165553,0.24150571484532257,0.2227981991713892,-0.08692929633271662,0.17483013528984567
trend,tsmom_21,2,XNGUSD,-1.925594080974397,-0.2527524757814814,-0.26126744444955396,-0.2894578226542164,0.15122108358897496
trend,tsmom_21,2,PORT,0.3331026721831541,0.039031569396220434,0.032218158265467256,-0.09317011763631289,0.11495556248566534
trend,tsmom_63,1,XTIUSD,0.7390537529688715,0.13202332904173364,0.11626857323573847,-0.10359934600840337,0.16783231794476375
trend,tsmom_63,1,XBRUSD,0.700889226988515,0.13402127280869758,0.11598638532702688,-0.15930757270699158,0.17948821252361408
trend,tsmom_63,1,XNGUSD,-1.2087131124963868,-0.17471847301613008,-0.18495624286044565,-0.23299143736146766,0.1588115131473213
trend,tsmom_63,1,PORT,0.2778394725932154,0.03298431225130005,0.02599522170025259,-0.13750279545265354,0.1168087916609505
trend,tsmom_63,2,XTIUSD,0.5547453915285567,0.09876228062940084,0.08311956035435175,-0.1385760854232928,0.16981114412770387
trend,tsmom_63,2,XBRUSD,0.3109820984092253,0.05779844531909539,0.040747282325771295,-0.16017428013246238,0.1807051761016325
trend,tsmom_63,2,XNGUSD,-1.3042993454274296,-0.19079717244225325,-0.20128417192752845,-0.2055320473068254,0.16224555957858205
trend,tsmom_63,2,PORT,-0.05332895824559728,-0.006299484187895388,-0.013219882322619836,-0.12143789018158013,0.1184971661772922
trend,tsmom_126,1,XTIUSD,0.7631753719627978,0.13782202868150217,0.12173324801738694,-0.1101841069552375,0.16922587067163386
trend,tsmom_126,1,XBRUSD,0.6028512217513771,0.1138203538407041,0.09626775625342021,-0.15915029635735878,0.17884831462716422
trend,tsmom_126,1,XNGUSD,-0.24308510414475937,-0.03647109195581666,-0.04758185147317884,-0.1234619259363895,0.1528273397673241
trend,tsmom_126,1,PORT,0.7330446559781868,0.0901039510919126,0.08261772685324242,-0.09346273586512854,0.11771155902706043
trend,tsmom_126,2,XTIUSD,0.2981114691206197,0.052164467801914416,0.037044434655693737,-0.1163353546235395,0.17058911250430867
trend,tsmom_126,2,XBRUSD,0.9465912751092939,0.18577232538705069,0.1668463317917086,-0.14720557403498158,0.1800692006390226
trend,tsmom_126,2,XNGUSD,-1.547574279243267,-0.21306480725307508,-0.2224436959357422,-0.25399668276327025,0.15475541721827904
trend,tsmom_126,2,PORT,0.13917412100994106,0.016546510047712015,0.009534720977842914,-0.11261117730411374,0.11792165378699261
trend,tsmom_252,1,XTIUSD,0.6082474797867954,0.10749359502199796,0.09205001167231086,-0.12170049764629631,0.1678923940631505
trend,tsmom_252,1,XBRUSD,0.12964467234000646,0.023293195598114602,0.0073526307431022175,-0.18318779295760412,0.17761702982237948
trend,tsmom_252,1,XNGUSD,-0.38366555798092894,-0.055152115482417496,-0.06546221206783676,-0.15315962936054917,0.1478499873314145
trend,tsmom_252,1,PORT,0.2679651574860565,0.03209066640970848,0.024975785373654524,-0.10002752294702777,0.11788285539511263
trend,tsmom_252,2,XTIUSD,0.20224011418435145,0.03472939413841214,0.020136318776003304,-0.14106035446166987,0.1688203668473997
trend,tsmom_252,2,XBRUSD,0.024682090158315084,0.004431690152137513,-0.011502355999390979,-0.16405734855082332,0.17915573185938782
trend,tsmom_252,2,XNGUSD,-1.8529402330145865,-0.24871771666461218,-0.2576942740274527,-0.30006370464341103,0.15424761876233728
trend,tsmom_252,2,PORT,-0.5297466357600946,-0.06327467389342412,-0.07035746629602413,-0.17311483052676457,0.12337351570190998
trend,sma_10_50,1,XTIUSD,1.4892052886465923,0.28190358022719453,0.2642800512591639,-0.09890243533387455,0.1668464112886841
trend,sma_10_50,1,XBRUSD,0.9153845010218482,0.17489605376954698,0.15689179412505494,-0.13716482902642502,0.17613498484142764
trend,sma_10_50,1,XNGUSD,-1.0598143831134355,-0.15182518918401622,-0.16198108245059384,-0.251537850464587,0.15532411421305187
trend,sma_10_50,1,PORT,0.8475953176838316,0.10064443228341013,0.09364963190141573,-0.09366515507538564,0.11316025722228686
trend,sma_10_50,2,XTIUSD,1.6574345502407422,0.3211177319983065,0.30269453867986273,-0.08262509686800568,0.16811045166997227
trend,sma_10_50,2,XBRUSD,1.330428474947791,0.26570082506581727,0.24608619990673586,-0.12167884379629934,0.17718815960701362
trend,sma_10_50,2,XNGUSD,-0.8877319589250112,-0.1312951526455861,-0.14213910586835488,-0.23362541602445186,0.15850793239503055
trend,sma_10_50,2,PORT,1.1889536501341176,0.14766792024583086,0.14002580521408703,-0.09793990296742949,0.11587468855809523
trend,sma_20_100,1,XTIUSD,-0.1769710908861992,-0.029392101020709438,-0.043022867841649215,-0.21666510228065716,0.16856390423526962
trend,sma_20_100,1,XBRUSD,0.25685770408799274,0.047166894632370227,0.03051767203646194,-0.19519325743148952,0.17944774855548748
trend,sma_20_100,1,XNGUSD,-1.3761684511814483,-0.1962014632281026,-0.2061947770179401,-0.21048827664925984,0.1586375554325724
trend,sma_20_100,1,PORT,-0.4447719271204365,-0.05033087940473013,-0.05668220085514053,-0.15488931168596276,0.11609626190501249
trend,sma_20_100,2,XTIUSD,-0.29617466514029883,-0.049058138695451614,-0.06260681276192526,-0.21710948570375765,0.16982321023713876
trend,sma_20_100,2,XBRUSD,0.28861015305766147,0.053307882920843985,0.03646617981567646,-0.19021953699999672,0.1799691676335845
trend,sma_20_100,2,XNGUSD,-1.8461332862229574,-0.2600753409979164,-0.2698220133120791,-0.272566476297219,0.16305809171817426
trend,sma_20_100,2,PORT,-0.7433828057504571,-0.08142740643979862,-0.08737833744666812,-0.1608314416845823,0.1142345912717462
trend,sma_50_200,1,XTIUSD,-0.8895878832160766,-0.1369402688885265,-0.14870531314246338,-0.268267926361475,0.16550175049053334
trend,sma_50_200,1,XBRUSD,0.9736636376701892,0.19192477719263157,0.17283592377916435,-0.14824365507439274,0.18038121962414416
trend,sma_50_200,1,XNGUSD,-0.9300483355245147,-0.14338230408190977,-0.1550238640574152,-0.18585203453812527,0.16635268961918037
trend,sma_50_200,1,PORT,-0.21993991511634825,-0.024512434953181672,-0.030675683601989023,-0.1437433320366478,0.1128337446702869
trend,sma_50_200,2,XTIUSD,-0.5387956115636287,-0.08723701967877673,-0.10025391501431846,-0.2287760936565868,0.16938242628135236
trend,sma_50_200,2,XBRUSD,0.5849463919867736,0.11206692752173075,0.09398113605706504,-0.1472055740349817,0.18162821702226
trend,sma_50_200,2,XNGUSD,-0.7839077460749615,-0.12541801928007423,-0.13793939804572986,-0.17257679892747058,0.17090482672711416
trend,sma_50_200,2,PORT,-0.19889195924187636,-0.02267666859080364,-0.02912824805431724,-0.14119776083884505,0.11532238296240971
trend,ewmac_4_16,1,XTIUSD,0.30564020807390424,0.07482487421570494,0.04542499709820369,-0.13474874705200746,0.2361210027820727
trend,ewmac_4_16,1,XBRUSD,0.7908702076153332,0.21324031484563122,0.17782007619036633,-0.1457326945309898,0.24450140641328086
trend,ewmac_4_16,1,XNGUSD,-1.0582960498278549,-0.20056022537857054,-0.21849751741758605,-0.2429774816705439,0.2114197542442778
trend,ewmac_4_16,1,PORT,0.07249338285591911,0.011885697610951818,-0.0014058529992113655,-0.1401602663784276,0.16299273122534197
trend,ewmac_4_16,2,XTIUSD,0.34280620819974983,0.08409650336187524,0.05458874796255064,-0.12955450800088741,0.23558459673446833
trend,ewmac_4_16,2,XBRUSD,0.7352294970558736,0.19424125132812664,0.16014033186820642,-0.12872988822295672,0.2415212980100233
trend,ewmac_4_16,2,XNGUSD,-1.5951442429272875,-0.27499357037678096,-0.2898418225244369,-0.30387300196506484,0.2014674630087239
trend,ewmac_4_16,2,PORT,-0.10270129860865772,-0.01637486200827265,-0.028956350269232378,-0.16943365765966767,0.16075620477054434
trend,ewmac_8_32,1,XTIUSD,0.6416528600498361,0.16563745213926206,0.13296857301437925,-0.14700013245968357,0.23893718074053577
trend,ewmac_8_32,1,XBRUSD,0.6655064611530384,0.1666344194524454,0.13579789529809227,-0.14323440080833016,0.23165842611770202
trend,ewmac_8_32,1,XNGUSD,-1.7655393859234476,-0.22449381594027606,-0.23249466296044996,-0.2842514763585282,0.1439283190073738
trend,ewmac_8_32,1,PORT,0.18891717819927836,0.028896408067822232,0.017293716115560187,-0.11454942295080761,0.15079830112304496
trend,ewmac_8_32,2,XTIUSD,0.6904309982087838,0.17756105443896475,0.1451360996432034,-0.1470595753119981,0.23680630375884684
trend,ewmac_8_32,2,XBRUSD,0.6417161853132668,0.15932233426360098,0.1289626916046338,-0.1593234674315105,0.23044301440004494
trend,ewmac_8_32,2,XNGUSD,-1.9188272667907378,-0.2398773131919989,-0.2475953649335796,-0.29892547675933134,0.14286133392954067
trend,ewmac_8_32,2,PORT,0.1748595493786393,0.026483794176985542,0.01510292555962156,-0.11928150788153735,0.1494944125361989
trend,ewmac_16_64,1,XTIUSD,0.13632527646488343,0.02900527242343176,0.006561980768482689,-0.20150372881587153,0.20974982459979738
trend,ewmac_16_64,1,XBRUSD,0.0298539868237943,0.006264617896328373,-0.015603514353638048,-0.22341474299958064,0.20918995400792736
trend,ewmac_16_64,1,XNGUSD,-1.3080668701267777,-0.16032769231823485,-0.16774921156314004,-0.23316488608820307,0.13354286788072314
trend,ewmac_16_64,1,PORT,-0.21611443050371734,-0.028654678102667863,-0.0373991638954575,-0.16117129588563228,0.1345192984080093
trend,ewmac_16_64,2,XTIUSD,0.1710412001910236,0.03636537616541724,0.013961990206277086,-0.20585724665357763,0.20885197827647342
trend,ewmac_16_64,2,XBRUSD,0.021046463800086394,0.0044049915510369075,-0.017360871007137568,-0.23650111955838127,0.2088406083953448
trend,ewmac_16_64,2,XNGUSD,-1.2568591997678207,-0.15867486724054092,-0.16654249669934662,-0.23251022665182974,0.13742022552140076
trend,ewmac_16_64,2,PORT,-0.1928788846586549,-0.02564240166445564,-0.0344331509320821,-0.16495206249363903,0.13467290545245567
trend,ewmac_32_128,1,XTIUSD,-0.5395032739955716,-0.08409760215245199,-0.09620400656768135,-0.17674466435473046,0.16279820234831113
trend,ewmac_32_128,1,XBRUSD,-0.7555420196993755,-0.10558090616060833,-0.11530134643014578,-0.2282348887777359,0.14765046337150614
trend,ewmac_32_128,1,XNGUSD,-0.3911288449504511,-0.06448420653907494,-0.07783953553342038,-0.13836271353035556,0.1704002065373832
trend,ewmac_32_128,1,PORT,-0.6091275861117913,-0.06538362165648914,-0.07110604307252666,-0.14142280117474437,0.11099489608614589
trend,ewmac_32_128,2,XTIUSD,-0.5413505245190419,-0.08282208081190212,-0.09447814915039865,-0.17005137322535246,0.1596728373571331
trend,ewmac_32_128,2,XBRUSD,-0.7561699455631204,-0.1045072625995137,-0.11401118026831303,-0.22709005750501166,0.14594205600093213
trend,ewmac_32_128,2,XNGUSD,-0.4127525235546761,-0.06766225897582878,-0.08086366707362092,-0.13386792317802532,0.16971527691851687
trend,ewmac_32_128,2,PORT,-0.6177558332060967,-0.06557256000178935,-0.07116759191201616,-0.13745968251350826,0.10977180890954466
trend,ewmac_64_256,1,XTIUSD,-0.9270694106091296,-0.12753784827800818,-0.1369037287129241,-0.25779772753285235,0.1471293044201742
trend,ewmac_64_256,1,XBRUSD,-1.0200732112895496,-0.11493204986686689,-0.1212421068009284,-0.2206386705463771,0.11965933894379319
trend,ewmac_64_256,1,XNGUSD,-0.47119912758101073,-0.07068762441657472,-0.08177220539888874,-0.1208282573838445,0.15555989101507242
trend,ewmac_64_256,1,PORT,-0.8702935010555494,-0.08381814777115515,-0.08841666734252362,-0.17586573317918586,0.10056975264933499
trend,ewmac_64_256,2,XTIUSD,-1.0185739427644926,-0.1387809034775047,-0.1479644398234734,-0.26754870396252306,0.146638404649574
trend,ewmac_64_256,2,XBRUSD,-1.0847024220350114,-0.12122659486488518,-0.12743333220911912,-0.22596409091479297,0.11910646634048812
trend,ewmac_64_256,2,XNGUSD,-0.5133147334502992,-0.07638746075871317,-0.08729690984687999,-0.1233962130088998,0.15477852642472015
trend,ewmac_64_256,2,PORT,-0.9580877818738999,-0.09158072691844932,-0.09610992510191341,-0.18069324675901854,0.1002318911917795
trend,ewmac_multi_8-64,1,XTIUSD,-0.06278105595174521,-0.011901942544595867,-0.029745966895680986,-0.18433003486665833,0.19071124401064937
trend,ewmac_multi_8-64,1,XBRUSD,-0.10134577156519814,-0.01808258345442859,-0.033908727664268,-0.2010803548246829,0.18005103127292385
trend,ewmac_multi_8-64,1,XNGUSD,-1.181271510389051,-0.16503275457783684,-0.1746711751099943,-0.22160526950532322,0.15263066165995182
trend,ewmac_multi_8-64,1,PORT,-0.38733794298873786,-0.046508101098290844,-0.05367155206155427,-0.14233203379510806,0.12294135169867919
trend,ewmac_multi_8-64,2,XTIUSD,-0.07941205015578186,-0.014852204532377677,-0.032225092161660585,-0.1800876103544562,0.1884242834751843
trend,ewmac_multi_8-64,2,XBRUSD,-0.13209956882720678,-0.023325224688813484,-0.0388335707347115,-0.20382832514282534,0.17865658703850884
trend,ewmac_multi_8-64,2,XNGUSD,-1.2609214827702433,-0.17652094769774163,-0.1861920799862251,-0.22900716371501106,0.15396862301239428
trend,ewmac_multi_8-64,2,PORT,-0.4421538230981511,-0.05264376119667902,-0.05968691830397144,-0.14047168358211515,0.12229743382740055
trend,ewmac_multi_16-64,1,XTIUSD,-0.4555784222851766,-0.07466501084458088,-0.08802367725062343,-0.17883505267812272,0.1703054979206369
trend,ewmac_multi_16-64,1,XBRUSD,-0.49385622826969794,-0.0733981368225134,-0.08439155825305533,-0.20666894856385354,0.1543359420292601
trend,ewmac_multi_16-64,1,XNGUSD,-0.729308434852386,-0.11209131532111727,-0.12373008084565928,-0.17296524427608928,0.16297402989581294
trend,ewmac_multi_16-64,1,PORT,-0.5890166719742477,-0.06482581551554756,-0.07084022104457477,-0.1382665550725931,0.11377192655862729
trend,ewmac_multi_16-64,2,XTIUSD,-0.4789942739764936,-0.07738189652810301,-0.09035905015859014,-0.17304566185479975,0.16811686732156395
trend,ewmac_multi_16-64,2,XBRUSD,-0.5470397512922831,-0.0801394038217893,-0.09082277489102564,-0.208327805002835,0.15267501645224796
trend,ewmac_multi_16-64,2,XNGUSD,-0.7336622793257025,-0.11268476182297082,-0.12430269037320307,-0.16855053441986012,0.16291774784569524
trend,ewmac_multi_16-64,2,PORT,-0.6245304308652075,-0.06806596823431654,-0.07396356461908771,-0.1359402718136118,0.11285821456656546
trend,breakout_20,1,XTIUSD,0.7698805551299867,0.17718417779865558,0.1511461330806816,-0.11682257541662033,0.21195249626944912
trend,breakout_20,1,XBRUSD,1.0168674013747947,0.22804919000827817,0.20336657141998415,-0.11356261833649173,0.20210170861793947
trend,breakout_20,1,XNGUSD,-1.3216814300637851,-0.2001298992079622,-0.21160536447986622,-0.24193076887081177,0.1688811108950763
trend,breakout_20,1,PORT,0.3832315886778672,0.053808555850557216,0.04402943775452339,-0.10424169813272355,0.1367743419759966
trend,breakout_20,2,XTIUSD,0.8439989078512682,0.19327707306518782,0.16751387192361622,-0.11209926416245675,0.20943786838331865
trend,breakout_20,2,XBRUSD,1.0335939539504388,0.23168583753863414,0.20701054169190658,-0.10184584422800613,0.20169430357681645
trend,breakout_20,2,XNGUSD,-1.6098654694431698,-0.23900451884424878,-0.2499916485253323,-0.2677448236720801,0.16956690125190302
trend,breakout_20,2,PORT,0.3466554620715233,0.0481315089412917,0.03856740511446688,-0.1228288827624252,0.13562010036140362
trend,breakout_40,1,XTIUSD,1.0668252421464806,0.2628870418910847,0.23317530238127127,-0.12064958971112694,0.21888170055768846
trend,breakout_40,1,XBRUSD,1.1438297845645624,0.27689178646094015,0.24822740882237615,-0.1419228284254388,0.21379703276361245
trend,breakout_40,1,XNGUSD,-1.5592200924418107,-0.20245621968417993,-0.2108177573156561,-0.26646177184481046,0.1450193227946178
trend,breakout_40,1,PORT,0.6907902258666693,0.10068202040870622,0.09017480244805975,-0.10953451410289905,0.13889638852674518
trend,breakout_40,2,XTIUSD,1.1547508090450491,0.2898811589829937,0.2591034302744173,-0.12122085637243962,0.22054861846077412
trend,breakout_40,2,XBRUSD,1.177042601090529,0.28681468384165365,0.2577890388705739,-0.14679292707693448,0.21434750050152263
trend,breakout_40,2,XNGUSD,-1.599353682421654,-0.2187295697653714,-0.22803920732222116,-0.28556527546547217,0.1542579873758201
trend,breakout_40,2,PORT,0.7225638922445878,0.1070167531526589,0.09617141375305538,-0.10840704274210022,0.1407339894879567
trend,breakout_80,1,XTIUSD,0.25702783073504243,0.05731928880715009,0.03285305241735448,-0.21699180304759424,0.2168749438447729
trend,breakout_80,1,XBRUSD,0.27426654273007484,0.06144440264510176,0.0367536007490592,-0.23258339212049817,0.21744424134332874
trend,breakout_80,1,XNGUSD,-1.3907360571708334,-0.16463637490902727,-0.1715698940146263,-0.22724970740403416,0.1293012993092785
trend,breakout_80,1,PORT,-0.010271413040393671,-0.0014361200638710603,-0.011110832566464723,-0.17469159600596817,0.13991728002699255
trend,breakout_80,2,XTIUSD,0.30394002448222235,0.06849308625984785,0.043521285852145875,-0.2140892039623975,0.217997068342382
trend,breakout_80,2,XBRUSD,0.2847784026307629,0.06439208305623945,0.03925251943750685,-0.2372670972330897,0.21915829597803319
trend,breakout_80,2,XNGUSD,-1.3244046925489115,-0.16162005211337827,-0.16898660471354798,-0.22646905126989147,0.13305769712466833
trend,breakout_80,2,PORT,0.033900373525914906,0.00479899366672587,-0.005115405833826081,-0.17274076639999358,0.14122442275631655
trend,breakout_160,1,XTIUSD,-0.8844158498259997,-0.12704793517731228,-0.1372763513690013,-0.21310560509380938,0.1535906542594724
trend,breakout_160,1,XBRUSD,-0.7315478512907571,-0.10195071052947158,-0.11159763840497128,-0.17412479232938693,0.14695878772984092
trend,breakout_160,1,XNGUSD,-0.9585402893001942,-0.1447733780409689,-0.1560160268561538,-0.19354328588756498,0.16310245414983995
trend,breakout_160,1,PORT,-1.0277396654361477,-0.10540298942571813,-0.11061642224332091,-0.13350390376881327,0.10835167897590292
trend,breakout_160,2,XTIUSD,-0.9467442192877439,-0.13451567734905034,-0.14451601131738812,-0.2209614611846693,0.15254871753957916
trend,breakout_160,2,XBRUSD,-0.7622228405322938,-0.10560332811745143,-0.11513739564363812,-0.17417880622388127,0.14638919397830422
trend,breakout_160,2,XNGUSD,-0.9599331172851562,-0.1451736056689068,-0.1564437597799314,-0.19413101090931484,0.16335312107938363
trend,breakout_160,2,PORT,-1.068244159677011,-0.1090884207262377,-0.11425641497732297,-0.1381058357333761,0.10810602022486941
trend,breakout_320,1,XTIUSD,-1.5927885063324254,-0.22264752037521984,-0.23229440712600247,-0.32120774733347424,0.15804707859181094
trend,breakout_320,1,XBRUSD,-1.9296500878848077,-0.20313083575772473,-0.20862425505526727,-0.24876699522787804,0.11761847791665438
trend,breakout_320,1,XNGUSD,-0.6916273494231462,-0.09827922134934375,-0.10823744264031265,-0.14502274148132943,0.1495445976619629
trend,breakout_320,1,PORT,-1.6642911396266307,-0.16025438570415074,-0.16484380603768267,-0.21788188248100404,0.10490698263871398
trend,breakout_320,2,XTIUSD,-1.656824753123866,-0.2355443614337871,-0.24552616918452874,-0.33418492923544263,0.1620257030232845
trend,breakout_320,2,XBRUSD,-1.9820477854386753,-0.21146549563178918,-0.217107914565158,-0.25838402856681875,0.11980899715283631
trend,breakout_320,2,XNGUSD,-0.7093619311307937,-0.10035471172589394,-0.11022760036338708,-0.14520210485500928,0.14905300856019477
trend,breakout_320,2,PORT,-1.7268560193321794,-0.16824590726326039,-0.17294542030902282,-0.22609025270929783,0.10663953659668506
trend,breakout_multi,1,XTIUSD,0.09155665618587035,0.016814451546735887,6.859322393570899e-05,-0.15281226134521142,0.18212990672508542
trend,breakout_multi,1,XBRUSD,0.3480336338113269,0.06448246171436156,0.04747005237017099,-0.14126071291181264,0.1795702250494698
trend,breakout_multi,1,XNGUSD,-1.7496937707424742,-0.2134619526261785,-0.22083343288771695,-0.2331353084442397,0.13716675909327536
trend,breakout_multi,1,PORT,-0.27503873943039375,-0.03190102422710139,-0.038584668325311156,-0.11723484947569984,0.1178701729010973
trend,breakout_multi,2,XTIUSD,0.11032348861780716,0.02016458918730346,0.003587892406618831,-0.14883348632042248,0.1809656972638668
trend,breakout_multi,2,XBRUSD,0.31495941661237603,0.05819652443402967,0.04127027265541394,-0.14522114296428434,0.17961811335444125
trend,breakout_multi,2,XNGUSD,-1.9445185841581436,-0.24073538320717225,-0.24832679586789974,-0.2562422088369528,0.14155405294770204
trend,breakout_multi,2,PORT,-0.3577116801839001,-0.04153633733568374,-0.04823158610947931,-0.11517601101006159,0.11858728532324671
trend,donchian_20_10,1,XTIUSD,0.844659867040237,0.1381769206485064,0.12495425023003226,-0.11012263001088929,0.15327001775552038
trend,donchian_20_10,1,XBRUSD,1.7620555046007866,0.32226154688129083,0.3058650845810078,-0.0798668544961677,0.15862068317917846
trend,donchian_20_10,1,XNGUSD,-0.8533031873266167,-0.11013816001958743,-0.11841848631383656,-0.14617307193685514,0.1367181719727484
trend,donchian_20_10,1,PORT,0.9517433470577729,0.10296758309824594,0.09716683735593712,-0.06203075038842509,0.10299353297686735
trend,donchian_20_10,2,XTIUSD,0.8698726795933077,0.145633525022278,0.13180588801251414,-0.13105803118220394,0.15633835430728138
trend,donchian_20_10,2,XBRUSD,1.7765259987768312,0.3286615488158866,0.311893474511727,-0.08247036199160873,0.16004965163635726
trend,donchian_20_10,2,XNGUSD,-1.434479727935217,-0.1760677338108162,-0.18356626631499262,-0.2206710818766422,0.1349566330830314
trend,donchian_20_10,2,PORT,0.8431598752906285,0.0946303225904539,0.08838886558600167,-0.06855034243800606,0.10725477636235256
trend,donchian_55_20,1,XTIUSD,1.0309030458724862,0.16227081678257438,0.15003195417933535,-0.06963790325497587,0.145911459357094
trend,donchian_55_20,1,XBRUSD,1.2747438383145488,0.2131289543360706,0.19934807989091352,-0.06993695330438066,0.1516202784710258
trend,donchian_55_20,1,XNGUSD,-1.3987759041781103,-0.1453953086153974,-0.15076569731577238,-0.14800761709234356,0.11228910701089431
trend,donchian_55_20,1,PORT,0.7324614995241385,0.07435893287405237,0.0692478835384358,-0.06591864087400312,0.09793600107118054
trend,donchian_55_20,2,XTIUSD,1.0552727207982413,0.16946129658275755,0.15674218812286278,-0.07495776082670913,0.14838992998265457
trend,donchian_55_20,2,XBRUSD,1.174503998060808,0.19556953621393602,0.18189875947618428,-0.07008920876086033,0.15213740618624833
trend,donchian_55_20,2,XNGUSD,-1.663760220899846,-0.15956901720751748,-0.16415411909909827,-0.18747750807529806,0.10445044560076934
trend,donchian_55_20,2,PORT,0.6468393956826733,0.06552735454703651,0.0604356145896221,-0.05961662824574965,0.09813539371396118
trend,donchian_100_50,1,XTIUSD,0.8248737815353916,0.11961702720012402,0.10921741853170008,-0.06785690259332322,0.1370052273402906
trend,donchian_100_50,1,XBRUSD,-0.3541395473463819,-0.05567346306680321,-0.0679030860176928,-0.2148568402609431,0.16173498595002903
trend,donchian_100_50,1,XNGUSD,0.6357445315114623,0.0919588066958481,0.08170339832411844,-0.0795036972151929,0.1384023093191163
trend,donchian_100_50,1,PORT,0.5656001854187113,0.05786724109111363,0.052675474485318174,-0.1080475849269179,0.09947154448196141
trend,donchian_100_50,2,XTIUSD,0.9590932416908958,0.14555971811560697,0.13419323742193456,-0.07794336734330343,0.1417276192819958
trend,donchian_100_50,2,XBRUSD,-0.31338303770083725,-0.04921126787314167,-0.061406609983602034,-0.2198770632091831,0.16101172075629297
trend,donchian_100_50,2,XNGUSD,0.5545996558447926,0.08347462483280377,0.0723850977236804,-0.1194239361012106,0.14458335130736844
trend,donchian_100_50,2,PORT,0.62345057091406,0.06546467998493144,0.05999919730023118,-0.10967783932411901,0.1017225822790968
trend,trend_combo,1,XTIUSD,-0.14463399981565217,-0.02556113267198179,-0.04107522680200271,-0.16508596227960282,0.17901851655911163
trend,trend_combo,1,XBRUSD,-0.054691295060179605,-0.00932126721945259,-0.02375902022949472,-0.18194949278222128,0.17123032235751973
trend,trend_combo,1,XNGUSD,-1.4409126070635547,-0.18435707411272417,-0.19245427061069742,-0.21834532583308242,0.14136613109851176
trend,trend_combo,1,PORT,-0.4865742397957015,-0.05515192064459773,-0.061532644182592744,-0.1334274471071052,0.1165798291057309
trend,trend_combo,2,XTIUSD,-0.14489323065443077,-0.025388430140594997,-0.04063549480414397,-0.16081527834047604,0.17747526935744803
trend,trend_combo,2,XBRUSD,-0.10778378122745198,-0.018251688440209635,-0.03250830657453796,-0.18683391770529278,0.1708942841839365
trend,trend_combo,2,XNGUSD,-1.5085620170198306,-0.195307354242928,-0.20359413430721196,-0.22637727720082457,0.14397898183901198
trend,trend_combo,2,PORT,-0.5407267909735191,-0.0611611164522351,-0.0675131962964457,-0.13086187516685321,0.11670125533126986
trend,trend_combo+vol_overlay,1,XTIUSD,0.02943917008267303,0.004154944847952757,-0.005718184583023755,-0.10113893468171875,0.14084537709171427
trend,trend_combo+vol_overlay,1,XBRUSD,-0.1998962928206974,-0.024725521747822943,-0.03235694894977292,-0.12684776958058086,0.1252403806398178
trend,trend_combo+vol_overlay,1,XNGUSD,-1.3679155729328718,-0.17311448317223432,-0.1810422266651054,-0.2075851530987497,0.13891014408430286
trend,trend_combo+vol_overlay,1,PORT,-0.5077251836527598,-0.047190126275500344,-0.05148007810177646,-0.09391390597004234,0.095199654450986
trend,trend_combo+vol_overlay,2,XTIUSD,0.05540352575697716,0.007819874673094418,-0.002055333615713195,-0.09785908339879379,0.14059715881539706
trend,trend_combo+vol_overlay,2,XBRUSD,-0.29952687519845095,-0.03685326341710515,-0.044405174602083375,-0.132193006557493,0.1253533824591383
trend,trend_combo+vol_overlay,2,XNGUSD,-1.4187301993549652,-0.18232073233146373,-0.1904922090090978,-0.21389029123047698,0.14182030225803718
trend,trend_combo+vol_overlay,2,PORT,-0.5724607383083525,-0.053309432890112474,-0.057614612678640986,-0.09265617685598004,0.09568697365298096
mean_reversion,reversal_1d,1,XTIUSD,-1.280546432197328,-0.19173379201780405,-0.2027948931130259,-0.20550096363861314,0.16615870114211165
mean_reversion,reversal_1d,1,XBRUSD,-0.7816557528840449,-0.12798018025229174,-0.14121090737660213,-0.18749568219913437,0.17514861667779882
mean_reversion,reversal_1d,1,XNGUSD,-0.6255928806722787,-0.09261421906771994,-0.10347571923100174,-0.2098562845460613,0.1553228089420869
mean_reversion,reversal_1d,1,PORT,-1.0610418583119114,-0.11683445389017444,-0.12284937152405495,-0.12989966818844123,0.11706606213244007
mean_reversion,reversal_1d,2,XTIUSD,-0.38340161099805437,-0.06228510748482263,-0.07533256585619974,-0.15219248328385682,0.1677121896233981
mean_reversion,reversal_1d,2,XBRUSD,-0.3595341304648982,-0.0615458898547071,-0.07604217639465183,-0.15313064203551985,0.17665448310451026
mean_reversion,reversal_1d,2,XNGUSD,0.22876608129217912,0.03641678131587067,0.023862282661527123,-0.1387084855344729,0.15636889878167287
mean_reversion,reversal_1d,2,PORT,-0.23065655130579304,-0.02563773894530652,-0.03176302568425993,-0.09553713475335379,0.11259500207564488
mean_reversion,reversal_2d,1,XTIUSD,-0.3286795669941601,-0.053270643225886816,-0.06625025233840143,-0.143342899711149,0.1665332343712593
mean_reversion,reversal_2d,1,XBRUSD,-1.0301474334603717,-0.16510529757581272,-0.17780188153662901,-0.2225335841691679,0.17510607629302027
mean_reversion,reversal_2d,1,XNGUSD,0.4495000479906881,0.07327889103897967,0.06012994863792165,-0.12965067577732947,0.15734875001374254
mean_reversion,reversal_2d,1,PORT,-0.33614627477212594,-0.038563917409474846,-0.04509099735436084,-0.0888330331404108,0.11698515596410926
mean_reversion,reversal_2d,2,XTIUSD,-0.3398021985611403,-0.05537142951306062,-0.0685187476821717,-0.16633260044631382,0.16761821557324477
mean_reversion,reversal_2d,2,XBRUSD,-0.4364554940517109,-0.07425954557300596,-0.08860183281180056,-0.17950104617371787,0.1767638612147753
mean_reversion,reversal_2d,2,XNGUSD,1.606115218816294,0.29199924465623583,0.2757481504657533,-0.09216275987705602,0.15959072396272428
mean_reversion,reversal_2d,2,PORT,0.4029820891823101,0.048078841111190096,0.04101518238744384,-0.09529654204878735,0.11653914634865295
mean_reversion,reversal_3d,1,XTIUSD,-1.2351208328610526,-0.18561703905193128,-0.19676665999801435,-0.2632616074908146,0.16617073059065762
mean_reversion,reversal_3d,1,XBRUSD,-1.4391772526366144,-0.2226586386262539,-0.23447191641169773,-0.2833396740746743,0.17492623532535528
mean_reversion,reversal_3d,1,XNGUSD,0.2565128437331402,0.04106031128082255,0.02835730292829375,-0.1649908266856419,0.156884685449351
mean_reversion,reversal_3d,1,PORT,-1.0026814965926751,-0.11061143180337873,-0.11664461065266885,-0.16274716583450022,0.1168803808165237
mean_reversion,reversal_3d,2,XTIUSD,0.19159802380969768,0.03264037803818853,0.01825641664000366,-0.18612425421757772,0.16764809105770326
mean_reversion,reversal_3d,2,XBRUSD,0.07598649240437223,0.01351625885600738,-0.002159143443051459,-0.19961389364393345,0.1766904391455291
mean_reversion,reversal_3d,2,XNGUSD,0.5646996351694142,0.0944900754939264,0.08061528003626317,-0.15356680257170052,0.1599164250970033
mean_reversion,reversal_3d,2,PORT,0.5632576014003552,0.06761620223463627,0.060463802672225286,-0.10667158423415324,0.1161756345582376
mean_reversion,reversal_5d,1,XTIUSD,-0.7578363978635627,-0.11853818302827834,-0.1306463348200705,-0.22562162751040615,0.1664501900714322
mean_reversion,reversal_5d,1,XBRUSD,-0.15794266845835045,-0.027329083862813408,-0.04215672358082356,-0.2724577149544628,0.17543040506223953
mean_reversion,reversal_5d,1,XNGUSD,-0.21297603209306393,-0.03298371178354054,-0.04485862666852347,-0.16372749890121996,0.15747174632860095
mean_reversion,reversal_5d,1,PORT,-0.3412017012233704,-0.038040932349415635,-0.044215550412437965,-0.16615733337007066,0.11365826732398857
mean_reversion,reversal_5d,2,XTIUSD,0.22832489316341747,0.038993502397816515,0.02455089123389298,-0.20525065801223485,0.16754792384559006
mean_reversion,reversal_5d,2,XBRUSD,0.4384463260343189,0.08045532121432553,0.06381634556818838,-0.2014778862081359,0.17651973273894903
mean_reversion,reversal_5d,2,XNGUSD,0.08896956232128636,0.014132806913502938,0.0016344445098508409,-0.16316733154250607,0.15774226931271498
mean_reversion,reversal_5d,2,PORT,0.4891412745693934,0.05869374241631031,0.05155607189388789,-0.1320471406063456,0.11661719774650618
mean_reversion,reversal_10d,1,XTIUSD,-0.7914844013087028,-0.12330998135455895,-0.13530822923855834,-0.24617893595384965,0.16622873197931495
mean_reversion,reversal_10d,1,XBRUSD,-0.8134156111448209,-0.1328086380877972,-0.14601905784777003,-0.2571364230056917,0.17513227824252395
mean_reversion,reversal_10d,1,XNGUSD,1.0034639011289088,0.17058929493413544,0.15634723569173858,-0.10185620037498,0.15701265016285912
mean_reversion,reversal_10d,1,PORT,-0.16219613755631165,-0.018641005627777596,-0.02520020044766802,-0.15879745722004612,0.11600915258374182
mean_reversion,reversal_10d,2,XTIUSD,-0.792846060209976,-0.1244002539757848,-0.13658916184923964,-0.21253154362535065,0.16751195485668713
mean_reversion,reversal_10d,2,XBRUSD,-0.9726316052095403,-0.15772372470883111,-0.17074871064894093,-0.2662255335236168,0.17641700632282697
mean_reversion,reversal_10d,2,XNGUSD,1.302895784729581,0.2325561596185557,0.21686623812580064,-0.09489097819661574,0.16054772870269554
mean_reversion,reversal_10d,2,PORT,-0.12583687710115196,-0.014707935724015853,-0.02150038376034835,-0.14376335813617436,0.11774556507948354
mean_reversion,rsi2_connors_trendfilter,1,XTIUSD,0.19767842866173607,0.013582968242748628,0.011234432373956382,-0.06394166924926248,0.06825179612445127
mean_reversion,rsi2_connors_trendfilter,1,XBRUSD,-1.0544103606403707,-0.08621770916667493,-0.08955982906868887,-0.1664421706715531,0.08549498881590673
mean_reversion,rsi2_connors_trendfilter,1,XNGUSD,1.0321736345159935,0.08181582138992449,0.07874770099592254,-0.047582536438769085,0.07620153691796905
mean_reversion,rsi2_connors_trendfilter,1,PORT,0.3275088726310817,0.017730397529983177,0.0162760178969672,-0.07076865144003097,0.0536646850382243
mean_reversion,rsi2_connors_trendfilter,2,XTIUSD,1.5792441069604761,0.10394331201845008,0.10180080172877348,-0.051798619439407,0.06262996551188958
mean_reversion,rsi2_connors_trendfilter,2,XBRUSD,-0.7145492664900884,-0.061257237392658204,-0.06492524046793491,-0.16560226716885118,0.08845556300945345
mean_reversion,rsi2_connors_trendfilter,2,XNGUSD,0.7400869071407797,0.05876755676975054,0.055687760755154914,-0.05086825428036834,0.07716934275494179
mean_reversion,rsi2_connors_trendfilter,2,PORT,0.8885541491583717,0.04784484972476899,0.0464063834377062,-0.06463865887262854,0.05260215693703681
mean_reversion,rsi2_connors_nofilter,1,XTIUSD,-0.5672347556683156,-0.07291440809468164,-0.08111991052361145,-0.17043596701610775,0.1334509443739027
mean_reversion,rsi2_connors_nofilter,1,XBRUSD,-1.4867842321993636,-0.18584318842975733,-0.193602537813665,-0.24490003000194005,0.1382301702344899
mean_reversion,rsi2_connors_nofilter,1,XNGUSD,0.5871604271009969,0.08095368023967953,0.07154893669421258,-0.1018565823065859,0.13259700328331248
mean_reversion,rsi2_connors_nofilter,1,PORT,-0.5243448677496284,-0.049139995721151464,-0.05350765464707086,-0.12237470786886318,0.09608828460116028
mean_reversion,rsi2_connors_nofilter,2,XTIUSD,0.131047863064546,0.01836931224426186,0.008609967035771326,-0.16791069564705408,0.13890567542833746
mean_reversion,rsi2_connors_nofilter,2,XBRUSD,-0.798085309549369,-0.10722121539386631,-0.11618356569211297,-0.2113985854564231,0.14207871071913078
mean_reversion,rsi2_connors_nofilter,2,XNGUSD,0.49878727427941627,0.07111774970215734,0.06104494281177142,-0.09331485051304234,0.13775831646961467
mean_reversion,rsi2_connors_nofilter,2,PORT,0.06460276782123553,0.00641705290282224,0.0015109654459537492,-0.12458106815822656,0.09901483601234064
mean_reversion,zfade_10_2.0,1,XTIUSD,-1.2203603432173846,-0.11632973967383775,-0.12086515695008504,-0.1911174160220248,0.1013151188124063
mean_reversion,zfade_10_2.0,1,XBRUSD,-1.1447128000873217,-0.12049578672616912,-0.12603338657619845,-0.1905215985342501,0.11213661624676147
mean_reversion,zfade_10_2.0,1,XNGUSD,-0.02636112732464572,-0.0025909555615782898,-0.007389618912679197,-0.10190382579059343,0.09841402114327319
mean_reversion,zfade_10_2.0,1,PORT,-1.0797340592283629,-0.0765492254663176,-0.07905699411468703,-0.13294134833867433,0.07374519760912222
mean_reversion,zfade_10_2.0,2,XTIUSD,-0.5837031075179349,-0.06038288662582236,-0.06572721611456722,-0.1798057234283419,0.10668971263613594
mean_reversion,zfade_10_2.0,2,XBRUSD,-0.4205577401351127,-0.04578535172161047,-0.05170503400876936,-0.16861651323107518,0.11142887728990235
mean_reversion,zfade_10_2.0,2,XNGUSD,0.1881962744948945,0.019797245686732134,0.01428680497226864,-0.09220805483971728,0.10417098527074056
mean_reversion,zfade_10_2.0,2,PORT,-0.3459680056850473,-0.02569027604351548,-0.028442348176262455,-0.11084027597909651,0.07522282352081143
mean_reversion,zcontinuous_10,1,XTIUSD,-0.7503364584218405,-0.07661557810611186,-0.08180780179393543,-0.14757356974538205,0.10621506320406046
mean_reversion,zcontinuous_10,1,XBRUSD,-0.9320410279886492,-0.09324196069185653,-0.09822434575203143,-0.1675146394754411,0.10499605225079084
mean_reversion,zcontinuous_10,1,XNGUSD,-0.0026360174960043527,-0.00027554750348246504,-0.005737168446746876,-0.12108088546008511,0.10454609022670694
mean_reversion,zcontinuous_10,1,PORT,-0.6060026309034622,-0.04396882544317793,-0.04658981019251851,-0.10637398352477145,0.07419232767798035
mean_reversion,zcontinuous_10,2,XTIUSD,-0.14063517530166336,-0.01531290512574568,-0.021211020239548684,-0.12887731969809568,0.10972280554288895
mean_reversion,zcontinuous_10,2,XBRUSD,-0.6448392976344492,-0.06674942857960009,-0.07208786974678594,-0.14543090051798202,0.10711518551173453
mean_reversion,zcontinuous_10,2,XNGUSD,0.6226912191062315,0.07378273957027592,0.06676810734645144,-0.1040660692445039,0.11433875798459142
mean_reversion,zcontinuous_10,2,PORT,0.05106460276449332,0.003998260006907728,0.0009462804105964118,-0.10132158439134764,0.07814257985784191
mean_reversion,zfade_20_2.0,1,XTIUSD,0.6981866235776324,0.08480961174190993,0.07749215806049414,-0.1193003100901725,0.11661301636540977
mean_reversion,zfade_20_2.0,1,XBRUSD,-1.1129565740925313,-0.13094686435733005,-0.13783354206429455,-0.19110227896101084,0.12607134567023942
mean_reversion,zfade_20_2.0,1,XNGUSD,0.5953751665982612,0.06020828986686477,0.0550997363614365,-0.08044917752533942,0.09821063196104853
mean_reversion,zfade_20_2.0,1,PORT,-0.029692859253327666,-0.0023292467574775877,-0.005392694208105953,-0.08854434817906232,0.07853581437800879
mean_reversion,zfade_20_2.0,2,XTIUSD,0.3647008481941863,0.04338620353772149,0.03635263410052669,-0.11272753189913143,0.1164652298848704
mean_reversion,zfade_20_2.0,2,XBRUSD,-0.9023898601063682,-0.10794520237843463,-0.1150610552739344,-0.19196900484060486,0.12655486958160952
mean_reversion,zfade_20_2.0,2,XNGUSD,0.816133482586278,0.08177694978458039,0.07678578725349539,-0.056063593760884545,0.0963289404505759
mean_reversion,zfade_20_2.0,2,PORT,0.00872825449447502,0.0007027488221240663,-0.0025275663387288594,-0.09141109078308629,0.0804860799370866
mean_reversion,zcontinuous_20,1,XTIUSD,-0.9248929120772071,-0.10489758959617324,-0.11128910116697743,-0.16757733718071555,0.11978984636516242
mean_reversion,zcontinuous_20,1,XBRUSD,-1.340392171635503,-0.14866925628044936,-0.15479104718707326,-0.2151891731589778,0.12004186961493508
mean_reversion,zcontinuous_20,1,XNGUSD,0.4871540829522996,0.05428790750845103,0.04810790337096793,-0.09311165362139573,0.10853058048986078
mean_reversion,zcontinuous_20,1,PORT,-0.8373171468231755,-0.06657227488157191,-0.06971960935660093,-0.12438003866412362,0.0822655153482849
mean_reversion,zcontinuous_20,2,XTIUSD,-0.5925747643210095,-0.0695022868610089,-0.07634328072305552,-0.15794331424606933,0.12154646128040596
mean_reversion,zcontinuous_20,2,XBRUSD,-1.1212716352101568,-0.12625035346576352,-0.1325594333227037,-0.20468797662534277,0.12033235493848427
mean_reversion,zcontinuous_20,2,XNGUSD,0.9506972759610912,0.11182225137669222,0.10496194449902685,-0.07335686439952205,0.11152091918959067
mean_reversion,zcontinuous_20,2,PORT,-0.41298251783227574,-0.03392020661041184,-0.037281148946938125,-0.11537348273546877,0.08355434462205719
mean_reversion,zfade_50_2.0,1,XTIUSD,-0.7307072760271782,-0.08919106678636979,-0.09658321732334252,-0.19825904589110177,0.12782796215745865
mean_reversion,zfade_50_2.0,1,XBRUSD,-1.0180637370239543,-0.1312227838855975,-0.1394579614914817,-0.24836850969301483,0.13813408305139202
mean_reversion,zfade_50_2.0,1,XNGUSD,0.39107174234009506,0.038616376627660154,0.03377053786872697,-0.09459263823178188,0.09689339514068049
mean_reversion,zfade_50_2.0,1,PORT,-0.7191676186278071,-0.06160261299989811,-0.06525098293939668,-0.14763741392956997,0.08839906593162092
mean_reversion,zfade_50_2.0,2,XTIUSD,-0.8467383898332691,-0.10395741553367766,-0.11144736118299847,-0.22060353594911586,0.1296072531172848
mean_reversion,zfade_50_2.0,2,XBRUSD,-1.1743705618835178,-0.15146504485991275,-0.1597111112194869,-0.261555510126799,0.13981148006246985
mean_reversion,zfade_50_2.0,2,XNGUSD,0.7356584939939942,0.06857633431540866,0.06427500697372479,-0.09489097819661607,0.09017222520849123
mean_reversion,zfade_50_2.0,2,PORT,-0.8977899533645953,-0.07663922430756376,-0.08026479385133922,-0.1639664536733837,0.08879876019112842
mean_reversion,zcontinuous_50,1,XTIUSD,-1.0228616177263714,-0.12161254411433742,-0.12862696557161268,-0.19515112457275385,0.12673672763909263
mean_reversion,zcontinuous_50,1,XBRUSD,-1.2979332285585479,-0.15572573845701365,-0.16286567483915992,-0.2341287146601223,0.13037730800075129
mean_reversion,zcontinuous_50,1,XNGUSD,0.7183643950355545,0.08003613153582356,0.0738615419679951,-0.0783554588714036,0.10719665345264881
mean_reversion,zcontinuous_50,1,PORT,-0.8868109458634024,-0.07257192249758071,-0.07590388278311078,-0.14615981056432414,0.0849434384059175
mean_reversion,zcontinuous_50,2,XTIUSD,-0.8735228835684208,-0.10472085158846633,-0.11186175090363448,-0.19746469657048693,0.12660851603975845
mean_reversion,zcontinuous_50,2,XBRUSD,-1.0713645055139505,-0.1305680639314729,-0.13793353245143936,-0.22515966891613914,0.13055910691853442
mean_reversion,zcontinuous_50,2,XNGUSD,1.4541588171473634,0.165054339553371,0.15867990619618966,-0.08067698141732804,0.10508758905426985
mean_reversion,zcontinuous_50,2,PORT,-0.433139446948667,-0.03657428887402292,-0.04012304726825544,-0.14155404211474332,0.08601650824867135
mean_reversion,shock_reversal_2.0_1d,1,XTIUSD,-1.1394514976545607,-0.06116247613094239,-0.0626211121356518,-0.08283447712979253,0.05538185988765147
mean_reversion,shock_reversal_2.0_1d,1,XBRUSD,0.09825942314298525,0.005004241744544169,0.0037017412393871574,-0.04672347357533213,0.050802370134147276
mean_reversion,shock_reversal_2.0_1d,1,XNGUSD,-1.1522596205442783,-0.08113580281231136,-0.08365167988455102,-0.1292217373368043,0.07342332717401573
mean_reversion,shock_reversal_2.0_1d,1,PORT,-1.1749930036940746,-0.04554189946106424,-0.04629591515082432,-0.0691769534723643,0.03966595790700536
mean_reversion,shock_reversal_2.0_1d,2,XTIUSD,0.5682742090377347,0.03464482814957148,0.032800876263002765,-0.047815415574111175,0.059936748296276245
mean_reversion,shock_reversal_2.0_1d,2,XBRUSD,-0.8361352574891998,-0.04648497146691721,-0.04803985718914461,-0.060039733706597986,0.056923323002477405
mean_reversion,shock_reversal_2.0_1d,2,XNGUSD,-0.6948361248711445,-0.05252909405398565,-0.0554366792970703,-0.09214306792675397,0.07764891628593552
mean_reversion,shock_reversal_2.0_1d,2,PORT,-0.5545848639603954,-0.022076320572437136,-0.022869306668413136,-0.04431987022577144,0.04025111770436426
mean_reversion,shock_continuation_2.0_1d,1,XTIUSD,0.9700821020439152,0.055006015365137495,0.05343255400249669,-0.02922891022872498,0.05520373781449519
mean_reversion,shock_continuation_2.0_1d,1,XBRUSD,-0.2790291766975954,-0.014056097896085085,-0.015308949386202197,-0.0483941324969277,0.05073097730213499
mean_reversion,shock_continuation_2.0_1d,1,XNGUSD,1.050256780130655,0.08001983333181228,0.07719066105461359,-0.05546655607692963,0.07330699064682455
mean_reversion,shock_continuation_2.0_1d,1,PORT,0.9522574681540386,0.03838633242057399,0.03758382642392877,-0.026335291153172125,0.03955938530145838
mean_reversion,shock_continuation_2.0_1d,2,XTIUSD,-0.7271209583537254,-0.04272761813298975,-0.044451811007163444,-0.0756248098913217,0.060049877247846266
mean_reversion,shock_continuation_2.0_1d,2,XBRUSD,0.67186939875695,0.038886942499662513,0.03723714371804099,-0.023720923560767382,0.05678600688760039
mean_reversion,shock_continuation_2.0_1d,2,XNGUSD,0.6005726457263356,0.04769742233847074,0.04462905109581805,-0.03314963892731515,0.07759116796237721
mean_reversion,shock_continuation_2.0_1d,2,PORT,0.3337449230082708,0.013535759456929641,0.012720873235634755,-0.028793622366240723,0.040286240079285406
mean_reversion,shock_reversal_2.5_3d,1,XTIUSD,-0.2175311776037634,-0.016068293043554283,-0.01880423170969525,-0.10185567473855273,0.07446411770116163
mean_reversion,shock_reversal_2.5_3d,1,XBRUSD,0.09287312730446011,0.006667392060171196,0.00408438689233237,-0.08036476640239953,0.07155300052610138
mean_reversion,shock_reversal_2.5_3d,1,XNGUSD,-0.42701923180335827,-0.037091241236704486,-0.040873863710286784,-0.10718487586259917,0.08850604698296799
mean_reversion,shock_reversal_2.5_3d,1,PORT,-0.3009766983366457,-0.015450567282052186,-0.01676953386848734,-0.06908518556145382,0.05173387241282341
mean_reversion,shock_reversal_2.5_3d,2,XTIUSD,-1.1637765851733117,-0.08699481203998882,-0.08980497082008432,-0.10270338765080989,0.07819136740686276
mean_reversion,shock_reversal_2.5_3d,2,XBRUSD,-0.7370441214724345,-0.05180800635824345,-0.054282536549540295,-0.08438444519347232,0.07217024863040916
mean_reversion,shock_reversal_2.5_3d,2,XNGUSD,0.11290087442084722,0.01003681727297101,0.0060604070394940646,-0.09911381648106077,0.08845795815739736
mean_reversion,shock_reversal_2.5_3d,2,PORT,-0.8282865538519367,-0.04278828003060542,-0.044125208580066855,-0.06055014389556035,0.05279197716825729
mean_reversion,shock_continuation_2.5_3d,1,XTIUSD,0.13975843298991697,0.010463164275756887,0.0076956267541667955,-0.07866674150105402,0.07447864845053236
mean_reversion,shock_continuation_2.5_3d,1,XBRUSD,-0.17991304939079625,-0.01279291482187328,-0.015290255571521971,-0.09864628162560785,0.0715630130148721
mean_reversion,shock_continuation_2.5_3d,1,XNGUSD,0.3694878241302654,0.033167574707477554,0.029193413161127113,-0.06356812767831,0.08831552435013638
mean_reversion,shock_continuation_2.5_3d,1,PORT,0.18971594008347376,0.009840184647003314,0.008508266725709479,-0.05926413613615433,0.05161546023100179
mean_reversion,shock_continuation_2.5_3d,2,XTIUSD,1.0914287473717408,0.08913447702266186,0.08585539976383938,-0.05190929338038863,0.07824403542306017
mean_reversion,shock_continuation_2.5_3d,2,XBRUSD,0.6525431638319494,0.048261182196927876,0.045559041716062953,-0.071286768864952,0.0722361142140146
mean_reversion,shock_continuation_2.5_3d,2,XNGUSD,-0.16896573967656378,-0.014829190169807993,-0.018616931923759683,-0.07174777606214733,0.088419102047622
mean_reversion,shock_continuation_2.5_3d,2,PORT,0.7263925653218642,0.0390621581999584,0.03763218121648082,-0.026680727017671657,0.052755838430319064
mean_reversion,shock_reversal_3.0_5d,1,XTIUSD,-0.5255671279992868,-0.03881962860104626,-0.04155608754910478,-0.10452543534779357,0.07532831479716982
mean_reversion,shock_reversal_3.0_5d,1,XBRUSD,-0.552659462513762,-0.03770633969748727,-0.04004269946564165,-0.10479074457160609,0.0695413474683447
mean_reversion,shock_reversal_3.0_5d,1,XNGUSD,-0.08618856588180986,-0.007535655070609715,-0.011365716668916948,-0.10781781073107621,0.08776196666501425
mean_reversion,shock_reversal_3.0_5d,1,PORT,-0.5587838751070681,-0.02743872161753469,-0.028646646191735403,-0.06565986349626851,0.049787869189246624
mean_reversion,shock_reversal_3.0_5d,2,XTIUSD,-0.6728002444840494,-0.050316739809781685,-0.053131761097217955,-0.09790322232128201,0.07672629841247512
mean_reversion,shock_reversal_3.0_5d,2,XBRUSD,-0.7857798289079143,-0.05115142771130843,-0.053275329336953,-0.073526939704882,0.06681335801059193
mean_reversion,shock_reversal_3.0_5d,2,XNGUSD,0.39818914401143035,0.03747045174575314,0.033024387104909625,-0.09485836137155168,0.09238870024964296
mean_reversion,shock_reversal_3.0_5d,2,PORT,-0.43794240680137914,-0.02187200101421438,-0.023121379692526256,-0.04793721887989377,0.05049469639619453
mean_reversion,shock_continuation_3.0_5d,1,XTIUSD,0.4890030015454208,0.03748024060063848,0.034581378410266206,-0.07363925420152595,0.0752502827079848
mean_reversion,shock_continuation_3.0_5d,1,XBRUSD,0.49687382548117653,0.035153980966154075,0.03268529093930095,-0.05960554896203374,0.06953990399891252
mean_reversion,shock_continuation_3.0_5d,1,XNGUSD,0.04604973129432256,0.004045726259635396,0.0002354930441106351,-0.0741980241740613,0.08767904931326885
mean_reversion,shock_continuation_3.0_5d,1,PORT,0.49279070117227153,0.024817571316815945,0.023563026824906297,-0.02937839112212992,0.049748929761160965
mean_reversion,shock_continuation_3.0_5d,2,XTIUSD,0.6359225194536822,0.05002281642531026,0.046979951902405226,-0.0519092933803883,0.0767650461447447
mean_reversion,shock_continuation_3.0_5d,2,XBRUSD,0.7262197920459237,0.04981677188971689,0.04749302302093095,-0.03621186520280939,0.06694989073620464
mean_reversion,shock_continuation_3.0_5d,2,XNGUSD,-0.43682378488483997,-0.03953469401409371,-0.04356853005625294,-0.08992611151030772,0.09233515067493354
mean_reversion,shock_continuation_3.0_5d,2,PORT,0.3723800340670829,0.018975715687247874,0.017691069687007177,-0.034968828362920035,0.05048236171418195
benchmark,static_short,1,XTIUSD,-1.4051252407705475,-0.21292135047802685,-0.22423699520029916,-0.28628779856424247,0.1703146367464197
benchmark,static_short,1,XBRUSD,-1.519812307444622,-0.23965346257625586,-0.2519081970548196,-0.3065997272914156,0.1801749415465728
benchmark,static_short,1,XNGUSD,-0.619566559965364,-0.0992351182086254,-0.11202747509495847,-0.21678881141228734,0.16864909430934882
benchmark,static_short,1,PORT,-1.582576439837934,-0.18525315690275868,-0.1920318909771389,-0.23618835498726576,0.12940580295801205
benchmark,static_short,2,XTIUSD,-1.4640419892003287,-0.2229500340431807,-0.23438097447372663,-0.2953974120041535,0.1722111917943396
benchmark,static_short,2,XBRUSD,-1.543736397818089,-0.24403700128679062,-0.25635059217337275,-0.31027439783794364,0.18112393617407285
benchmark,static_short,2,XNGUSD,-0.6730978577620167,-0.10995475350679151,-0.12327414099429412,-0.22907624213375588,0.17301505330497113
benchmark,static_short,2,PORT,-1.6389979117804363,-0.1931584298636586,-0.20002969449515107,-0.243852687987972,0.13089496624688302
