family,cfg_id,cfg,n,avg_r,h1,h2,t,round
S01_london_breakout,default,"{""box_max_atr"": 0.6, ""exit_at"": ""16:00"", ""sl"": ""edge"", ""tp_mult"": 1.0, ""until"": ""11:00""}",1003,-0.063,-0.021,-0.1,-2.52,1
S01_london_breakout,g000,"{""box_max_atr"": 0.4, ""exit_at"": ""16:00"", ""sl"": ""edge"", ""tp_mult"": 1.0, ""until"": ""10:00""}",748,-0.08,-0.047,-0.109,-2.68,1
S01_london_breakout,g001,"{""box_max_atr"": 0.4, ""exit_at"": ""16:00"", ""sl"": ""edge"", ""tp_mult"": 1.0, ""until"": ""12:00""}",820,-0.064,-0.038,-0.087,-2.28,1
S01_london_breakout,g002,"{""box_max_atr"": 0.4, ""exit_at"": ""16:00"", ""sl"": ""mid"", ""tp_mult"": 1.0, ""until"": ""10:00""}",748,-0.167,-0.148,-0.183,-3.76,1
S01_london_breakout,g003,"{""box_max_atr"": 0.4, ""exit_at"": ""16:00"", ""sl"": ""mid"", ""tp_mult"": 1.0, ""until"": ""12:00""}",820,-0.148,-0.135,-0.159,-3.49,1
S01_london_breakout,g004,"{""box_max_atr"": 0.4, ""exit_at"": ""16:00"", ""sl"": ""edge"", ""tp_mult"": 2.0, ""until"": ""10:00""}",748,-0.05,-0.003,-0.092,-1.39,1
S01_london_breakout,g005,"{""box_max_atr"": 0.4, ""exit_at"": ""16:00"", ""sl"": ""edge"", ""tp_mult"": 2.0, ""until"": ""12:00""}",820,-0.036,0.007,-0.074,-1.04,1
S01_london_breakout,g006,"{""box_max_atr"": 0.4, ""exit_at"": ""16:00"", ""sl"": ""mid"", ""tp_mult"": 2.0, ""until"": ""10:00""}",748,-0.104,-0.061,-0.142,-1.81,1
S01_london_breakout,g007,"{""box_max_atr"": 0.4, ""exit_at"": ""16:00"", ""sl"": ""mid"", ""tp_mult"": 2.0, ""until"": ""12:00""}",820,-0.084,-0.039,-0.123,-1.53,1
S01_london_breakout,g008,"{""box_max_atr"": 0.4, ""exit_at"": ""16:00"", ""sl"": ""edge"", ""tp_mult"": 0, ""until"": ""10:00""}",748,-0.047,0.019,-0.105,-1.17,1
S01_london_breakout,g009,"{""box_max_atr"": 0.4, ""exit_at"": ""16:00"", ""sl"": ""edge"", ""tp_mult"": 0, ""until"": ""12:00""}",820,-0.031,0.021,-0.076,-0.77,1
S01_london_breakout,g010,"{""box_max_atr"": 0.4, ""exit_at"": ""16:00"", ""sl"": ""mid"", ""tp_mult"": 0, ""until"": ""10:00""}",748,-0.096,-0.044,-0.142,-1.47,1
S01_london_breakout,g011,"{""box_max_atr"": 0.4, ""exit_at"": ""16:00"", ""sl"": ""mid"", ""tp_mult"": 0, ""until"": ""12:00""}",820,-0.067,-0.037,-0.093,-0.99,1
S01_london_breakout,g012,"{""box_max_atr"": 0.6, ""exit_at"": ""16:00"", ""sl"": ""edge"", ""tp_mult"": 1.0, ""until"": ""10:00""}",942,-0.074,-0.036,-0.108,-2.85,1
S01_london_breakout,g013,"{""box_max_atr"": 0.6, ""exit_at"": ""16:00"", ""sl"": ""edge"", ""tp_mult"": 1.0, ""until"": ""12:00""}",1046,-0.062,-0.029,-0.091,-2.53,1
S01_london_breakout,g014,"{""box_max_atr"": 0.6, ""exit_at"": ""16:00"", ""sl"": ""mid"", ""tp_mult"": 1.0, ""until"": ""10:00""}",942,-0.151,-0.129,-0.172,-3.83,1
S01_london_breakout,g015,"{""box_max_atr"": 0.6, ""exit_at"": ""16:00"", ""sl"": ""mid"", ""tp_mult"": 1.0, ""until"": ""12:00""}",1046,-0.14,-0.122,-0.156,-3.74,1
S01_london_breakout,g016,"{""box_max_atr"": 0.6, ""exit_at"": ""16:00"", ""sl"": ""edge"", ""tp_mult"": 2.0, ""until"": ""10:00""}",942,-0.052,0.003,-0.103,-1.69,1
S01_london_breakout,g017,"{""box_max_atr"": 0.6, ""exit_at"": ""16:00"", ""sl"": ""edge"", ""tp_mult"": 2.0, ""until"": ""12:00""}",1046,-0.04,0.012,-0.087,-1.39,1
S01_london_breakout,g018,"{""box_max_atr"": 0.6, ""exit_at"": ""16:00"", ""sl"": ""mid"", ""tp_mult"": 2.0, ""until"": ""10:00""}",942,-0.103,-0.05,-0.15,-2.07,1
S01_london_breakout,g019,"{""box_max_atr"": 0.6, ""exit_at"": ""16:00"", ""sl"": ""mid"", ""tp_mult"": 2.0, ""until"": ""12:00""}",1046,-0.089,-0.033,-0.137,-1.89,1
S01_london_breakout,g020,"{""box_max_atr"": 0.6, ""exit_at"": ""16:00"", ""sl"": ""edge"", ""tp_mult"": 0, ""until"": ""10:00""}",942,-0.045,0.022,-0.105,-1.31,1
S01_london_breakout,g021,"{""box_max_atr"": 0.6, ""exit_at"": ""16:00"", ""sl"": ""edge"", ""tp_mult"": 0, ""until"": ""12:00""}",1046,-0.031,0.025,-0.08,-0.91,1
S01_london_breakout,g022,"{""box_max_atr"": 0.6, ""exit_at"": ""16:00"", ""sl"": ""mid"", ""tp_mult"": 0, ""until"": ""10:00""}",942,-0.087,-0.033,-0.135,-1.54,1
S01_london_breakout,g023,"{""box_max_atr"": 0.6, ""exit_at"": ""16:00"", ""sl"": ""mid"", ""tp_mult"": 0, ""until"": ""12:00""}",1046,-0.064,-0.026,-0.097,-1.11,1
S01_london_breakout,g024,"{""box_max_atr"": 1.0, ""exit_at"": ""16:00"", ""sl"": ""edge"", ""tp_mult"": 1.0, ""until"": ""10:00""}",1003,-0.066,-0.026,-0.103,-2.63,1
S01_london_breakout,g025,"{""box_max_atr"": 1.0, ""exit_at"": ""16:00"", ""sl"": ""edge"", ""tp_mult"": 1.0, ""until"": ""12:00""}",1113,-0.057,-0.023,-0.088,-2.43,1
S01_london_breakout,g026,"{""box_max_atr"": 1.0, ""exit_at"": ""16:00"", ""sl"": ""mid"", ""tp_mult"": 1.0, ""until"": ""10:00""}",1003,-0.138,-0.112,-0.162,-3.62,1
S01_london_breakout,g027,"{""box_max_atr"": 1.0, ""exit_at"": ""16:00"", ""sl"": ""mid"", ""tp_mult"": 1.0, ""until"": ""12:00""}",1113,-0.133,-0.113,-0.151,-3.68,1
S01_london_breakout,g028,"{""box_max_atr"": 1.0, ""exit_at"": ""16:00"", ""sl"": ""edge"", ""tp_mult"": 2.0, ""until"": ""10:00""}",1003,-0.045,0.007,-0.094,-1.52,1
S01_london_breakout,g029,"{""box_max_atr"": 1.0, ""exit_at"": ""16:00"", ""sl"": ""edge"", ""tp_mult"": 2.0, ""until"": ""12:00""}",1113,-0.037,0.012,-0.081,-1.31,1
S01_london_breakout,g030,"{""box_max_atr"": 1.0, ""exit_at"": ""16:00"", ""sl"": ""mid"", ""tp_mult"": 2.0, ""until"": ""10:00""}",1003,-0.089,-0.04,-0.135,-1.87,1
S01_london_breakout,g031,"{""box_max_atr"": 1.0, ""exit_at"": ""16:00"", ""sl"": ""mid"", ""tp_mult"": 2.0, ""until"": ""12:00""}",1113,-0.082,-0.032,-0.127,-1.81,1
S01_london_breakout,g032,"{""box_max_atr"": 1.0, ""exit_at"": ""16:00"", ""sl"": ""edge"", ""tp_mult"": 0, ""until"": ""10:00""}",1003,-0.039,0.024,-0.097,-1.18,1
S01_london_breakout,g033,"{""box_max_atr"": 1.0, ""exit_at"": ""16:00"", ""sl"": ""edge"", ""tp_mult"": 0, ""until"": ""12:00""}",1113,-0.028,0.024,-0.075,-0.87,1
S01_london_breakout,g034,"{""box_max_atr"": 1.0, ""exit_at"": ""16:00"", ""sl"": ""mid"", ""tp_mult"": 0, ""until"": ""10:00""}",1003,-0.076,-0.026,-0.122,-1.4,1
S01_london_breakout,g035,"{""box_max_atr"": 1.0, ""exit_at"": ""16:00"", ""sl"": ""mid"", ""tp_mult"": 0, ""until"": ""12:00""}",1113,-0.06,-0.026,-0.09,-1.08,1
S02_orb,default,"{""active_h"": 3.0, ""or_min"": 30, ""sl"": ""edge"", ""tp_mult"": 2.0}",1155,-0.102,-0.058,-0.145,-3.32,1
S02_orb,g000,"{""active_h"": 3.0, ""or_min"": 15, ""sl"": ""edge"", ""tp_mult"": 1.0}",1265,-0.123,-0.165,-0.084,-4.72,1
S02_orb,g001,"{""active_h"": 3.0, ""or_min"": 15, ""sl"": ""mid"", ""tp_mult"": 1.0}",1265,-0.158,-0.138,-0.176,-5.77,1
S02_orb,g002,"{""active_h"": 3.0, ""or_min"": 15, ""sl"": ""edge"", ""tp_mult"": 2.0}",1265,-0.139,-0.14,-0.137,-4.26,1
S02_orb,g003,"{""active_h"": 3.0, ""or_min"": 15, ""sl"": ""mid"", ""tp_mult"": 2.0}",1265,-0.18,-0.221,-0.141,-4.81,1
S02_orb,g004,"{""active_h"": 3.0, ""or_min"": 15, ""sl"": ""edge"", ""tp_mult"": 0}",1265,-0.116,-0.09,-0.14,-2.93,1
S02_orb,g005,"{""active_h"": 3.0, ""or_min"": 15, ""sl"": ""mid"", ""tp_mult"": 0}",1265,-0.122,-0.073,-0.168,-1.94,1
S02_orb,g006,"{""active_h"": 3.0, ""or_min"": 30, ""sl"": ""edge"", ""tp_mult"": 1.0}",1155,-0.071,-0.063,-0.079,-2.72,1
S02_orb,g007,"{""active_h"": 3.0, ""or_min"": 30, ""sl"": ""mid"", ""tp_mult"": 1.0}",1155,-0.085,-0.075,-0.094,-2.98,1
S02_orb,g009,"{""active_h"": 3.0, ""or_min"": 30, ""sl"": ""mid"", ""tp_mult"": 2.0}",1155,-0.091,-0.084,-0.098,-2.34,1
S02_orb,g010,"{""active_h"": 3.0, ""or_min"": 30, ""sl"": ""edge"", ""tp_mult"": 0}",1155,-0.082,-0.011,-0.152,-2.38,1
S02_orb,g011,"{""active_h"": 3.0, ""or_min"": 30, ""sl"": ""mid"", ""tp_mult"": 0}",1155,-0.101,0.041,-0.239,-1.91,1
S02_orb,g012,"{""active_h"": 3.0, ""or_min"": 60, ""sl"": ""edge"", ""tp_mult"": 1.0}",907,-0.074,-0.052,-0.099,-2.75,1
S02_orb,g013,"{""active_h"": 3.0, ""or_min"": 60, ""sl"": ""mid"", ""tp_mult"": 1.0}",907,-0.114,-0.101,-0.13,-3.62,1
S02_orb,g014,"{""active_h"": 3.0, ""or_min"": 60, ""sl"": ""edge"", ""tp_mult"": 2.0}",907,-0.087,-0.045,-0.135,-2.8,1
S02_orb,g015,"{""active_h"": 3.0, ""or_min"": 60, ""sl"": ""mid"", ""tp_mult"": 2.0}",907,-0.122,-0.094,-0.154,-2.93,1
S02_orb,g016,"{""active_h"": 3.0, ""or_min"": 60, ""sl"": ""edge"", ""tp_mult"": 0}",907,-0.075,-0.022,-0.137,-2.24,1
S02_orb,g017,"{""active_h"": 3.0, ""or_min"": 60, ""sl"": ""mid"", ""tp_mult"": 0}",907,-0.113,-0.026,-0.214,-2.11,1
S03_noise_momentum,default,"{""hard_sl_atr"": 0.5, ""lookback"": 14, ""use_vwap"": true, ""vm"": 1.0}",717,-0.04,-0.003,-0.071,-2.12,1
S03_noise_momentum,g000,"{""hard_sl_atr"": 0.35, ""lookback"": 14, ""use_vwap"": true, ""vm"": 0.8}",816,-0.08,-0.026,-0.127,-3.28,1
S03_noise_momentum,g001,"{""hard_sl_atr"": 0.5, ""lookback"": 14, ""use_vwap"": true, ""vm"": 0.8}",816,-0.048,-0.015,-0.077,-2.75,1
S03_noise_momentum,g002,"{""hard_sl_atr"": 0.75, ""lookback"": 14, ""use_vwap"": true, ""vm"": 0.8}",816,-0.031,-0.009,-0.049,-2.63,1
S03_noise_momentum,g003,"{""hard_sl_atr"": 0.35, ""lookback"": 14, ""use_vwap"": false, ""vm"": 0.8}",816,-0.067,-0.016,-0.11,-2.51,1
S03_noise_momentum,g004,"{""hard_sl_atr"": 0.5, ""lookback"": 14, ""use_vwap"": false, ""vm"": 0.8}",816,-0.04,-0.007,-0.068,-2.08,1
S03_noise_momentum,g005,"{""hard_sl_atr"": 0.75, ""lookback"": 14, ""use_vwap"": false, ""vm"": 0.8}",816,-0.026,-0.004,-0.045,-2.03,1
S03_noise_momentum,g006,"{""hard_sl_atr"": 0.35, ""lookback"": 14, ""use_vwap"": true, ""vm"": 1.0}",717,-0.07,-0.009,-0.122,-2.7,1
S03_noise_momentum,g008,"{""hard_sl_atr"": 0.75, ""lookback"": 14, ""use_vwap"": true, ""vm"": 1.0}",717,-0.024,-0.001,-0.044,-1.98,1
S03_noise_momentum,g009,"{""hard_sl_atr"": 0.35, ""lookback"": 14, ""use_vwap"": false, ""vm"": 1.0}",717,-0.064,-0.007,-0.112,-2.29,1
S03_noise_momentum,g010,"{""hard_sl_atr"": 0.5, ""lookback"": 14, ""use_vwap"": false, ""vm"": 1.0}",717,-0.036,-0.001,-0.067,-1.82,1
S03_noise_momentum,g011,"{""hard_sl_atr"": 0.75, ""lookback"": 14, ""use_vwap"": false, ""vm"": 1.0}",717,-0.023,-0.0,-0.044,-1.76,1
S03_noise_momentum,g012,"{""hard_sl_atr"": 0.35, ""lookback"": 14, ""use_vwap"": true, ""vm"": 1.25}",584,-0.071,-0.002,-0.13,-2.5,1
S03_noise_momentum,g013,"{""hard_sl_atr"": 0.5, ""lookback"": 14, ""use_vwap"": true, ""vm"": 1.25}",584,-0.042,0.003,-0.08,-2.03,1
S03_noise_momentum,g014,"{""hard_sl_atr"": 0.75, ""lookback"": 14, ""use_vwap"": true, ""vm"": 1.25}",584,-0.025,0.003,-0.05,-1.86,1
S03_noise_momentum,g015,"{""hard_sl_atr"": 0.35, ""lookback"": 14, ""use_vwap"": false, ""vm"": 1.25}",584,-0.066,-0.01,-0.114,-2.19,1
S03_noise_momentum,g016,"{""hard_sl_atr"": 0.5, ""lookback"": 14, ""use_vwap"": false, ""vm"": 1.25}",584,-0.039,-0.002,-0.071,-1.81,1
S03_noise_momentum,g017,"{""hard_sl_atr"": 0.75, ""lookback"": 14, ""use_vwap"": false, ""vm"": 1.25}",584,-0.025,-0.001,-0.046,-1.74,1
S03_noise_momentum,g018,"{""hard_sl_atr"": 0.35, ""lookback"": 14, ""use_vwap"": true, ""vm"": 1.5}",461,-0.076,-0.02,-0.121,-2.3,1
S03_noise_momentum,g019,"{""hard_sl_atr"": 0.5, ""lookback"": 14, ""use_vwap"": true, ""vm"": 1.5}",461,-0.04,-0.005,-0.069,-1.67,1
S03_noise_momentum,g020,"{""hard_sl_atr"": 0.75, ""lookback"": 14, ""use_vwap"": true, ""vm"": 1.5}",461,-0.024,-0.003,-0.042,-1.55,1
S03_noise_momentum,g021,"{""hard_sl_atr"": 0.35, ""lookback"": 14, ""use_vwap"": false, ""vm"": 1.5}",461,-0.071,-0.024,-0.109,-2.06,1
S03_noise_momentum,g022,"{""hard_sl_atr"": 0.5, ""lookback"": 14, ""use_vwap"": false, ""vm"": 1.5}",461,-0.036,-0.008,-0.06,-1.46,1
S03_noise_momentum,g023,"{""hard_sl_atr"": 0.75, ""lookback"": 14, ""use_vwap"": false, ""vm"": 1.5}",461,-0.022,-0.005,-0.036,-1.35,1
S04_gap_fade,default,"{""delay"": 0, ""gmax"": 0.6, ""gmin"": 0.15, ""sl_gap"": 1.0, ""target"": 1.0}",671,-0.005,-0.025,0.012,-0.15,1
S04_gap_fade,g000,"{""delay"": 0, ""gmax"": 0.5, ""gmin"": 0.1, ""sl_gap"": 0.75, ""target"": 0.5}",722,-0.048,-0.072,-0.027,-1.58,1
S04_gap_fade,g001,"{""delay"": 15, ""gmax"": 0.5, ""gmin"": 0.1, ""sl_gap"": 0.75, ""target"": 0.5}",693,-0.057,-0.054,-0.059,-1.88,1
S04_gap_fade,g002,"{""delay"": 0, ""gmax"": 0.5, ""gmin"": 0.1, ""sl_gap"": 1.5, ""target"": 0.5}",722,-0.004,-0.008,0.0,-0.21,1
S04_gap_fade,g003,"{""delay"": 15, ""gmax"": 0.5, ""gmin"": 0.1, ""sl_gap"": 1.5, ""target"": 0.5}",693,-0.027,0.001,-0.054,-1.44,1
S04_gap_fade,g004,"{""delay"": 0, ""gmax"": 0.5, ""gmin"": 0.1, ""sl_gap"": 0.75, ""target"": 1.0}",722,-0.038,-0.075,-0.004,-0.92,1
S04_gap_fade,g005,"{""delay"": 15, ""gmax"": 0.5, ""gmin"": 0.1, ""sl_gap"": 0.75, ""target"": 1.0}",693,-0.071,-0.028,-0.111,-1.76,1
S04_gap_fade,g006,"{""delay"": 0, ""gmax"": 0.5, ""gmin"": 0.1, ""sl_gap"": 1.5, ""target"": 1.0}",722,0.006,0.009,0.003,0.24,1
S04_gap_fade,g007,"{""delay"": 15, ""gmax"": 0.5, ""gmin"": 0.1, ""sl_gap"": 1.5, ""target"": 1.0}",693,-0.054,-0.01,-0.096,-2.16,1
S04_gap_fade,g008,"{""delay"": 0, ""gmax"": 1.0, ""gmin"": 0.1, ""sl_gap"": 0.75, ""target"": 0.5}",973,-0.048,-0.066,-0.032,-1.93,1
S04_gap_fade,g009,"{""delay"": 15, ""gmax"": 1.0, ""gmin"": 0.1, ""sl_gap"": 0.75, ""target"": 0.5}",978,-0.05,-0.049,-0.05,-2.11,1
S04_gap_fade,g010,"{""delay"": 0, ""gmax"": 1.0, ""gmin"": 0.1, ""sl_gap"": 1.5, ""target"": 0.5}",973,-0.008,-0.011,-0.006,-0.55,1
S04_gap_fade,g011,"{""delay"": 15, ""gmax"": 1.0, ""gmin"": 0.1, ""sl_gap"": 1.5, ""target"": 0.5}",978,-0.026,-0.006,-0.043,-1.78,1
S04_gap_fade,g012,"{""delay"": 0, ""gmax"": 1.0, ""gmin"": 0.1, ""sl_gap"": 0.75, ""target"": 1.0}",973,-0.043,-0.061,-0.028,-1.33,1
S04_gap_fade,g013,"{""delay"": 15, ""gmax"": 1.0, ""gmin"": 0.1, ""sl_gap"": 0.75, ""target"": 1.0}",978,-0.063,-0.032,-0.092,-2.08,1
S04_gap_fade,g014,"{""delay"": 0, ""gmax"": 1.0, ""gmin"": 0.1, ""sl_gap"": 1.5, ""target"": 1.0}",973,-0.002,0.006,-0.008,-0.09,1
S04_gap_fade,g015,"{""delay"": 15, ""gmax"": 1.0, ""gmin"": 0.1, ""sl_gap"": 1.5, ""target"": 1.0}",978,-0.047,-0.015,-0.075,-2.51,1
S04_gap_fade,g016,"{""delay"": 0, ""gmax"": 0.5, ""gmin"": 0.2, ""sl_gap"": 0.75, ""target"": 0.5}",471,-0.012,-0.032,0.004,-0.34,1
S04_gap_fade,g017,"{""delay"": 15, ""gmax"": 0.5, ""gmin"": 0.2, ""sl_gap"": 0.75, ""target"": 0.5}",468,-0.055,-0.058,-0.052,-1.53,1
S04_gap_fade,g018,"{""delay"": 0, ""gmax"": 0.5, ""gmin"": 0.2, ""sl_gap"": 1.5, ""target"": 0.5}",471,0.018,0.031,0.007,0.82,1
S04_gap_fade,g019,"{""delay"": 15, ""gmax"": 0.5, ""gmin"": 0.2, ""sl_gap"": 1.5, ""target"": 0.5}",468,-0.031,-0.026,-0.036,-1.47,1
S04_gap_fade,g020,"{""delay"": 0, ""gmax"": 0.5, ""gmin"": 0.2, ""sl_gap"": 0.75, ""target"": 1.0}",471,0.004,-0.025,0.029,0.09,1
S04_gap_fade,g021,"{""delay"": 15, ""gmax"": 0.5, ""gmin"": 0.2, ""sl_gap"": 0.75, ""target"": 1.0}",468,-0.076,-0.037,-0.115,-1.68,1
S04_gap_fade,g022,"{""delay"": 0, ""gmax"": 0.5, ""gmin"": 0.2, ""sl_gap"": 1.5, ""target"": 1.0}",471,0.021,0.024,0.018,0.73,1
S04_gap_fade,g023,"{""delay"": 15, ""gmax"": 0.5, ""gmin"": 0.2, ""sl_gap"": 1.5, ""target"": 1.0}",468,-0.052,-0.033,-0.071,-1.96,1
S04_gap_fade,g024,"{""delay"": 0, ""gmax"": 1.0, ""gmin"": 0.2, ""sl_gap"": 0.75, ""target"": 0.5}",722,-0.024,-0.037,-0.014,-0.89,1
S04_gap_fade,g025,"{""delay"": 15, ""gmax"": 1.0, ""gmin"": 0.2, ""sl_gap"": 0.75, ""target"": 0.5}",753,-0.047,-0.05,-0.043,-1.81,1
S04_gap_fade,g026,"{""delay"": 0, ""gmax"": 1.0, ""gmin"": 0.2, ""sl_gap"": 1.5, ""target"": 0.5}",722,0.004,0.014,-0.003,0.28,1
S04_gap_fade,g027,"{""delay"": 15, ""gmax"": 1.0, ""gmin"": 0.2, ""sl_gap"": 1.5, ""target"": 0.5}",753,-0.028,-0.026,-0.029,-1.86,1
S04_gap_fade,g028,"{""delay"": 0, ""gmax"": 1.0, ""gmin"": 0.2, ""sl_gap"": 0.75, ""target"": 1.0}",722,-0.017,-0.022,-0.013,-0.5,1
S04_gap_fade,g029,"{""delay"": 15, ""gmax"": 1.0, ""gmin"": 0.2, ""sl_gap"": 0.75, ""target"": 1.0}",753,-0.065,-0.039,-0.088,-2.05,1
S04_gap_fade,g030,"{""delay"": 0, ""gmax"": 1.0, ""gmin"": 0.2, ""sl_gap"": 1.5, ""target"": 1.0}",722,0.005,0.014,-0.002,0.25,1
S04_gap_fade,g031,"{""delay"": 15, ""gmax"": 1.0, ""gmin"": 0.2, ""sl_gap"": 1.5, ""target"": 1.0}",753,-0.043,-0.032,-0.054,-2.38,1
S05_sweep_reversal,default,"{""close_back"": ""inside"", ""tf"": 15, ""tp_r"": 2.0}",1511,-0.21,-0.184,-0.233,-6.2,1
S05_sweep_reversal,g000,"{""close_back"": ""inside"", ""tf"": 15, ""tp_r"": 1.0}",1522,-0.191,-0.16,-0.218,-7.41,1
S05_sweep_reversal,g001,"{""close_back"": ""strong"", ""tf"": 15, ""tp_r"": 1.0}",1418,-0.18,-0.142,-0.212,-6.79,1
S05_sweep_reversal,g003,"{""close_back"": ""strong"", ""tf"": 15, ""tp_r"": 2.0}",1406,-0.209,-0.168,-0.243,-6.03,1
S05_sweep_reversal,g004,"{""close_back"": ""inside"", ""tf"": 15, ""tp_r"": 3.0}",1497,-0.242,-0.181,-0.293,-5.92,1
S05_sweep_reversal,g005,"{""close_back"": ""strong"", ""tf"": 15, ""tp_r"": 3.0}",1397,-0.253,-0.161,-0.331,-6.14,1
S05_sweep_reversal,g006,"{""close_back"": ""inside"", ""tf"": 60, ""tp_r"": 1.0}",1281,-0.147,-0.103,-0.183,-5.54,1
S05_sweep_reversal,g007,"{""close_back"": ""strong"", ""tf"": 60, ""tp_r"": 1.0}",1104,-0.141,-0.08,-0.194,-5.13,1
S05_sweep_reversal,g008,"{""close_back"": ""inside"", ""tf"": 60, ""tp_r"": 2.0}",1268,-0.2,-0.129,-0.26,-6.1,1
S05_sweep_reversal,g009,"{""close_back"": ""strong"", ""tf"": 60, ""tp_r"": 2.0}",1095,-0.172,-0.065,-0.262,-5.12,1
S05_sweep_reversal,g010,"{""close_back"": ""inside"", ""tf"": 60, ""tp_r"": 3.0}",1254,-0.199,-0.139,-0.248,-5.47,1
S05_sweep_reversal,g011,"{""close_back"": ""strong"", ""tf"": 60, ""tp_r"": 3.0}",1087,-0.162,-0.051,-0.255,-4.46,1
S06_trend_pullback,default,"{""don"": 20, ""max_hold_h"": 72, ""pb_atr"": 0.5, ""tp_r"": 2.0}",784,-0.05,-0.034,-0.065,-1.05,1
S06_trend_pullback,g000,"{""don"": 20, ""max_hold_h"": 24, ""pb_atr"": 0.35, ""tp_r"": 1.5}",1126,-0.027,-0.059,0.002,-0.86,1
S06_trend_pullback,g001,"{""don"": 20, ""max_hold_h"": 72, ""pb_atr"": 0.35, ""tp_r"": 1.5}",927,-0.048,-0.099,-0.002,-1.23,1
S06_trend_pullback,g002,"{""don"": 20, ""max_hold_h"": 24, ""pb_atr"": 0.35, ""tp_r"": 2.0}",1092,-0.038,-0.055,-0.021,-1.11,1
S06_trend_pullback,g003,"{""don"": 20, ""max_hold_h"": 72, ""pb_atr"": 0.35, ""tp_r"": 2.0}",865,-0.067,-0.083,-0.052,-1.5,1
S06_trend_pullback,g004,"{""don"": 20, ""max_hold_h"": 24, ""pb_atr"": 0.35, ""tp_r"": 3.0}",1077,-0.041,-0.044,-0.039,-1.16,1
S06_trend_pullback,g005,"{""don"": 20, ""max_hold_h"": 72, ""pb_atr"": 0.35, ""tp_r"": 3.0}",816,-0.043,-0.05,-0.036,-0.8,1
S06_trend_pullback,g006,"{""don"": 20, ""max_hold_h"": 24, ""pb_atr"": 0.5, ""tp_r"": 1.5}",1001,-0.026,-0.044,-0.009,-0.78,1
S06_trend_pullback,g007,"{""don"": 20, ""max_hold_h"": 72, ""pb_atr"": 0.5, ""tp_r"": 1.5}",832,-0.034,-0.061,-0.009,-0.83,1
S06_trend_pullback,g008,"{""don"": 20, ""max_hold_h"": 24, ""pb_atr"": 0.5, ""tp_r"": 2.0}",970,-0.033,-0.03,-0.037,-0.93,1
S06_trend_pullback,g010,"{""don"": 20, ""max_hold_h"": 24, ""pb_atr"": 0.5, ""tp_r"": 3.0}",956,-0.035,-0.013,-0.057,-0.92,1
S06_trend_pullback,g011,"{""don"": 20, ""max_hold_h"": 72, ""pb_atr"": 0.5, ""tp_r"": 3.0}",744,-0.026,0.011,-0.062,-0.46,1
S06_trend_pullback,g012,"{""don"": 20, ""max_hold_h"": 24, ""pb_atr"": 0.75, ""tp_r"": 1.5}",766,0.005,0.001,0.009,0.14,1
S06_trend_pullback,g013,"{""don"": 20, ""max_hold_h"": 72, ""pb_atr"": 0.75, ""tp_r"": 1.5}",660,-0.005,-0.011,0.001,-0.11,1
S06_trend_pullback,g014,"{""don"": 20, ""max_hold_h"": 24, ""pb_atr"": 0.75, ""tp_r"": 2.0}",744,-0.013,0.015,-0.04,-0.31,1
S06_trend_pullback,g015,"{""don"": 20, ""max_hold_h"": 72, ""pb_atr"": 0.75, ""tp_r"": 2.0}",625,-0.03,0.003,-0.061,-0.57,1
S06_trend_pullback,g016,"{""don"": 20, ""max_hold_h"": 24, ""pb_atr"": 0.75, ""tp_r"": 3.0}",736,-0.011,0.023,-0.043,-0.24,1
S06_trend_pullback,g017,"{""don"": 20, ""max_hold_h"": 72, ""pb_atr"": 0.75, ""tp_r"": 3.0}",602,0.03,0.034,0.027,0.47,1
S07_asian_fade,default,"{""lookback"": 8, ""sl_mult"": 1.0}",1792,-0.138,-0.115,-0.161,-7.26,1
S07_asian_fade,g000,"{""lookback"": 8, ""sl_mult"": 0.5, ""start"": ""19:30""}",1837,-0.296,-0.232,-0.356,-10.13,1
S07_asian_fade,g001,"{""lookback"": 8, ""sl_mult"": 0.5, ""start"": ""18:30""}",1896,-0.314,-0.27,-0.357,-11.02,1
S07_asian_fade,g002,"{""lookback"": 8, ""sl_mult"": 1.0, ""start"": ""19:30""}",1792,-0.138,-0.115,-0.161,-7.26,1
S07_asian_fade,g003,"{""lookback"": 8, ""sl_mult"": 1.0, ""start"": ""18:30""}",1842,-0.158,-0.142,-0.173,-8.36,1
S07_asian_fade,g004,"{""lookback"": 8, ""sl_mult"": 1.5, ""start"": ""19:30""}",1763,-0.087,-0.063,-0.11,-6.05,1
S07_asian_fade,g005,"{""lookback"": 8, ""sl_mult"": 1.5, ""start"": ""18:30""}",1797,-0.107,-0.082,-0.131,-7.37,1
S07_asian_fade,g006,"{""lookback"": 16, ""sl_mult"": 0.5, ""start"": ""19:30""}",1273,-0.233,-0.225,-0.24,-7.87,1
S07_asian_fade,g007,"{""lookback"": 16, ""sl_mult"": 0.5, ""start"": ""18:30""}",1343,-0.257,-0.266,-0.249,-8.97,1
S07_asian_fade,g008,"{""lookback"": 16, ""sl_mult"": 1.0, ""start"": ""19:30""}",1268,-0.118,-0.099,-0.136,-6.39,1
S07_asian_fade,g009,"{""lookback"": 16, ""sl_mult"": 1.0, ""start"": ""18:30""}",1332,-0.13,-0.126,-0.135,-7.11,1
S07_asian_fade,g010,"{""lookback"": 16, ""sl_mult"": 1.5, ""start"": ""19:30""}",1266,-0.069,-0.05,-0.087,-5.23,1
S07_asian_fade,g011,"{""lookback"": 16, ""sl_mult"": 1.5, ""start"": ""18:30""}",1328,-0.077,-0.063,-0.09,-5.81,1
S08_tokyo_fix,default,"{""days"": ""gotobi"", ""entry"": ""08:00"", ""exit_at"": ""09:55""}",80,0.126,0.082,0.16,1.46,1
S08_tokyo_fix,g004,"{""days"": ""all"", ""entry"": ""08:00"", ""exit_at"": ""09:55""}",270,0.006,0.055,-0.029,0.16,1
S08_tokyo_fix,g005,"{""days"": ""other"", ""entry"": ""08:00"", ""exit_at"": ""09:55""}",190,-0.045,0.044,-0.107,-1.25,1
S08_tokyo_fix,g006,"{""days"": ""gotobi"", ""entry"": ""09:00"", ""exit_at"": ""09:55""}",92,-0.037,-0.078,0.005,-0.62,1
S08_tokyo_fix,g007,"{""days"": ""all"", ""entry"": ""09:00"", ""exit_at"": ""09:55""}",306,-0.036,-0.038,-0.035,-1.28,1
S08_tokyo_fix,g008,"{""days"": ""other"", ""entry"": ""09:00"", ""exit_at"": ""09:55""}",214,-0.036,-0.019,-0.051,-1.14,1
S09_news_momentum,default,"{""exit_at"": ""12:00"", ""k"": 2.5, ""mode"": ""follow"", ""sl"": ""mid"", ""slot"": ""08:30"", ""tp_r"": 2.0}",107,-0.437,-0.535,-0.394,-3.61,1
S09_news_momentum,g000,"{""exit_at"": ""12:00"", ""k"": 2.0, ""mode"": ""follow"", ""sl"": ""mid"", ""slot"": ""08:30"", ""tp_r"": 1.0}",160,-0.248,-0.256,-0.243,-3.08,1
S09_news_momentum,g001,"{""exit_at"": ""12:00"", ""k"": 2.0, ""mode"": ""fade"", ""sl"": ""mid"", ""slot"": ""08:30"", ""tp_r"": 1.0}",160,-0.104,-0.221,-0.034,-1.27,1
S09_news_momentum,g002,"{""exit_at"": ""12:00"", ""k"": 2.0, ""mode"": ""follow"", ""sl"": ""mid"", ""slot"": ""08:30"", ""tp_r"": 2.0}",160,-0.339,-0.489,-0.248,-3.15,1
S09_news_momentum,g003,"{""exit_at"": ""12:00"", ""k"": 2.0, ""mode"": ""fade"", ""sl"": ""mid"", ""slot"": ""08:30"", ""tp_r"": 2.0}",160,-0.06,-0.115,-0.027,-0.56,1
S09_news_momentum,g004,"{""exit_at"": ""12:00"", ""k"": 2.0, ""mode"": ""follow"", ""sl"": ""mid"", ""slot"": ""08:30"", ""tp_r"": 0}",160,-0.45,-0.689,-0.307,-2.23,1
S09_news_momentum,g005,"{""exit_at"": ""12:00"", ""k"": 2.0, ""mode"": ""fade"", ""sl"": ""mid"", ""slot"": ""08:30"", ""tp_r"": 0}",160,-0.486,-0.835,-0.277,-4.6,1
S09_news_momentum,g006,"{""exit_at"": ""12:00"", ""k"": 2.0, ""mode"": ""follow"", ""sl"": ""ext"", ""slot"": ""08:30"", ""tp_r"": 1.0}",160,-0.089,-0.209,-0.017,-1.24,1
S09_news_momentum,g007,"{""exit_at"": ""12:00"", ""k"": 2.0, ""mode"": ""fade"", ""sl"": ""ext"", ""slot"": ""08:30"", ""tp_r"": 1.0}",160,-0.104,-0.221,-0.034,-1.27,1
S09_news_momentum,g008,"{""exit_at"": ""12:00"", ""k"": 2.0, ""mode"": ""follow"", ""sl"": ""ext"", ""slot"": ""08:30"", ""tp_r"": 2.0}",160,-0.145,-0.311,-0.045,-1.66,1
S09_news_momentum,g009,"{""exit_at"": ""12:00"", ""k"": 2.0, ""mode"": ""fade"", ""sl"": ""ext"", ""slot"": ""08:30"", ""tp_r"": 2.0}",160,-0.06,-0.115,-0.027,-0.56,1
S09_news_momentum,g010,"{""exit_at"": ""12:00"", ""k"": 2.0, ""mode"": ""follow"", ""sl"": ""ext"", ""slot"": ""08:30"", ""tp_r"": 0}",160,-0.186,-0.355,-0.085,-1.82,1
S09_news_momentum,g011,"{""exit_at"": ""12:00"", ""k"": 2.0, ""mode"": ""fade"", ""sl"": ""ext"", ""slot"": ""08:30"", ""tp_r"": 0}",160,-0.486,-0.835,-0.277,-4.6,1
S09_news_momentum,g012,"{""exit_at"": ""12:00"", ""k"": 3.0, ""mode"": ""follow"", ""sl"": ""mid"", ""slot"": ""08:30"", ""tp_r"": 1.0}",79,-0.418,-0.401,-0.424,-3.86,1
S09_news_momentum,g013,"{""exit_at"": ""12:00"", ""k"": 3.0, ""mode"": ""fade"", ""sl"": ""mid"", ""slot"": ""08:30"", ""tp_r"": 1.0}",79,0.156,-0.232,0.288,1.43,1
S09_news_momentum,g014,"{""exit_at"": ""12:00"", ""k"": 3.0, ""mode"": ""follow"", ""sl"": ""mid"", ""slot"": ""08:30"", ""tp_r"": 2.0}",79,-0.457,-0.242,-0.529,-3.33,1
S09_news_momentum,g015,"{""exit_at"": ""12:00"", ""k"": 3.0, ""mode"": ""fade"", ""sl"": ""mid"", ""slot"": ""08:30"", ""tp_r"": 2.0}",79,0.184,-0.017,0.252,1.27,1
S09_news_momentum,g016,"{""exit_at"": ""12:00"", ""k"": 3.0, ""mode"": ""follow"", ""sl"": ""mid"", ""slot"": ""08:30"", ""tp_r"": 0}",79,-0.486,-0.501,-0.481,-2.73,1
S09_news_momentum,g017,"{""exit_at"": ""12:00"", ""k"": 3.0, ""mode"": ""fade"", ""sl"": ""mid"", ""slot"": ""08:30"", ""tp_r"": 0}",79,-0.179,-0.718,0.003,-1.27,1
S09_news_momentum,g018,"{""exit_at"": ""12:00"", ""k"": 3.0, ""mode"": ""follow"", ""sl"": ""ext"", ""slot"": ""08:30"", ""tp_r"": 1.0}",79,-0.108,-0.106,-0.109,-1.19,1
S09_news_momentum,g019,"{""exit_at"": ""12:00"", ""k"": 3.0, ""mode"": ""fade"", ""sl"": ""ext"", ""slot"": ""08:30"", ""tp_r"": 1.0}",79,0.156,-0.232,0.288,1.43,1
S09_news_momentum,g020,"{""exit_at"": ""12:00"", ""k"": 3.0, ""mode"": ""follow"", ""sl"": ""ext"", ""slot"": ""08:30"", ""tp_r"": 2.0}",79,-0.194,-0.336,-0.146,-1.89,1
S09_news_momentum,g021,"{""exit_at"": ""12:00"", ""k"": 3.0, ""mode"": ""fade"", ""sl"": ""ext"", ""slot"": ""08:30"", ""tp_r"": 2.0}",79,0.184,-0.017,0.252,1.27,1
S09_news_momentum,g022,"{""exit_at"": ""12:00"", ""k"": 3.0, ""mode"": ""follow"", ""sl"": ""ext"", ""slot"": ""08:30"", ""tp_r"": 0}",79,-0.236,-0.418,-0.174,-2.31,1
S09_news_momentum,g023,"{""exit_at"": ""12:00"", ""k"": 3.0, ""mode"": ""fade"", ""sl"": ""ext"", ""slot"": ""08:30"", ""tp_r"": 0}",79,-0.179,-0.718,0.003,-1.27,1
S10_eur_seasonality,default,"{""leg"": ""europe"", ""sl_atr"": 0.4}",495,-0.059,-0.102,-0.019,-1.42,1
S10_eur_seasonality,g000,"{""leg"": ""europe"", ""sl_atr"": 0.3}",495,-0.052,-0.123,0.015,-1.0,1
S10_eur_seasonality,g001,"{""leg"": ""europe"", ""sl_atr"": 0.6}",495,-0.022,-0.061,0.014,-0.75,1
S10_eur_seasonality,g002,"{""leg"": ""us"", ""sl_atr"": 0.3}",495,-0.153,-0.074,-0.226,-3.77,1
S10_eur_seasonality,g003,"{""leg"": ""us"", ""sl_atr"": 0.6}",495,-0.087,-0.039,-0.132,-3.75,1
S11_nr_breakout,default,"{""inside"": true, ""nr"": 4, ""tf"": ""4h"", ""tp_mult"": 2.0}",1261,-0.116,-0.132,-0.101,-3.02,1
S11_nr_breakout,g000,"{""inside"": true, ""nr"": 4, ""tf"": ""1h"", ""tp_mult"": 1.0}",3989,-0.227,-0.204,-0.248,-14.73,1
S11_nr_breakout,g001,"{""inside"": false, ""nr"": 4, ""tf"": ""1h"", ""tp_mult"": 1.0}",9137,-0.207,-0.19,-0.222,-20.43,1
S11_nr_breakout,g002,"{""inside"": true, ""nr"": 4, ""tf"": ""1h"", ""tp_mult"": 2.0}",3840,-0.222,-0.194,-0.248,-10.72,1
S11_nr_breakout,g003,"{""inside"": false, ""nr"": 4, ""tf"": ""1h"", ""tp_mult"": 2.0}",8320,-0.201,-0.185,-0.215,-14.37,1
S11_nr_breakout,g004,"{""inside"": true, ""nr"": 4, ""tf"": ""1h"", ""tp_mult"": 3.0}",3797,-0.207,-0.143,-0.267,-8.65,1
S11_nr_breakout,g005,"{""inside"": false, ""nr"": 4, ""tf"": ""1h"", ""tp_mult"": 3.0}",8082,-0.188,-0.152,-0.221,-11.56,1
S11_nr_breakout,g006,"{""inside"": true, ""nr"": 4, ""tf"": ""4h"", ""tp_mult"": 1.0}",1289,-0.106,-0.097,-0.114,-3.85,1
S11_nr_breakout,g007,"{""inside"": false, ""nr"": 4, ""tf"": ""4h"", ""tp_mult"": 1.0}",2562,-0.137,-0.102,-0.171,-7.05,1
S11_nr_breakout,g009,"{""inside"": false, ""nr"": 4, ""tf"": ""4h"", ""tp_mult"": 2.0}",2417,-0.119,-0.096,-0.142,-4.34,1
S11_nr_breakout,g010,"{""inside"": true, ""nr"": 4, ""tf"": ""4h"", ""tp_mult"": 3.0}",1247,-0.139,-0.176,-0.105,-3.07,1
S11_nr_breakout,g011,"{""inside"": false, ""nr"": 4, ""tf"": ""4h"", ""tp_mult"": 3.0}",2363,-0.139,-0.106,-0.172,-4.24,1
S12_last_half_hour,default,"{""sig"": ""first"", ""sl_atr"": 0.25}",1294,-0.011,-0.024,0.0,-0.97,1
S12_last_half_hour,g000,"{""min_move_atr"": 0.0, ""sig"": ""first"", ""sl_atr"": 0.15}",1294,-0.029,-0.035,-0.024,-1.55,1
S12_last_half_hour,g001,"{""min_move_atr"": 0.2, ""sig"": ""first"", ""sl_atr"": 0.15}",840,-0.025,-0.04,-0.012,-1.02,1
S12_last_half_hour,g002,"{""min_move_atr"": 0.0, ""sig"": ""first"", ""sl_atr"": 0.25}",1294,-0.011,-0.024,0.0,-0.97,1
S12_last_half_hour,g003,"{""min_move_atr"": 0.2, ""sig"": ""first"", ""sl_atr"": 0.25}",840,-0.008,-0.026,0.009,-0.51,1
S12_last_half_hour,g004,"{""min_move_atr"": 0.0, ""sig"": ""first"", ""sl_atr"": 0.4}",1294,-0.009,-0.018,-0.001,-1.2,1
S12_last_half_hour,g005,"{""min_move_atr"": 0.2, ""sig"": ""first"", ""sl_atr"": 0.4}",840,-0.007,-0.02,0.005,-0.72,1
S12_last_half_hour,g006,"{""min_move_atr"": 0.0, ""sig"": ""penult"", ""sl_atr"": 0.15}",1286,-0.081,-0.008,-0.149,-4.38,1
S12_last_half_hour,g007,"{""min_move_atr"": 0.2, ""sig"": ""penult"", ""sl_atr"": 0.15}",80,0.294,0.287,0.303,2.08,1
S12_last_half_hour,g008,"{""min_move_atr"": 0.0, ""sig"": ""penult"", ""sl_atr"": 0.25}",1286,-0.047,-0.005,-0.087,-4.11,1
S12_last_half_hour,g009,"{""min_move_atr"": 0.2, ""sig"": ""penult"", ""sl_atr"": 0.25}",80,0.157,0.183,0.127,1.76,1
S12_last_half_hour,g010,"{""min_move_atr"": 0.0, ""sig"": ""penult"", ""sl_atr"": 0.4}",1286,-0.031,-0.004,-0.056,-4.22,1
S12_last_half_hour,g011,"{""min_move_atr"": 0.2, ""sig"": ""penult"", ""sl_atr"": 0.4}",80,0.081,0.112,0.047,1.37,1
S13_overnight_drift,default,"{""skip_friday"": true, ""sl_atr"": 0.6}",1048,-0.001,0.029,-0.03,-0.06,1
S13_overnight_drift,g000,"{""skip_friday"": true, ""sl_atr"": 0.4}",1048,0.01,0.056,-0.034,0.31,1
S13_overnight_drift,g001,"{""skip_friday"": false, ""sl_atr"": 0.4}",1295,-0.026,-0.041,-0.012,-0.88,1
S13_overnight_drift,g003,"{""skip_friday"": false, ""sl_atr"": 0.6}",1295,-0.024,-0.028,-0.019,-1.11,1
S13_overnight_drift,g004,"{""skip_friday"": true, ""sl_atr"": 1.0}",1048,0.008,0.027,-0.01,0.56,1
S13_overnight_drift,g005,"{""skip_friday"": false, ""sl_atr"": 1.0}",1295,-0.004,-0.008,0.001,-0.27,1
R3a_donchian_4h,default,"{""max_days"": 10, ""n"": 20, ""sl_atr"": 1.5, ""trail_atr"": 2.0}",419,-0.078,-0.058,-0.095,-1.73,3
R3a_donchian_4h,g000,"{""max_days"": 10, ""n"": 10, ""sl_atr"": 1.5, ""trail_atr"": 1.5}",557,-0.078,-0.064,-0.091,-2.17,3
R3a_donchian_4h,g001,"{""max_days"": 10, ""n"": 10, ""sl_atr"": 1.5, ""trail_atr"": 2.0}",460,-0.065,-0.058,-0.071,-1.45,3
R3a_donchian_4h,g002,"{""max_days"": 10, ""n"": 10, ""sl_atr"": 1.5, ""trail_atr"": 3.0}",436,-0.065,-0.105,-0.03,-1.3,3
R3a_donchian_4h,g003,"{""max_days"": 10, ""n"": 20, ""sl_atr"": 1.5, ""trail_atr"": 1.5}",491,-0.074,-0.046,-0.099,-2.02,3
R3a_donchian_4h,g005,"{""max_days"": 10, ""n"": 20, ""sl_atr"": 1.5, ""trail_atr"": 3.0}",401,-0.085,-0.088,-0.082,-1.69,3
R3a_donchian_4h,g006,"{""max_days"": 10, ""n"": 40, ""sl_atr"": 1.5, ""trail_atr"": 1.5}",400,-0.089,-0.098,-0.081,-2.27,3
R3a_donchian_4h,g007,"{""max_days"": 10, ""n"": 40, ""sl_atr"": 1.5, ""trail_atr"": 2.0}",353,-0.063,-0.072,-0.056,-1.31,3
R3a_donchian_4h,g008,"{""max_days"": 10, ""n"": 40, ""sl_atr"": 1.5, ""trail_atr"": 3.0}",345,-0.074,-0.077,-0.072,-1.36,3
R3b_dip_buy_idx,default,"{""drop_atr"": 1.0, ""max_days"": 5, ""sl_atr"": 1.5, ""tp_atr"": 1.0}",142,-0.013,0.012,-0.035,-0.23,3
R3b_dip_buy_idx,g000,"{""drop_atr"": 0.75, ""max_days"": 5, ""sl_atr"": 1.0, ""tp_atr"": 0.75}",208,-0.017,0.055,-0.076,-0.3,3
R3b_dip_buy_idx,g001,"{""drop_atr"": 0.75, ""max_days"": 5, ""sl_atr"": 1.5, ""tp_atr"": 0.75}",179,-0.045,0.015,-0.099,-0.98,3
R3b_dip_buy_idx,g002,"{""drop_atr"": 0.75, ""max_days"": 5, ""sl_atr"": 1.0, ""tp_atr"": 1.0}",195,-0.035,0.077,-0.135,-0.55,3
R3b_dip_buy_idx,g003,"{""drop_atr"": 0.75, ""max_days"": 5, ""sl_atr"": 1.5, ""tp_atr"": 1.0}",170,-0.037,0.025,-0.096,-0.75,3
R3b_dip_buy_idx,g004,"{""drop_atr"": 0.75, ""max_days"": 5, ""sl_atr"": 1.0, ""tp_atr"": 1.5}",186,-0.017,0.127,-0.141,-0.24,3
R3b_dip_buy_idx,g005,"{""drop_atr"": 0.75, ""max_days"": 5, ""sl_atr"": 1.5, ""tp_atr"": 1.5}",164,-0.028,0.069,-0.118,-0.5,3
R3b_dip_buy_idx,g006,"{""drop_atr"": 1.0, ""max_days"": 5, ""sl_atr"": 1.0, ""tp_atr"": 0.75}",167,0.005,0.028,-0.015,0.07,3
R3b_dip_buy_idx,g007,"{""drop_atr"": 1.0, ""max_days"": 5, ""sl_atr"": 1.5, ""tp_atr"": 0.75}",150,0.001,-0.03,0.027,0.03,3
R3b_dip_buy_idx,g008,"{""drop_atr"": 1.0, ""max_days"": 5, ""sl_atr"": 1.0, ""tp_atr"": 1.0}",159,0.004,0.103,-0.087,0.05,3
R3b_dip_buy_idx,g010,"{""drop_atr"": 1.0, ""max_days"": 5, ""sl_atr"": 1.0, ""tp_atr"": 1.5}",153,-0.009,0.118,-0.12,-0.12,3
R3b_dip_buy_idx,g011,"{""drop_atr"": 1.0, ""max_days"": 5, ""sl_atr"": 1.5, ""tp_atr"": 1.5}",138,-0.004,0.08,-0.082,-0.07,3
R3b_dip_buy_idx,g012,"{""drop_atr"": 1.5, ""max_days"": 5, ""sl_atr"": 1.0, ""tp_atr"": 0.75}",91,0.077,0.041,0.103,0.93,3
R3b_dip_buy_idx,g013,"{""drop_atr"": 1.5, ""max_days"": 5, ""sl_atr"": 1.5, ""tp_atr"": 0.75}",82,0.057,0.024,0.08,0.88,3
R3b_dip_buy_idx,g014,"{""drop_atr"": 1.5, ""max_days"": 5, ""sl_atr"": 1.0, ""tp_atr"": 1.0}",85,0.025,0.129,-0.055,0.26,3
R3b_dip_buy_idx,g015,"{""drop_atr"": 1.5, ""max_days"": 5, ""sl_atr"": 1.5, ""tp_atr"": 1.0}",77,0.035,0.08,0.0,0.47,3
R3b_dip_buy_idx,g016,"{""drop_atr"": 1.5, ""max_days"": 5, ""sl_atr"": 1.0, ""tp_atr"": 1.5}",83,0.064,0.192,-0.029,0.58,3
R3b_dip_buy_idx,g017,"{""drop_atr"": 1.5, ""max_days"": 5, ""sl_atr"": 1.5, ""tp_atr"": 1.5}",74,0.009,0.069,-0.034,0.11,3
