n,per_week,win,avg_r,med_r,sum_r,pf,t,sharpe,max_dd_r,avg_bp,hold_h,h1_avg,h2_avg,h1_n,h2_n,family,cfg_id,cfg,sym_pos,n_sym,avg_r_stress
1003,3.71875,0.5413758723828515,-0.06306944354659519,0.14881032699133812,-63.25865187723497,0.8395663436513626,-2.5210860868291913,-2.2630815674622604,67.12280774480715,-0.7225434940960384,5.083333333333333,-0.021074780812608156,-0.09951173932692657,466,537,S01_london_breakout,default,"{""box_max_atr"": 0.6, ""exit_at"": ""16:00"", ""sl"": ""edge"", ""tp_mult"": 1.0, ""until"": ""11:00""}",0.25,8,-0.09541995086810438
748,2.7733050847457625,0.5494652406417112,-0.07954320891437316,0.21398296423588534,-59.49832026795112,0.8080121829976952,-2.6824991662556603,-2.4417007231286316,60.42898407376476,-0.8419920296012543,4.583333333333333,-0.04655639771158718,-0.10886481887240512,352,396,S01_london_breakout,g000,"{""box_max_atr"": 0.4, ""exit_at"": ""16:00"", ""sl"": ""edge"", ""tp_mult"": 1.0, ""until"": ""10:00""}",0.375,8,-0.115845981081008
820,3.0402542372881354,0.5548780487804879,-0.0640556809865276,0.25488654066311556,-52.52565840895264,0.8408115032258907,-2.2800641057629716,-2.0596626506570783,53.21985160556142,-0.5416413795635625,4.383333333333334,-0.038345878442293625,-0.08681033381303353,385,435,S01_london_breakout,g001,"{""box_max_atr"": 0.4, ""exit_at"": ""16:00"", ""sl"": ""edge"", ""tp_mult"": 1.0, ""until"": ""12:00""}",0.375,8,-0.09979501107344718
748,2.7733050847457625,0.4144385026737968,-0.16663965990492166,-1.0936577185255607,-124.6464656088814,0.7548345769200693,-3.7560920595484166,-3.2933023974428797,129.0211915571814,-1.1396622989161491,1.95,-0.1480936768135933,-0.1831249782083246,352,396,S01_london_breakout,g002,"{""box_max_atr"": 0.4, ""exit_at"": ""16:00"", ""sl"": ""mid"", ""tp_mult"": 1.0, ""until"": ""10:00""}",0.125,8,-0.2375920751090105
820,3.0402542372881354,0.42073170731707316,-0.14800213150251332,-1.0908318170159401,-121.36174783206093,0.7788097542463367,-3.490720023463628,-3.1225932679962813,124.38763448664393,-0.942690292422298,2.0,-0.13545078776561714,-0.15911079205126052,385,435,S01_london_breakout,g003,"{""box_max_atr"": 0.4, ""exit_at"": ""16:00"", ""sl"": ""mid"", ""tp_mult"": 1.0, ""until"": ""12:00""}",0.25,8,-0.21788845273906504
748,2.7733050847457625,0.4839572192513369,-0.05024206555748647,-0.10564304371746458,-37.58106503699988,0.891691161521351,-1.388412804797718,-1.2210613639198633,48.12259739129962,-0.21168767650646925,6.741666666666666,-0.002945238764240347,-0.09228368937370525,352,396,S01_london_breakout,g004,"{""box_max_atr"": 0.4, ""exit_at"": ""16:00"", ""sl"": ""edge"", ""tp_mult"": 2.0, ""until"": ""10:00""}",0.5,8,-0.08654483772412132
820,3.0402542372881354,0.4878048780487805,-0.035634183721765175,-0.07333054166309752,-29.220030651847445,0.9210613994339139,-1.0374846950375949,-0.9233052887285184,41.03198608667775,0.06751649095157908,6.416666666666667,0.007322120129213512,-0.0736529813829762,385,435,S01_london_breakout,g005,"{""box_max_atr"": 0.4, ""exit_at"": ""16:00"", ""sl"": ""edge"", ""tp_mult"": 2.0, ""until"": ""12:00""}",0.625,8,-0.07137351380868476
748,2.7733050847457625,0.35561497326203206,-0.10350626948878967,-1.1095883711021841,-77.42268957761468,0.8615473870711498,-1.811092156870819,-1.565457049015139,82.68064548339338,-0.39242258289481624,3.275,-0.060525016997871585,-0.14171182725849465,352,396,S01_london_breakout,g006,"{""box_max_atr"": 0.4, ""exit_at"": ""16:00"", ""sl"": ""mid"", ""tp_mult"": 2.0, ""until"": ""10:00""}",0.625,8,-0.1744586846928786
820,3.0402542372881354,0.3621951219512195,-0.08358707376419854,-1.106817269117504,-68.5414004866428,0.8865475837336448,-1.5280417300051654,-1.3533019311536234,73.79935639242152,-0.1597052252913693,3.3583333333333334,-0.039340259076432266,-0.12274804768325606,385,435,S01_london_breakout,g007,"{""box_max_atr"": 0.4, ""exit_at"": ""16:00"", ""sl"": ""mid"", ""tp_mult"": 2.0, ""until"": ""12:00""}",0.75,8,-0.15347339500075022
748,2.7733050847457625,0.4732620320855615,-0.046869848144485415,-0.14051784045988597,-35.05864641207509,0.9011261803027724,-1.1740913011769807,-1.0006955252418201,55.167975183443986,-0.1730870072269181,7.408333333333333,0.018708476453289154,-0.10516169223139614,352,396,S01_london_breakout,g008,"{""box_max_atr"": 0.4, ""exit_at"": ""16:00"", ""sl"": ""edge"", ""tp_mult"": 0, ""until"": ""10:00""}",0.5,8,-0.08317262031112026
820,3.0402542372881354,0.47317073170731705,-0.03078650492866035,-0.1354466382111225,-25.244934041501487,0.9333582859713172,-0.7678891241430015,-0.6899464394855135,44.54388227708395,0.10918758180902083,7.083333333333333,0.02071501945937653,-0.07636831386979644,385,435,S01_london_breakout,g009,"{""box_max_atr"": 0.4, ""exit_at"": ""16:00"", ""sl"": ""edge"", ""tp_mult"": 0, ""until"": ""12:00""}",0.625,8,-0.06652583501557993
748,2.7733050847457625,0.34358288770053474,-0.09610024038863989,-1.1124218855273122,-71.88297981070264,0.8741412939322344,-1.4723903296105847,-1.2826653223699862,78.96467213121663,-0.34224108804466463,4.683333333333334,-0.04397240067262007,-0.14243609791399084,352,396,S01_london_breakout,g010,"{""box_max_atr"": 0.4, ""exit_at"": ""16:00"", ""sl"": ""mid"", ""tp_mult"": 0, ""until"": ""10:00""}",0.5,8,-0.16705265559272875
820,3.0402542372881354,0.3475609756097561,-0.06673973999870249,-1.1104191606539933,-54.72658679893604,0.9113450182652392,-0.9851256273365108,-0.9150074158062194,70.73208495595334,-0.06909120686791644,4.541666666666667,-0.036782933512093996,-0.09325323539489618,385,435,S01_london_breakout,g011,"{""box_max_atr"": 0.4, ""exit_at"": ""16:00"", ""sl"": ""mid"", ""tp_mult"": 0, ""until"": ""12:00""}",0.5,8,-0.13662606123525411
942,3.492584745762712,0.5360934182590233,-0.07408036016117114,0.141999068311028,-69.78369927182322,0.8157279640440611,-2.850133401292673,-2.5498239803323135,73.95835722017492,-0.880998064538047,5.125,-0.0358927045927964,-0.10841845367628229,446,496,S01_london_breakout,g012,"{""box_max_atr"": 0.6, ""exit_at"": ""16:00"", ""sl"": ""edge"", ""tp_mult"": 1.0, ""until"": ""10:00""}",0.25,8,-0.10671438950858128
1046,3.8781779661016946,0.5401529636711281,-0.06181248215624302,0.14524917335704304,-64.6558563354302,0.8416304041467232,-2.534579084729261,-2.281032218793602,69.41631910218834,-0.714789877788578,4.841666666666667,-0.028957247508799747,-0.09076763499301858,490,556,S01_london_breakout,g013,"{""box_max_atr"": 0.6, ""exit_at"": ""16:00"", ""sl"": ""edge"", ""tp_mult"": 1.0, ""until"": ""12:00""}",0.375,8,-0.09375609348774173
942,3.492584745762712,0.410828025477707,-0.15145869930757663,-1.0797290053491917,-142.6740947477372,0.7727227437922167,-3.834365198572505,-3.3662457842087345,148.75446486614064,-1.1805640462217892,2.2583333333333333,-0.12878865874094433,-0.17184345352676628,446,496,S01_london_breakout,g014,"{""box_max_atr"": 0.6, ""exit_at"": ""16:00"", ""sl"": ""mid"", ""tp_mult"": 1.0, ""until"": ""10:00""}",0.125,8,-0.21531679454617264
1046,3.8781779661016946,0.4149139579349904,-0.139926628002395,-1.076235132395402,-146.36325289050518,0.787336187233097,-3.7413457378443757,-3.3914195755808043,151.09478371519157,-1.1544472242480455,2.2916666666666665,-0.12177501187440956,-0.15592355588497211,490,556,S01_london_breakout,g015,"{""box_max_atr"": 0.6, ""exit_at"": ""16:00"", ""sl"": ""mid"", ""tp_mult"": 1.0, ""until"": ""12:00""}",0.125,8,-0.20246490399821734
942,3.492584745762712,0.47876857749469215,-0.052426669077757906,-0.08499830337523803,-49.38592227124795,0.8816590416791049,-1.6869455469719392,-1.4240025554699443,63.18302081063426,-0.41153390088301156,6.975,0.0033243179209985984,-0.10255759690325267,446,496,S01_london_breakout,g016,"{""box_max_atr"": 0.6, ""exit_at"": ""16:00"", ""sl"": ""edge"", ""tp_mult"": 2.0, ""until"": ""10:00""}",0.5,8,-0.08506069842516806
1046,3.8781779661016946,0.4818355640535373,-0.04048345711926294,-0.06822373961588565,-42.345696146749034,0.9059222814278345,-1.3856408102466564,-1.1905284703195376,58.01817580335246,-0.26545811088798726,6.616666666666666,0.012129273722881046,-0.08685079185424596,490,556,S01_london_breakout,g017,"{""box_max_atr"": 0.6, ""exit_at"": ""16:00"", ""sl"": ""edge"", ""tp_mult"": 2.0, ""until"": ""12:00""}",0.625,8,-0.07242706845076166
942,3.492584745762712,0.35881104033970274,-0.10260043504525078,-1.0944667062046798,-96.64960981262624,0.8583652361718689,-2.0690132851190324,-1.7316371852273817,107.29873640674516,-0.5814845236513304,3.8333333333333335,-0.04950040237192143,-0.15034764184425264,446,496,S01_london_breakout,g018,"{""box_max_atr"": 0.6, ""exit_at"": ""16:00"", ""sl"": ""mid"", ""tp_mult"": 2.0, ""until"": ""10:00""}",0.5,8,-0.16645853028384675
1046,3.8781779661016946,0.3632887189292543,-0.08873765287731787,-1.0909564988059648,-92.81958490967449,0.8758707324938403,-1.8862129893524433,-1.6162432482062277,102.11987221007644,-0.5138413486776257,3.775,-0.03347991934887393,-0.13743601515957965,490,556,S01_london_breakout,g019,"{""box_max_atr"": 0.6, ""exit_at"": ""16:00"", ""sl"": ""mid"", ""tp_mult"": 2.0, ""until"": ""12:00""}",0.5,8,-0.1512759288731402
942,3.492584745762712,0.470276008492569,-0.04485388719202289,-0.11418991124521238,-42.25236173488557,0.9005634948965607,-1.3091073977330874,-1.0695694197736878,65.52836314754168,-0.2344794226435318,7.475,0.022032344782771142,-0.10499755545968044,446,496,S01_london_breakout,g020,"{""box_max_atr"": 0.6, ""exit_at"": ""16:00"", ""sl"": ""edge"", ""tp_mult"": 0, ""until"": ""10:00""}",0.5,8,-0.07748791653943306
1046,3.8781779661016946,0.47036328871892924,-0.030749784985411848,-0.10564304371746458,-32.164275094740795,0.9298899320361145,-0.9083382592191849,-0.7926334586795105,56.97568734631655,-0.06707235441130961,7.2,0.025370735692570468,-0.08020851723759054,490,556,S01_london_breakout,g021,"{""box_max_atr"": 0.6, ""exit_at"": ""16:00"", ""sl"": ""edge"", ""tp_mult"": 0, ""until"": ""12:00""}",0.625,8,-0.06269339631691058
942,3.492584745762712,0.3492569002123142,-0.0870714564185697,-1.0968726210063253,-82.02131194629266,0.8818692644410608,-1.539735622215868,-1.2817185582934036,94.1594440409736,-0.39523423062755264,5.108333333333333,-0.03325159588576571,-0.13546592778476033,446,496,S01_london_breakout,g022,"{""box_max_atr"": 0.6, ""exit_at"": ""16:00"", ""sl"": ""mid"", ""tp_mult"": 0, ""until"": ""10:00""}",0.375,8,-0.15092955165716565
1046,3.8781779661016946,0.35181644359464626,-0.06385151031015629,-1.0940471133589689,-66.78867978442348,0.9122266102586815,-1.1099132434822396,-0.9915434133269463,81.50048136061064,-0.2770873315851461,4.733333333333333,-0.02611215599673394,-0.09711101321227313,490,556,S01_london_breakout,g023,"{""box_max_atr"": 0.6, ""exit_at"": ""16:00"", ""sl"": ""mid"", ""tp_mult"": 0, ""until"": ""12:00""}",0.375,8,-0.12638978630597866
1003,3.71875,0.5363908275174477,-0.06557030824076074,0.12477983116016071,-65.76701916548302,0.8327370884237576,-2.6298490768006437,-2.3372100023217426,71.52015695930355,-0.545301087389415,5.333333333333333,-0.025680285380558155,-0.10291907481836356,485,518,S01_london_breakout,g024,"{""box_max_atr"": 1.0, ""exit_at"": ""16:00"", ""sl"": ""edge"", ""tp_mult"": 1.0, ""until"": ""10:00""}",0.375,8,-0.09683888400964617
1113,4.126588983050848,0.5372866127583109,-0.056788942550379765,0.12477983116016071,-63.20609305857268,0.8513924839213362,-2.4283984801511047,-2.1702224982905216,71.83370134704872,-0.5671811798910982,5.033333333333333,-0.02335356316347096,-0.08751490326283215,533,580,S01_london_breakout,g025,"{""box_max_atr"": 1.0, ""exit_at"": ""16:00"", ""sl"": ""edge"", ""tp_mult"": 1.0, ""until"": ""12:00""}",0.375,8,-0.08743756143186504
1003,3.71875,0.4137587238285145,-0.13800273374145733,-1.0689806930598698,-138.4167419426817,0.7888913023233024,-3.620836622664722,-3.1413100313567086,143.45505946395616,-0.9995537825034214,2.316666666666667,-0.11203395091995735,-0.16231713464575748,485,518,S01_london_breakout,g026,"{""box_max_atr"": 1.0, ""exit_at"": ""16:00"", ""sl"": ""mid"", ""tp_mult"": 1.0, ""until"": ""10:00""}",0.125,8,-0.1992024700355733
1113,4.126588983050848,0.41509433962264153,-0.1327245150296749,-1.0665890400989957,-147.72238522802814,0.7953321453389128,-3.679932643939612,-3.27998579107546,151.41186345558552,-1.1364509770142048,2.4,-0.11250888327301296,-0.15130198352329702,533,580,S01_london_breakout,g027,"{""box_max_atr"": 1.0, ""exit_at"": ""16:00"", ""sl"": ""mid"", ""tp_mult"": 1.0, ""until"": ""12:00""}",0.125,8,-0.19274060294078604
1003,3.71875,0.48055832502492524,-0.0451108524106429,-0.07682598091648897,-45.24618496787483,0.8954272577777841,-1.5159311090180483,-1.2591363001145284,61.49570963643776,-0.11471211068441496,7.033333333333333,0.007455101769601299,-0.09432801028210705,485,518,S01_london_breakout,g028,"{""box_max_atr"": 1.0, ""exit_at"": ""16:00"", ""sl"": ""edge"", ""tp_mult"": 2.0, ""until"": ""10:00""}",0.5,8,-0.07637942817952832
1113,4.126588983050848,0.4806828391734052,-0.03663331147606342,-0.07279143232251808,-40.77287567285859,0.9128856604515847,-1.310037727466934,-1.1077107216113147,57.570742614690616,-0.1542013688847281,6.716666666666667,0.011753877981366458,-0.0810994700636671,533,580,S01_london_breakout,g029,"{""box_max_atr"": 1.0, ""exit_at"": ""16:00"", ""sl"": ""edge"", ""tp_mult"": 2.0, ""until"": ""12:00""}",0.5,8,-0.06728193035754869
1003,3.71875,0.36390827517447655,-0.08910522332501906,-1.0880493541715024,-89.37253899499412,0.8743598910101772,-1.8661546146538532,-1.527692546357223,99.94472491593264,-0.37915627264640067,4.25,-0.040253880332892115,-0.13484441512266684,485,518,S01_london_breakout,g030,"{""box_max_atr"": 1.0, ""exit_at"": ""16:00"", ""sl"": ""mid"", ""tp_mult"": 2.0, ""until"": ""10:00""}",0.625,8,-0.15030495961913504
1113,4.126588983050848,0.3656783468104223,-0.08190386274449316,-1.084941503339156,-91.15899923462088,0.8834780719319596,-1.8095898181521863,-1.5128845958033494,100.38234586184232,-0.4823633418193456,4.0,-0.03236748133745035,-0.12742608910648248,533,580,S01_london_breakout,g031,"{""box_max_atr"": 1.0, ""exit_at"": ""16:00"", ""sl"": ""mid"", ""tp_mult"": 2.0, ""until"": ""12:00""}",0.75,8,-0.14191995065560425
1003,3.71875,0.47258225324027914,-0.03855546448209419,-0.11015272868763874,-38.67113087554047,0.9121661097966715,-1.1802962757599582,-0.9520001180790133,64.58393002499167,0.026806679941688803,7.5,0.024394998551621826,-0.09749556983219507,485,518,S01_london_breakout,g032,"{""box_max_atr"": 1.0, ""exit_at"": ""16:00"", ""sl"": ""edge"", ""tp_mult"": 0, ""until"": ""10:00""}",0.625,8,-0.0698240402509796
1113,4.126588983050848,0.46990116801437554,-0.02798738640150795,-0.10634436667248928,-31.14996106487835,0.9346540309228443,-0.8684371285134099,-0.7472010980224368,59.52075229615678,0.009922197845727702,7.266666666666667,0.023687060578134207,-0.0754744212983171,533,580,S01_london_breakout,g033,"{""box_max_atr"": 1.0, ""exit_at"": ""16:00"", ""sl"": ""edge"", ""tp_mult"": 0, ""until"": ""12:00""}",0.5,8,-0.058636005282993224
1003,3.71875,0.35493519441674976,-0.07562280165859335,-1.0907260955090978,-75.84967006356914,0.8951306873455553,-1.3986100518704696,-1.1428186898283592,89.2459404024061,-0.22900093413713724,5.333333333333333,-0.025835094688178496,-0.12223870490309374,485,518,S01_london_breakout,g034,"{""box_max_atr"": 1.0, ""exit_at"": ""16:00"", ""sl"": ""mid"", ""tp_mult"": 0, ""until"": ""10:00""}",0.5,8,-0.13682253795270938
1113,4.126588983050848,0.35489667565139266,-0.059509005430618635,-1.0878778263688762,-66.23352304427854,0.9167386740155715,-1.0846056864283338,-0.9487903257070955,82.3508118207465,-0.2821811941327986,4.866666666666666,-0.02607039430666376,-0.09023793599797711,533,580,S01_london_breakout,g035,"{""box_max_atr"": 1.0, ""exit_at"": ""16:00"", ""sl"": ""mid"", ""tp_mult"": 0, ""until"": ""12:00""}",0.5,8,-0.11952509334172973
1155,4.282309322033898,0.41904761904761906,-0.10224170462831307,-0.34949243836751215,-118.0891688457016,0.800024451416936,-3.320898324125907,-3.040300212844709,131.58734397732198,-4.6851043561005135,4.866666666666666,-0.05759652671457309,-0.14544180864024545,568,587,S02_orb,default,"{""active_h"": 3.0, ""or_min"": 30, ""sl"": ""edge"", ""tp_mult"": 2.0}",0.0,8,-0.1182917019716127
1265,4.690148305084746,0.48142292490118577,-0.123456051830973,-0.22451164035320412,-156.17190556618084,0.7602122350700273,-4.716990359895515,-4.905318679967619,163.89026123856925,-4.360023238595089,0.9,-0.16516187589648776,-0.08436881702531444,612,653,S02_orb,g000,"{""active_h"": 3.0, ""or_min"": 15, ""sl"": ""edge"", ""tp_mult"": 1.0}",0.0,8,-0.14225915119699892
1265,4.690148305084746,0.5059288537549407,-0.15787536448971293,0.498417164966422,-199.71233607948685,0.7186417069114824,-5.772680284057048,-6.2227441704615964,199.71233607948676,-2.8677225403602318,0.18333333333333332,-0.13817081334192322,-0.17634272329897374,612,653,S02_orb,g001,"{""active_h"": 3.0, ""or_min"": 15, ""sl"": ""mid"", ""tp_mult"": 1.0}",0.0,8,-0.19402557377519294
1265,4.690148305084746,0.38814229249011856,-0.13853767481776036,-1.0283507383241024,-175.25015864446686,0.7692497795969433,-4.258454315493413,-4.139657556022384,196.0294672641952,-5.5654915838343255,1.9666666666666666,-0.14030670946360327,-0.13687971279133487,612,653,S02_orb,g002,"{""active_h"": 3.0, ""or_min"": 15, ""sl"": ""edge"", ""tp_mult"": 2.0}",0.0,8,-0.15734077418378628
1265,4.690148305084746,0.3430830039525692,-0.17981876723666582,-1.078568833222886,-227.47074055438225,0.7570436496484367,-4.809951734453863,-4.9573801151105785,228.6758124702662,-3.0136834158472943,0.38333333333333336,-0.22080206218441753,-0.14140869601457692,612,653,S02_orb,g003,"{""active_h"": 3.0, ""or_min"": 15, ""sl"": ""mid"", ""tp_mult"": 2.0}",0.125,8,-0.21596897652214586
1265,4.690148305084746,0.3683794466403162,-0.11612614914707914,-1.0322104745512808,-146.8995786710551,0.8124427078014618,-2.9314745679786487,-2.703323691437263,195.10751297005802,-5.160914942011313,4.7,-0.09042818287765775,-0.14021061370586307,612,653,S02_orb,g004,"{""active_h"": 3.0, ""or_min"": 15, ""sl"": ""edge"", ""tp_mult"": 0}",0.0,8,-0.13492924851310506
1265,4.690148305084746,0.24426877470355732,-0.12165275317978036,-1.0925628833799144,-153.89073277242215,0.8568648095448865,-1.9403110146564835,-1.7290736370980158,231.9386056194781,-2.693637546647406,0.7,-0.07264270956759906,-0.16758559650390734,612,653,S02_orb,g005,"{""active_h"": 3.0, ""or_min"": 15, ""sl"": ""mid"", ""tp_mult"": 0}",0.125,8,-0.15780296246526038
1155,4.282309322033898,0.49523809523809526,-0.07074999145366402,-0.03417037507946247,-81.71624012898195,0.842999503130892,-2.718205475621835,-2.715382631681108,90.16957508757146,-3.284298370469328,2.0166666666666666,-0.06254814107710385,-0.07868636456079547,568,587,S02_orb,g006,"{""active_h"": 3.0, ""or_min"": 30, ""sl"": ""edge"", ""tp_mult"": 1.0}",0.0,8,-0.08679998879696367
1155,4.282309322033898,0.5281385281385281,-0.08458506376569229,0.6411564625850663,-97.6957486493746,0.8359579824226595,-2.9809635745054526,-2.889691291153537,122.15374833353198,-1.9280308371534016,0.38333333333333336,-0.0746903835010526,-0.09415947328922783,568,587,S02_orb,g007,"{""active_h"": 3.0, ""or_min"": 30, ""sl"": ""mid"", ""tp_mult"": 1.0}",0.125,8,-0.1156694408475615
1155,4.282309322033898,0.3722943722943723,-0.09101085256230625,-1.0560314061384628,-105.11753470946371,0.8650570746795995,-2.342251065565582,-2.2253031720687733,124.84253750689327,-2.232276794594863,0.8166666666666667,-0.08388599291114719,-0.09790509495048065,568,587,S02_orb,g009,"{""active_h"": 3.0, ""or_min"": 30, ""sl"": ""mid"", ""tp_mult"": 2.0}",0.125,8,-0.12209522964417546
1155,4.282309322033898,0.4147186147186147,-0.0823426165295406,-0.35965103716217883,-95.10572209161938,0.8401475243512273,-2.380408914630101,-2.1500455850255262,120.25951150677693,-4.086785927771868,5.283333333333333,-0.010683929284466888,-0.1516818573390838,568,587,S02_orb,g010,"{""active_h"": 3.0, ""or_min"": 30, ""sl"": ""edge"", ""tp_mult"": 0}",0.0,8,-0.09839261387284023
1155,4.282309322033898,0.3038961038961039,-0.10112560594563018,-1.063822640241855,-116.80007486720285,0.8644409781391152,-1.9124531905375362,-1.6993527289706138,176.99657140786988,-2.7097524263190764,1.95,0.041163910059130907,-0.23880949877476865,568,587,S02_orb,g011,"{""active_h"": 3.0, ""or_min"": 30, ""sl"": ""mid"", ""tp_mult"": 0}",0.125,8,-0.13220998302749934
907,3.3628177966101696,0.48401323042998895,-0.07372403576273735,-0.040891514173500884,-66.86770043680278,0.8148712260828336,-2.7503976044320013,-2.835688301822275,72.65169668261586,-2.721893597920672,3.966666666666667,-0.05194226670237289,-0.09886878579441702,486,421,S02_orb,g012,"{""active_h"": 3.0, ""or_min"": 60, ""sl"": ""edge"", ""tp_mult"": 1.0}",0.375,8,-0.08771025253702436
907,3.3628177966101696,0.49834619625137816,-0.11447785337787046,-0.0282960199005151,-103.83141301372851,0.7813033278380771,-3.6182710935548514,-3.8113819881781907,115.38563277994882,-3.2913735778438307,0.7166666666666667,-0.10128903058770755,-0.12970295522114642,486,421,S02_orb,g013,"{""active_h"": 3.0, ""or_min"": 60, ""sl"": ""mid"", ""tp_mult"": 1.0}",0.25,8,-0.14170640508708124
907,3.3628177966101696,0.4310915104740904,-0.08669644789148763,-0.17524165887122942,-78.63367823757928,0.8007252899455064,-2.7994751927106907,-2.7123566434547803,91.69959943513723,-2.8827895516380186,4.833333333333333,-0.04457323804021745,-0.13532324121148118,486,421,S02_orb,g014,"{""active_h"": 3.0, ""or_min"": 60, ""sl"": ""edge"", ""tp_mult"": 2.0}",0.25,8,-0.10068266466577462
907,3.3628177966101696,0.37596471885336274,-0.12155234290543308,-1.0432852386237683,-110.24797501522781,0.81143988849609,-2.9269136730320664,-2.950733160193088,120.67195792275234,-2.7272321445788177,1.5666666666666667,-0.09377125908423013,-0.1536226676966555,486,421,S02_orb,g015,"{""active_h"": 3.0, ""or_min"": 60, ""sl"": ""mid"", ""tp_mult"": 2.0}",0.25,8,-0.1487808946146439
907,3.3628177966101696,0.42778390297684676,-0.07518348310990687,-0.17782925437272748,-68.19141918068553,0.828154354727942,-2.2425161013447616,-2.127173730185597,90.20955334052636,-2.2704877628042928,4.916666666666667,-0.021535041744954506,-0.1371149379872628,486,421,S02_orb,g016,"{""active_h"": 3.0, ""or_min"": 60, ""sl"": ""edge"", ""tp_mult"": 0}",0.25,8,-0.08916969988419388
907,3.3628177966101696,0.3274531422271224,-0.113090858310443,-1.0491183061085525,-102.5734084875718,0.8363483316711586,-2.1070775748382355,-2.0648220942740863,138.86205242379123,-2.1447709509395265,3.1333333333333333,-0.025501468436532372,-0.21420355065894786,486,421,S02_orb,g017,"{""active_h"": 3.0, ""or_min"": 60, ""sl"": ""mid"", ""tp_mult"": 0}",0.25,8,-0.1403194100196538
717,2.6583686440677967,0.3138075313807531,-0.03955621833273514,-0.12350983465108112,-28.361808544571097,0.7941010615453274,-2.12287267916477,-1.8899595423806883,38.64768542189326,-3.9361654232350785,1.0,-0.002776219246984936,-0.07127299676512233,332,385,S03_noise_momentum,default,"{""hard_sl_atr"": 0.5, ""lookback"": 14, ""use_vwap"": true, ""vm"": 1.0}",0.25,8,-0.04793429828644321
816,3.0254237288135593,0.3002450980392157,-0.08049473274386679,-0.17974593808126355,-65.6837019189953,0.7219153859443396,-3.2829899286195747,-3.0431047565273674,75.2535795825342,-5.293545103525092,1.0,-0.026433279656418354,-0.1271505073261853,378,438,S03_noise_momentum,g000,"{""hard_sl_atr"": 0.35, ""lookback"": 14, ""use_vwap"": true, ""vm"": 0.8}",0.25,8,-0.09231669543463258
816,3.0254237288135593,0.30269607843137253,-0.04842461779778539,-0.12435957239130807,-39.51448812299288,0.7572273280685067,-2.7509468001819575,-2.5317422252908446,46.5671132897226,-4.572542628935281,1.4166666666666667,-0.014800034338614486,-0.07744309393378221,378,438,S03_noise_momentum,g001,"{""hard_sl_atr"": 0.5, ""lookback"": 14, ""use_vwap"": true, ""vm"": 0.8}",0.25,8,-0.05669999168132146
816,3.0254237288135593,0.30269607843137253,-0.03061096901713833,-0.08290638159420585,-24.978550717984877,0.7668703132543382,-2.625682367720298,-2.42266188383619,29.68030082913801,-4.388528847920903,1.4166666666666667,-0.009194242949580631,-0.04909389699324977,378,438,S03_noise_momentum,g002,"{""hard_sl_atr"": 0.75, ""lookback"": 14, ""use_vwap"": true, ""vm"": 0.8}",0.25,8,-0.03612788493949572
816,3.0254237288135593,0.3075980392156863,-0.06680973227919007,-0.19433908105130837,-54.5167415398191,0.7830001469679627,-2.5060156740270663,-2.3607036389468807,66.65259029136257,-4.584156953843825,1.5,-0.016184984404852585,-0.11049958318444027,378,438,S03_noise_momentum,g003,"{""hard_sl_atr"": 0.35, ""lookback"": 14, ""use_vwap"": false, ""vm"": 0.8}",0.25,8,-0.07863169496995591
816,3.0254237288135593,0.31004901960784315,-0.039710060495508195,-0.13423079434684693,-32.403409364334685,0.8137621696300035,-2.0780539907658917,-1.9300697057975347,41.20898852221626,-3.9668037868855035,1.5,-0.007221133903136282,-0.0677484491985141,378,438,S03_noise_momentum,g004,"{""hard_sl_atr"": 0.5, ""lookback"": 14, ""use_vwap"": false, ""vm"": 0.8}",0.25,8,-0.04798543437904428
816,3.0254237288135593,0.31004901960784315,-0.025830387422790906,-0.08948719623123136,-21.07759613699738,0.8174598273955246,-2.029178838134145,-1.8872334295521134,27.086754214100434,-3.8886382887494118,1.5,-0.0041416426592618995,-0.04454807125980909,378,438,S03_noise_momentum,g005,"{""hard_sl_atr"": 0.75, ""lookback"": 14, ""use_vwap"": false, ""vm"": 0.8}",0.25,8,-0.03134730334514829
717,2.6583686440677967,0.3110181311018131,-0.06977296464630268,-0.17752897804212708,-50.027215651399025,0.7507831087674502,-2.696530174690445,-2.422189360231988,63.55354707334617,-4.730124423517318,1.0,-0.009408774147124014,-0.12182727957026974,332,385,S03_noise_momentum,g006,"{""hard_sl_atr"": 0.35, ""lookback"": 14, ""use_vwap"": true, ""vm"": 1.0}",0.125,8,-0.08174165029445707
717,2.6583686440677967,0.3138075313807531,-0.024334917624484507,-0.08233988976738803,-17.448135936755392,0.8069279299438538,-1.9759822283775874,-1.7635008080079617,24.444159160152175,-3.717354091136676,1.0,-0.0013610397798711632,-0.04414615773983939,332,385,S03_noise_momentum,g008,"{""hard_sl_atr"": 0.75, ""lookback"": 14, ""use_vwap"": true, ""vm"": 1.0}",0.25,8,-0.029920304260289885
717,2.6583686440677967,0.30962343096234307,-0.06352603789931385,-0.19150692469964203,-45.548169173808034,0.7854597900485618,-2.2881494939497404,-2.0648225296327665,60.85947451341552,-4.461671662283698,1.0,-0.006773742834890556,-0.11246567935746589,332,385,S03_noise_momentum,g009,"{""hard_sl_atr"": 0.35, ""lookback"": 14, ""use_vwap"": false, ""vm"": 1.0}",0.25,8,-0.07549472354746822
717,2.6583686440677967,0.3124128312412831,-0.03630979355069035,-0.13157688632696918,-26.03412197584498,0.8224765410993286,-1.8177400110819066,-1.6187385259068978,37.569480595529434,-3.801733049870566,1.0,-0.0008312615548738632,-0.06690426789513469,332,385,S03_noise_momentum,g010,"{""hard_sl_atr"": 0.5, ""lookback"": 14, ""use_vwap"": false, ""vm"": 1.0}",0.25,8,-0.04468787350439841
717,2.6583686440677967,0.3124128312412831,-0.02342488145296763,-0.08771792421797946,-16.79564000177779,0.8272184634488554,-1.761353755734342,-1.5700314024039632,24.6246510534161,-3.7130064485655354,1.4166666666666667,-6.440131846385008e-05,-0.043569503283241016,332,385,S03_noise_momentum,g011,"{""hard_sl_atr"": 0.75, ""lookback"": 14, ""use_vwap"": false, ""vm"": 1.0}",0.25,8,-0.02901026808877301
584,2.1652542372881354,0.3013698630136986,-0.07145919275593696,-0.1852336538915474,-41.732168569467184,0.7458257894467024,-2.49598248798682,-2.191578164313803,52.18652689318931,-3.8110674544244034,1.0,-0.002471466456980688,-0.13037252092869642,269,315,S03_noise_momentum,g012,"{""hard_sl_atr"": 0.35, ""lookback"": 14, ""use_vwap"": true, ""vm"": 1.25}",0.125,8,-0.08357669934480816
584,2.1652542372881354,0.3047945205479452,-0.0420215972660548,-0.12503811315974186,-24.540612803376,0.7835218029441237,-2.026384285013581,-1.774067372381169,32.555673433387355,-3.1376401189486187,1.0,0.0029682549687458726,-0.08044150282529729,269,315,S03_noise_momentum,g013,"{""hard_sl_atr"": 0.5, ""lookback"": 14, ""use_vwap"": true, ""vm"": 1.25}",0.25,8,-0.05050385187826465
584,2.1652542372881354,0.3047945205479452,-0.02546654339961764,-0.08335874210649441,-14.872461345376701,0.7992578056640073,-1.862475212583874,-1.63090288445069,20.298708284853006,-2.8539881143038928,1.0,0.0028959898157589095,-0.04968724636766936,269,315,S03_noise_momentum,g014,"{""hard_sl_atr"": 0.75, ""lookback"": 14, ""use_vwap"": true, ""vm"": 1.25}",0.25,8,-0.03112137980775755
584,2.1652542372881354,0.3047945205479452,-0.06604311944922199,-0.19579239151508696,-38.56918175834564,0.7732485757396164,-2.1927598676328244,-1.9482753217155573,50.95659713121875,-3.6037175606704595,1.0,-0.010306044636823436,-0.11364081190806394,269,315,S03_noise_momentum,g015,"{""hard_sl_atr"": 0.35, ""lookback"": 14, ""use_vwap"": false, ""vm"": 1.25}",0.125,8,-0.07816062603809322
584,2.1652542372881354,0.3082191780821918,-0.03947016133717311,-0.13372978252159023,-23.0505742209091,0.8050231845383137,-1.8098685109643433,-1.5953147506742147,32.418774785326164,-3.0859655295631887,1.0,-0.002391991850758171,-0.07113374099382587,269,315,S03_noise_momentum,g016,"{""hard_sl_atr"": 0.5, ""lookback"": 14, ""use_vwap"": false, ""vm"": 1.25}",0.375,8,-0.04795241594938298
584,2.1652542372881354,0.3082191780821918,-0.025316074667760098,-0.08915318834772708,-14.784587605971897,0.8110168133662503,-1.7437232561044083,-1.5395003111063024,21.16545045340519,-2.958077696299065,1.0,-0.0006775080639104907,-0.046356628370730076,269,315,S03_noise_momentum,g017,"{""hard_sl_atr"": 0.75, ""lookback"": 14, ""use_vwap"": false, ""vm"": 1.25}",0.375,8,-0.0309709110759
461,1.7092161016949152,0.3036876355748373,-0.07573016367538635,-0.18905293482174712,-34.91160545435311,0.7359688564012583,-2.304943014882968,-2.0772262051638366,46.554333404737676,-4.278099581135717,1.0,-0.020307890472745067,-0.12129472030048272,208,253,S03_noise_momentum,g018,"{""hard_sl_atr"": 0.35, ""lookback"": 14, ""use_vwap"": true, ""vm"": 1.5}",0.125,8,-0.08789668319331531
461,1.7092161016949152,0.3080260303687636,-0.03971780817366886,-0.1285880054854524,-18.309909568061343,0.7954961254846741,-1.6710069154052993,-1.5090936200422156,26.86760196924796,-3.144296520866523,1.0,-0.004577404637681342,-0.06860794230602223,208,253,S03_noise_momentum,g019,"{""hard_sl_atr"": 0.5, ""lookback"": 14, ""use_vwap"": true, ""vm"": 1.5}",0.25,8,-0.048234371836219134
461,1.7092161016949152,0.3080260303687636,-0.024438298532640304,-0.08572533699030054,-11.26605562354718,0.808231883997354,-1.5542196915567497,-1.4127998087211462,17.05405707714034,-2.8902721084691487,1.0,-0.003051603091787549,-0.042021036286384865,208,253,S03_noise_momentum,g020,"{""hard_sl_atr"": 0.75, ""lookback"": 14, ""use_vwap"": true, ""vm"": 1.5}",0.25,8,-0.03011600764100716
461,1.7092161016949152,0.2993492407809111,-0.07061670179890707,-0.19253358036127513,-32.55429952929616,0.7597300324664211,-2.0574555405490966,-1.8396175225854154,46.15116109368411,-3.9120014994264594,1.0,-0.024485290574316886,-0.10854292130370849,208,253,S03_noise_momentum,g021,"{""hard_sl_atr"": 0.35, ""lookback"": 14, ""use_vwap"": false, ""vm"": 1.5}",0.125,8,-0.08278322131683605
461,1.7092161016949152,0.3036876355748373,-0.03618030550201888,-0.13341852481562852,-16.679120836430705,0.8183859260123206,-1.4611191047305603,-1.3005514506052376,26.604706767419714,-2.7823922268998516,1.0,-0.007594495362191591,-0.05968168300828005,208,253,S03_noise_momentum,g022,"{""hard_sl_atr"": 0.5, ""lookback"": 14, ""use_vwap"": false, ""vm"": 1.5}",0.25,8,-0.04469686916456916
461,1.7092161016949152,0.3036876355748373,-0.02207996341820703,-0.08894568321041901,-10.17886313579344,0.831154177651525,-1.3471355569416448,-1.207919452496554,16.87879360925484,-2.528367814502477,1.0,-0.005062996908127754,-0.03607019675455679,208,253,S03_noise_momentum,g023,"{""hard_sl_atr"": 0.75, ""lookback"": 14, ""use_vwap"": false, ""vm"": 1.5}",0.25,8,-0.02775767252657389
671,2.4878177966101696,0.5171385991058122,-0.0049010282673883545,0.050541516245487694,-3.288589967417586,0.987273728727354,-0.150040427858528,-0.15096662599949665,32.21743321658659,2.1288289908524134,1.2666666666666666,-0.02467447075767546,0.011977407449458926,309,362,S04_gap_fade,default,"{""delay"": 0, ""gmax"": 0.6, ""gmin"": 0.15, ""sl_gap"": 1.0, ""target"": 1.0}",0.5,8,-0.01928265143958975
722,2.676906779661017,0.6011080332409973,-0.0484785663089981,0.5757527670885232,-35.00152487509663,0.8822069962805037,-1.582019300414151,-1.7277438659283872,44.2723000511049,-0.052230118687922496,0.13333333333333333,-0.07163844602639408,-0.027401850375706537,344,378,S04_gap_fade,g000,"{""delay"": 0, ""gmax"": 0.5, ""gmin"": 0.1, ""sl_gap"": 0.75, ""target"": 0.5}",0.125,8,-0.07330327024967047
693,2.569385593220339,0.5728715728715729,-0.05693521957973171,0.5657584931046067,-39.45610716875407,0.8590338971607024,-1.875367429961403,-2.0105849162763465,50.19508523220428,-0.6587798832166765,0.3,-0.054265632822473424,-0.05947696697114948,338,355,S04_gap_fade,g001,"{""delay"": 15, ""gmax"": 0.5, ""gmin"": 0.1, ""sl_gap"": 0.75, ""target"": 0.5}",0.125,8,-0.08057451071169452
722,2.676906779661017,0.6994459833795014,-0.003993035817588277,0.3022830464742844,-2.882971860298736,0.9814067985531044,-0.20879046473683138,-0.2323632513411838,17.27650192248155,1.4740124420781093,0.2833333333333333,-0.008384733482957334,3.641422853397941e-06,344,378,S04_gap_fade,g002,"{""delay"": 0, ""gmax"": 0.5, ""gmin"": 0.1, ""sl_gap"": 1.5, ""target"": 0.5}",0.375,8,-0.01640538778792447
693,2.569385593220339,0.6406926406926406,-0.027145455416543344,0.29651448208149217,-18.811800603664537,0.876877816935351,-1.4353410884371782,-1.6121526288445962,27.22508018449035,-0.01411725465124855,0.48333333333333334,0.0009710991876466812,-0.05391558346222286,338,355,S04_gap_fade,g003,"{""delay"": 15, ""gmax"": 0.5, ""gmin"": 0.1, ""sl_gap"": 1.5, ""target"": 0.5}",0.375,8,-0.03896510098252477
722,2.676906779661017,0.46398891966759004,-0.037698554818162824,-0.2862625618200103,-27.21835657871356,0.9304315809429125,-0.9209428911711095,-0.9687279795907955,42.98018150287314,0.8079016865875297,0.4,-0.07450181458858708,-0.004205641164655035,344,378,S04_gap_fade,g004,"{""delay"": 0, ""gmax"": 0.5, ""gmin"": 0.1, ""sl_gap"": 0.75, ""target"": 1.0}",0.125,8,-0.06252325875883519
693,2.569385593220339,0.43001443001443,-0.07053574227717489,-0.3375911639475553,-48.881269398082196,0.8664904900384559,-1.7638877212483648,-1.7473907984250698,72.73455960965148,-0.8903763088675329,0.7833333333333333,-0.028274681550447094,-0.11077303389867911,338,355,S04_gap_fade,g005,"{""delay"": 15, ""gmax"": 0.5, ""gmin"": 0.1, ""sl_gap"": 0.75, ""target"": 1.0}",0.25,8,-0.09417503340913773
722,2.676906779661017,0.5664819944598338,0.006068601985008753,0.22466527245465173,4.38153063317632,1.0199928571504713,0.23787382396416495,0.23304811588091942,13.43704787273008,2.7497846883066597,1.0833333333333333,0.009295284207277642,0.0031321504388169517,344,378,S04_gap_fade,g006,"{""delay"": 0, ""gmax"": 0.5, ""gmin"": 0.1, ""sl_gap"": 1.5, ""target"": 1.0}",0.625,8,-0.00634374998532744
693,2.569385593220339,0.48917748917748916,-0.05377130903774689,-0.012154360376785226,-37.263517163158596,0.8290771536131105,-2.163687311250805,-2.3614295821599622,45.591705863266284,-1.1783698963163753,1.7333333333333334,-0.009565764230322292,-0.09585996860087227,338,355,S04_gap_fade,g007,"{""delay"": 15, ""gmax"": 0.5, ""gmin"": 0.1, ""sl_gap"": 1.5, ""target"": 1.0}",0.25,8,-0.06559095460372832
973,3.6075211864406778,0.566289825282631,-0.04797221119456531,0.5198237885462873,-46.676961492312046,0.8737545097316486,-1.9302774030737158,-2.0024667859620653,59.608637412479034,-0.64492277518276,0.26666666666666666,-0.06643438419944166,-0.03208697629553211,450,523,S04_gap_fade,g008,"{""delay"": 0, ""gmax"": 1.0, ""gmin"": 0.1, ""sl_gap"": 0.75, ""target"": 0.5}",0.25,8,-0.06845633109739775
978,3.6260593220338984,0.5470347648261759,-0.0499304722034946,0.23206168440849306,-48.83200181501772,0.8618986898175238,-2.1065140072917257,-2.0995665172607536,64.07782859708115,-1.1583586657222857,0.5416666666666666,-0.049417985661404526,-0.050389326433040345,462,516,S04_gap_fade,g009,"{""delay"": 15, ""gmax"": 1.0, ""gmin"": 0.1, ""sl_gap"": 0.75, ""target"": 0.5}",0.125,8,-0.06914481740296509
973,3.6075211864406778,0.6433710174717369,-0.008330209989458584,0.2932531730126903,-8.105294319743203,0.9576729903395914,-0.549270962406728,-0.544288059568704,24.85256065266055,0.5818184599762769,0.5666666666666667,-0.011353363512849298,-0.005729026269523947,450,523,S04_gap_fade,g010,"{""delay"": 0, ""gmax"": 1.0, ""gmin"": 0.1, ""sl_gap"": 1.5, ""target"": 0.5}",0.375,8,-0.01857226994087481
978,3.6260593220338984,0.5950920245398773,-0.025619050598365122,0.274791574030533,-25.05543148520109,0.8689529790690764,-1.7787437078192696,-1.8395168445023933,34.88383973739236,-0.9031561559130591,0.9,-0.006132446532308535,-0.04306635889006696,462,516,S04_gap_fade,g011,"{""delay"": 15, ""gmax"": 1.0, ""gmin"": 0.1, ""sl_gap"": 1.5, ""target"": 0.5}",0.375,8,-0.03522622319810037
973,3.6075211864406778,0.4563206577595067,-0.04303881041210839,-0.1596043182574802,-41.876762530981466,0.9103413707201367,-1.331991109782994,-1.298415793209866,59.34002329435505,0.08579755645658277,0.9166666666666666,-0.06092949234628115,-0.0276452982316538,450,523,S04_gap_fade,g012,"{""delay"": 0, ""gmax"": 1.0, ""gmin"": 0.1, ""sl_gap"": 0.75, ""target"": 1.0}",0.25,8,-0.06352293031494084
978,3.6260593220338984,0.4325153374233129,-0.06343124314843987,-0.1597502167243834,-62.0357557991742,0.8603659527158051,-2.0849026071584325,-1.9122925669427944,88.64656350489008,-1.1654554244487603,1.3666666666666667,-0.03176941476345167,-0.09177962437685953,462,516,S04_gap_fade,g013,"{""delay"": 15, ""gmax"": 1.0, ""gmin"": 0.1, ""sl_gap"": 0.75, ""target"": 1.0}",0.25,8,-0.08264558834791036
973,3.6075211864406778,0.5364850976361768,-0.001711829215958594,0.06964533328692345,-1.665609827127712,0.9935243130014738,-0.08635007343469504,-0.07917122716930435,22.05642444732783,1.7050597276999775,2.3333333333333335,0.00600891680959326,-0.008354918530486961,450,523,S04_gap_fade,g014,"{""delay"": 0, ""gmax"": 1.0, ""gmin"": 0.1, ""sl_gap"": 1.5, ""target"": 1.0}",0.625,8,-0.011953889167374818
978,3.6260593220338984,0.47443762781186094,-0.04650659834100166,-0.02960144516809627,-45.48345317749963,0.824205231673663,-2.5071185512309158,-2.5029375524684334,55.76223464315471,-1.5830135473458817,2.5,-0.014873919468381971,-0.07482888058741698,462,516,S04_gap_fade,g015,"{""delay"": 15, ""gmax"": 1.0, ""gmin"": 0.1, ""sl_gap"": 1.5, ""target"": 1.0}",0.25,8,-0.056113770940736926
471,1.746292372881356,0.5987261146496815,-0.012330909800534607,0.6018788467768195,-5.8078585160518,0.967376369274914,-0.3392808049299282,-0.39940445482033077,30.20004576955045,0.8394973717663476,0.2833333333333333,-0.03155150943066878,0.0038113906700859013,215,256,S04_gap_fade,g016,"{""delay"": 0, ""gmax"": 0.5, ""gmin"": 0.2, ""sl_gap"": 0.75, ""target"": 0.5}",0.5,8,-0.02954534662246029
468,1.7351694915254237,0.5491452991452992,-0.05491835197546129,0.574993874479343,-25.701788724515886,0.8594418055327222,-1.5311214139274134,-1.6900009119336714,38.852348093449876,-0.6459356996386736,0.5333333333333333,-0.05789786893528528,-0.05198933530309196,232,236,S04_gap_fade,g017,"{""delay"": 15, ""gmax"": 0.5, ""gmin"": 0.2, ""sl_gap"": 0.75, ""target"": 0.5}",0.375,8,-0.07287616288375261
471,1.746292372881356,0.6794055201698513,0.017813537101321286,0.3081761006289185,8.390175974722325,1.0943001706604452,0.8231413429764628,0.7876405236998996,10.420949144224249,2.7121466253632325,0.5833333333333334,0.030946007899308358,0.006784313579574335,215,256,S04_gap_fade,g018,"{""delay"": 0, ""gmax"": 0.5, ""gmin"": 0.2, ""sl_gap"": 1.5, ""target"": 0.5}",0.5,8,0.009206318690358447
468,1.7351694915254237,0.5854700854700855,-0.03126304084116527,0.2979851140139256,-14.631103113665347,0.8507709428594686,-1.465715654704919,-1.6953520909162172,17.85943795765933,-0.12889787366104952,0.9083333333333333,-0.0260710788684301,-0.03636700345843036,232,236,S04_gap_fade,g019,"{""delay"": 15, ""gmax"": 0.5, ""gmin"": 0.2, ""sl_gap"": 1.5, ""target"": 0.5}",0.25,8,-0.04024194629531092
471,1.746292372881356,0.47558386411889597,0.004408205765563356,-0.1293748764159151,2.0762649155803405,1.0092184139808693,0.09236153087073488,0.09984111587913935,28.396707777399975,2.527002837048914,0.9166666666666666,-0.02511472211674379,0.029202852229219756,215,256,S04_gap_fade,g020,"{""delay"": 0, ""gmax"": 0.5, ""gmin"": 0.2, ""sl_gap"": 0.75, ""target"": 1.0}",0.5,8,-0.012806231056362322
468,1.7351694915254237,0.42094017094017094,-0.07634798248301622,-0.2735927361346537,-35.73085580205159,0.843392120598899,-1.6787602547733111,-1.6805793987844544,58.40282803620029,-0.8996710534663136,1.25,-0.03728020190745811,-0.11475359728610728,232,236,S04_gap_fade,g021,"{""delay"": 15, ""gmax"": 0.5, ""gmin"": 0.2, ""sl_gap"": 0.75, ""target"": 1.0}",0.25,8,-0.09430579339130755
471,1.746292372881356,0.5456475583864119,0.02053031068191519,0.10683349374399174,9.669776331182055,1.0800845235261358,0.7277566107278981,0.742199551016446,13.570063952805036,4.264663639466283,2.3666666666666667,0.023756628649809184,0.017820707701066724,215,256,S04_gap_fade,g022,"{""delay"": 0, ""gmax"": 0.5, ""gmin"": 0.2, ""sl_gap"": 1.5, ""target"": 1.0}",0.5,8,0.011923092270952357
468,1.7351694915254237,0.452991452991453,-0.05217086793474746,-0.045044058189173286,-24.415966193461813,0.8080000063030865,-1.9573800349695138,-2.088673144256193,31.886063733095085,-1.0703202983848021,2.5,-0.0332277203523801,-0.0707929452191086,232,236,S04_gap_fade,g023,"{""delay"": 15, ""gmax"": 0.5, ""gmin"": 0.2, ""sl_gap"": 1.5, ""target"": 1.0}",0.25,8,-0.06114977338889314
722,2.676906779661017,0.5526315789473685,-0.024215090212281448,0.34653583928479237,-17.483295133267205,0.9302380134427225,-0.8870530407519797,-0.9303457056046862,43.96581163213204,-0.26924716406952354,0.5833333333333334,-0.03749352643072578,-0.013585718576070415,321,401,S04_gap_fade,g024,"{""delay"": 0, ""gmax"": 1.0, ""gmin"": 0.2, ""sl_gap"": 0.75, ""target"": 0.5}",0.25,8,-0.03822563337490958
753,2.791843220338983,0.5245683930942895,-0.046583908858936963,0.08477635889551739,-35.07768337077953,0.8632730475723032,-1.807868665569552,-1.786840618925007,53.003217370678826,-1.2996523551635297,0.9166666666666666,-0.05034166032179514,-0.0432142375219659,356,397,S04_gap_fade,g025,"{""delay"": 15, ""gmax"": 1.0, ""gmin"": 0.2, ""sl_gap"": 0.75, ""target"": 0.5}",0.25,8,-0.060944939875819094
722,2.676906779661017,0.610803324099723,0.004387608746922241,0.2950810879338335,3.167853515277858,1.0252599429174998,0.2765858979514372,0.23314828806110766,17.50657608001596,1.0793537935216142,1.1,0.013796655562948403,-0.0031443214973281342,321,401,S04_gap_fade,g026,"{""delay"": 0, ""gmax"": 1.0, ""gmin"": 0.2, ""sl_gap"": 1.5, ""target"": 0.5}",0.625,8,-0.00261766283439182
753,2.791843220338983,0.547144754316069,-0.02772209029907291,0.08522670162788017,-20.8747339952019,0.8470145149820851,-1.857463104419137,-1.9049957381865754,26.195412696203405,-1.240142985236424,2.1333333333333333,-0.025870539665244104,-0.029382422857367755,356,397,S04_gap_fade,g027,"{""delay"": 15, ""gmax"": 1.0, ""gmin"": 0.2, ""sl_gap"": 1.5, ""target"": 0.5}",0.375,8,-0.034902605807513976
722,2.676906779661017,0.46121883656509693,-0.01742678813945646,-0.11662211461018474,-12.582141036687563,0.9582062614369468,-0.5049770117639155,-0.5019499453311488,40.293738986337985,0.9562248489835139,1.7416666666666667,-0.02239661243754668,-0.013448449985623653,321,401,S04_gap_fade,g028,"{""delay"": 0, ""gmax"": 1.0, ""gmin"": 0.2, ""sl_gap"": 0.75, ""target"": 1.0}",0.375,8,-0.03143733130208458
753,2.791843220338983,0.42762284196547146,-0.06492077317814554,-0.13824429742273237,-48.885342203143594,0.840402015831855,-2.0468224996996542,-1.822044124951103,74.76264480398311,-1.2534271926798435,2.5,-0.03867874746964561,-0.08845266524924371,356,397,S04_gap_fade,g029,"{""delay"": 15, ""gmax"": 1.0, ""gmin"": 0.2, ""sl_gap"": 0.75, ""target"": 1.0}",0.25,8,-0.07928180419502767
722,2.676906779661017,0.5124653739612188,0.00501750120620225,0.016170971762741966,3.6226358708780246,1.022812628804977,0.2502876974918699,0.2299734034386999,20.68948154042519,2.330104077954694,2.5,0.01437417432000757,-0.0024725039547242034,321,401,S04_gap_fade,g030,"{""delay"": 0, ""gmax"": 1.0, ""gmin"": 0.2, ""sl_gap"": 1.5, ""target"": 1.0}",0.5,8,-0.0019877703751117995
753,2.791843220338983,0.44754316069057104,-0.04334117159070765,-0.040584990638128066,-32.63590220780286,0.8056035693997569,-2.3796332693829307,-2.2503418764718157,41.9590199528326,-1.636768673042644,2.5,-0.03187458878172956,-0.05362354811462755,356,397,S04_gap_fade,g031,"{""delay"": 15, ""gmax"": 1.0, ""gmin"": 0.2, ""sl_gap"": 1.5, ""target"": 1.0}",0.25,8,-0.050521687099148706
1511,2.801112288135593,0.3375248180013236,-0.21035038551723687,-1.0695170287222744,-317.8394325165449,0.7123297997034049,-6.19857360098194,-6.454826355528491,317.8394325165451,-4.292311073987618,1.5833333333333333,-0.1843504365915914,-0.23285157588375227,701,810,S05_sweep_reversal,default,"{""close_back"": ""inside"", ""tf"": 15, ""tp_r"": 2.0}",0.125,16,-0.2667261818575055
1522,2.8215042372881354,0.46583442838370565,-0.19083690196737985,-0.5253161772654782,-290.45376479435214,0.6756549602104345,-7.413329107387541,-7.645207098822851,290.453764794352,-3.560299468763488,0.7833333333333333,-0.1598012957434984,-0.21761793304184304,705,817,S05_sweep_reversal,g000,"{""close_back"": ""inside"", ""tf"": 15, ""tp_r"": 1.0}",0.125,16,-0.24710727831041207
1418,2.628707627118644,0.459802538787024,-0.17979601168734952,-0.493175898068706,-254.95074457266162,0.689000699914033,-6.789471924182822,-7.360321519806543,254.9507445726613,-3.8642311579010555,1.0,-0.14234335314253696,-0.2116747758795398,652,766,S05_sweep_reversal,g001,"{""close_back"": ""strong"", ""tf"": 15, ""tp_r"": 1.0}",0.125,16,-0.22956735750620647
1406,2.6064618644067794,0.3357041251778094,-0.20858704276995454,-1.0592574472529437,-293.2733821345561,0.7073368314062997,-6.029972841668453,-6.755450908479902,293.2733821345563,-4.513610078047885,2.0,-0.16833945675048814,-0.2430925689610162,649,757,S05_sweep_reversal,g003,"{""close_back"": ""strong"", ""tf"": 15, ""tp_r"": 2.0}",0.125,16,-0.25848332604322305
1497,2.7751588983050848,0.2965931863727455,-0.2415856060163508,-1.0792708361067462,-361.65365220647715,0.6943133675092463,-5.915634806705203,-6.481973842704055,361.65365220647726,-4.337184826483407,2.1166666666666667,-0.1812156524460524,-0.2932030384370521,690,807,S05_sweep_reversal,g004,"{""close_back"": ""inside"", ""tf"": 15, ""tp_r"": 3.0}",0.0625,16,-0.2980919404899185
1397,2.5897775423728815,0.2956335003579098,-0.2529341987105014,-1.069102606523622,-353.34907559857044,0.6712449853978195,-6.13836137890299,-6.882669044492437,353.3490755985706,-4.602569797775446,2.6333333333333333,-0.1608089022106282,-0.331045726562907,641,756,S05_sweep_reversal,g005,"{""close_back"": ""strong"", ""tf"": 15, ""tp_r"": 3.0}",0.0625,16,-0.3028338862633056
1281,2.3747351694915255,0.4722872755659641,-0.14660509809964453,-0.15940543455369738,-187.80113066564465,0.7206069320119155,-5.539036112732969,-5.998847825393867,198.14107641661892,-2.484749204402196,2.033333333333333,-0.1034367239873605,-0.18334812172989787,589,692,S05_sweep_reversal,g006,"{""close_back"": ""inside"", ""tf"": 60, ""tp_r"": 1.0}",0.0625,16,-0.18731412150021345
1104,2.0466101694915255,0.4601449275362319,-0.1414531801685285,-0.17172519290511057,-156.16431090605548,0.7182700328520378,-5.129678728523733,-5.723135643364825,169.72087809190268,-3.016132674314091,2.975,-0.07958806139708019,-0.19418385187305154,508,596,S05_sweep_reversal,g007,"{""close_back"": ""strong"", ""tf"": 60, ""tp_r"": 1.0}",0.0625,16,-0.17438711209250216
1268,2.350635593220339,0.36514195583596215,-0.20017019884843923,-1.0298246932883073,-253.81581213982093,0.6820681386616059,-6.09765457453295,-6.940295006598021,253.81581213982074,-3.4049199363223344,3.9,-0.1290552138351487,-0.2603125660867533,581,687,S05_sweep_reversal,g008,"{""close_back"": ""inside"", ""tf"": 60, ""tp_r"": 2.0}",0.0,16,-0.24105609679951676
1095,2.029925847457627,0.3771689497716895,-0.17177362319873235,-0.5408656036445832,-188.09211740261193,0.7024311267240837,-5.1217028698921885,-6.042560921906958,193.75389918256477,-3.180390203594179,5.216666666666667,-0.0650592895583659,-0.26211189552160585,502,593,S05_sweep_reversal,g009,"{""close_back"": ""strong"", ""tf"": 60, ""tp_r"": 2.0}",0.1875,16,-0.2048258521243589
1254,2.3246822033898304,0.34688995215311,-0.19853251098215205,-1.0370197705010245,-248.95976877161866,0.6937582643606321,-5.473736184735357,-6.3256169231487895,249.13762352953535,-2.9358301762963954,4.608333333333333,-0.13906159491462672,-0.24841134381297975,572,682,S05_sweep_reversal,g010,"{""close_back"": ""inside"", ""tf"": 60, ""tp_r"": 3.0}",0.0625,16,-0.23943691573086054
1087,2.0150953389830506,0.37074517019319225,-0.16161759890968033,-0.5669190721122248,-175.6783300148225,0.7233432978074198,-4.462979971614545,-5.1753591704238575,181.27071548512492,-2.6747339900919562,7.0,-0.051412722096464164,-0.255141805593005,499,588,S05_sweep_reversal,g011,"{""close_back"": ""strong"", ""tf"": 60, ""tp_r"": 3.0}",0.1875,16,-0.19464614258790566
784,1.4533898305084745,0.38903061224489793,-0.04979131048705596,-1.0252798899198488,-39.03638742185188,0.9200921719145388,-1.051039316788535,-1.134081285662759,76.86606631389901,-1.2565080424798303,20.775,-0.03433500116218926,-0.06470529316894488,385,399,S06_trend_pullback,default,"{""don"": 20, ""max_hold_h"": 72, ""pb_atr"": 0.5, ""tp_r"": 2.0}",0.375,16,-0.0674091197499733
1126,2.0873940677966103,0.458259325044405,-0.027041250562868786,-0.1426550285599988,-30.44844813379025,0.9428507801146728,-0.8619817264648836,-0.7286250053272373,66.16389042328827,0.21218493110928485,18.2,-0.0588331643878928,0.002464258500766519,542,584,S06_trend_pullback,g000,"{""don"": 20, ""max_hold_h"": 24, ""pb_atr"": 0.35, ""tp_r"": 1.5}",0.4375,16,-0.04391734617937906
927,1.7184851694915253,0.43905070118662354,-0.04800336560362329,-1.0142538428715067,-44.49911991455879,0.9167729423588178,-1.226959043895663,-1.065067559217293,87.90271714378228,-0.5428551394373953,16.916666666666668,-0.09864707717131739,-0.0020488865884934677,441,486,S06_trend_pullback,g001,"{""don"": 20, ""max_hold_h"": 72, ""pb_atr"": 0.35, ""tp_r"": 1.5}",0.4375,16,-0.06503816930495189
1092,2.024364406779661,0.44047619047619047,-0.03767539368449705,-0.19954910864499165,-41.14152990347078,0.9234680674933502,-1.1130421548655705,-1.2575462915833682,74.03608587394199,-0.026083089455993844,23.025,-0.055361842292105556,-0.020873267507268985,532,560,S06_trend_pullback,g002,"{""don"": 20, ""max_hold_h"": 24, ""pb_atr"": 0.35, ""tp_r"": 2.0}",0.375,16,-0.054703606764831714
865,1.6035487288135593,0.3861271676300578,-0.06707873775879929,-1.025524316278238,-58.023108161361385,0.8926054975351191,-1.5044346044271684,-1.376927811453498,105.38356746289888,-2.273580040677973,21.633333333333333,-0.08311107805756561,-0.052086526920131895,418,447,S06_trend_pullback,g003,"{""don"": 20, ""max_hold_h"": 72, ""pb_atr"": 0.35, ""tp_r"": 2.0}",0.4375,16,-0.08446815317799009
1077,1.9965572033898304,0.43268337975858867,-0.04145293809945113,-0.22087689721417983,-44.64481433310887,0.9169777735053335,-1.1559847749649217,-1.5185980507399304,74.27554685551867,-0.008519282867077507,24.0,-0.04444255025745702,-0.03858834608623457,527,550,S06_trend_pullback,g004,"{""don"": 20, ""max_hold_h"": 24, ""pb_atr"": 0.35, ""tp_r"": 3.0}",0.4375,16,-0.058626300185877736
816,1.5127118644067796,0.35661764705882354,-0.04307818668761178,-1.0323590388618644,-35.15180033709121,0.9348718209347736,-0.8013665337953323,-1.5399133598772405,98.45918684609936,-1.4977623718336672,28.316666666666666,-0.050105368257395214,-0.03632128133205078,400,416,S06_trend_pullback,g005,"{""don"": 20, ""max_hold_h"": 72, ""pb_atr"": 0.35, ""tp_r"": 3.0}",0.3125,16,-0.060855679974679805
1001,1.855667372881356,0.45354645354645357,-0.02599316759605257,-0.15877098062149606,-26.01916076364862,0.9454334155678876,-0.7829865867162695,-0.7612333887100867,58.22717253543256,0.17365629657480836,17.016666666666666,-0.04395822919333182,-0.008766396201401237,490,511,S06_trend_pullback,g006,"{""don"": 20, ""max_hold_h"": 24, ""pb_atr"": 0.5, ""tp_r"": 1.5}",0.4375,16,-0.042863449470635334
832,1.542372881355932,0.4411057692307692,-0.03418085812238491,-1.0139009760291728,-28.438473957824243,0.9400814630339929,-0.8313978205095711,-0.8569773621350312,67.26303369284678,0.28598626445461706,16.391666666666666,-0.06074687988367933,-0.00910451982434066,404,428,S06_trend_pullback,g007,"{""don"": 20, ""max_hold_h"": 72, ""pb_atr"": 0.5, ""tp_r"": 1.5}",0.4375,16,-0.0514476555877178
970,1.7981991525423728,0.43711340206185567,-0.033473816592596774,-0.223751945363775,-32.46960209481887,0.9323572215046553,-0.9311302326501503,-1.2536579301519275,58.62759690028159,0.2518948575269778,22.225,-0.02963860199829802,-0.037230761501297595,480,490,S06_trend_pullback,g008,"{""don"": 20, ""max_hold_h"": 24, ""pb_atr"": 0.5, ""tp_r"": 2.0}",0.375,16,-0.050477611032320624
956,1.7722457627118644,0.4309623430962343,-0.035275594086831535,-0.25237065538497705,-33.723467947010946,0.9298809361981928,-0.9203769667862935,-1.3942715901847704,67.44519681433704,0.3955188421874407,24.0,-0.01347599721256079,-0.05671337192584469,474,482,S06_trend_pullback,g010,"{""don"": 20, ""max_hold_h"": 24, ""pb_atr"": 0.5, ""tp_r"": 3.0}",0.375,16,-0.052408446356621056
744,1.3792372881355932,0.3575268817204301,-0.026167430937283628,-1.0326322374817858,-19.46856861733902,0.9602576996391559,-0.4622159906906389,-1.358418280292205,87.34678502110945,-0.25570270217433827,27.033333333333335,0.011426240717168152,-0.062372418150673896,365,379,S06_trend_pullback,g011,"{""don"": 20, ""max_hold_h"": 72, ""pb_atr"": 0.5, ""tp_r"": 3.0}",0.4375,16,-0.04419694261522477
766,1.420021186440678,0.46475195822454307,0.005321297036695429,-0.15745095283194965,4.076113530108699,1.0112002584093738,0.13707365946951075,-0.04748556849865394,38.47754405306423,1.1053870649287325,15.725,0.00130092959888364,0.009077700955863017,370,396,S06_trend_pullback,g012,"{""don"": 20, ""max_hold_h"": 24, ""pb_atr"": 0.75, ""tp_r"": 1.5}",0.4375,16,-0.011761905823660075
660,1.2235169491525424,0.45454545454545453,-0.004890933667908659,-0.9412043992265922,-3.2280162208197147,0.9912364336270776,-0.10529446510074328,-0.35486780010373775,47.81401314336526,2.2686641222877615,14.933333333333334,-0.011012069320924557,0.0008352900074933394,319,341,S06_trend_pullback,g013,"{""don"": 20, ""max_hold_h"": 72, ""pb_atr"": 0.75, ""tp_r"": 1.5}",0.4375,16,-0.0225051448102924
744,1.3792372881355932,0.4422043010752688,-0.01290829729127975,-0.2413366246426733,-9.603773184712134,0.9741498515472414,-0.3070322659558657,-0.7703221118168353,49.46976437915791,0.21063740326809313,20.866666666666667,0.015484160941929453,-0.03981423938662459,362,382,S06_trend_pullback,g014,"{""don"": 20, ""max_hold_h"": 24, ""pb_atr"": 0.75, ""tp_r"": 2.0}",0.375,16,-0.03013394149509944
625,1.1586334745762712,0.3952,-0.03024920164899987,-1.0238198000072838,-18.90575103062492,0.950737590393035,-0.5706962112553601,-0.8300315766968911,59.71342435855105,-0.5462854744439796,19.75,0.0031018913230332736,-0.06123277876190716,301,324,S06_trend_pullback,g015,"{""don"": 20, ""max_hold_h"": 72, ""pb_atr"": 0.75, ""tp_r"": 2.0}",0.375,16,-0.04826785102392787
736,1.3644067796610169,0.4361413043478261,-0.010887005685001245,-0.30828228893168985,-8.012836184160916,0.9785624038903477,-0.24189740152463926,-1.0065752289747787,55.68470059606527,0.19103448785293028,24.0,0.022683373737809643,-0.04320409094269383,361,375,S06_trend_pullback,g016,"{""don"": 20, ""max_hold_h"": 24, ""pb_atr"": 0.75, ""tp_r"": 3.0}",0.375,16,-0.028216654905661494
602,1.1159957627118644,0.3687707641196013,0.030098161756993848,-1.0323590388618644,18.119093377710296,1.046545598324335,0.4656249065820542,-0.6761149787606879,58.59007193668103,2.41352273188775,25.666666666666668,0.03354251842320025,0.02685379999398652,292,310,S06_trend_pullback,g017,"{""don"": 20, ""max_hold_h"": 72, ""pb_atr"": 0.75, ""tp_r"": 3.0}",0.5625,16,0.01189775354986519
1792,6.6440677966101696,0.56640625,-0.1384219764673316,0.28595278769993715,-248.05218182945822,0.6757750034294999,-7.263446003140549,-6.379645955215605,252.1195749437073,-0.8658299312384051,1.2666666666666666,-0.11452146383723004,-0.1610755058297757,872,920,S07_asian_fade,default,"{""lookback"": 8, ""sl_mult"": 1.0}",0.0,8,-0.21954859707042643
1837,6.810911016949152,0.44529123571039736,-0.29603998448964214,-1.1224932249323694,-543.8254515074726,0.6065481703227896,-10.129935650066807,-9.600704779173501,555.4587799784136,-0.9974354946972888,0.65,-0.23236115799085377,-0.3562785354042798,893,944,S07_asian_fade,g000,"{""lookback"": 8, ""sl_mult"": 0.5, ""start"": ""19:30""}",0.0,8,-0.4584531134897373
1896,7.029661016949152,0.4361814345991561,-0.3143599642399683,-1.1362446036339933,-596.0264921989799,0.5862326008182589,-11.020291388503088,-10.243315031896236,608.8628994519293,-1.094596159607776,0.7,-0.27007258104450077,-0.3569968859498905,930,966,S07_asian_fade,g001,"{""lookback"": 8, ""sl_mult"": 0.5, ""start"": ""18:30""}",0.0,8,-0.4719809871276548
1792,6.6440677966101696,0.56640625,-0.1384219764673316,0.28595278769993715,-248.05218182945822,0.6757750034294999,-7.263446003140549,-6.379645955215605,252.11957494370736,-0.865829931238405,1.2666666666666666,-0.11452146383723001,-0.1610755058297757,872,920,S07_asian_fade,g002,"{""lookback"": 8, ""sl_mult"": 1.0, ""start"": ""19:30""}",0.0,8,-0.21954859707042643
1842,6.829449152542373,0.5559174809989142,-0.1579745857806489,0.2731453010566314,-290.9891870079553,0.6425423155020826,-8.361995616207182,-7.432715139467858,296.32891419816303,-1.081015230663472,1.3333333333333333,-0.14178148131273885,-0.17347935424567223,901,941,S07_asian_fade,g003,"{""lookback"": 8, ""sl_mult"": 1.0, ""start"": ""18:30""}",0.0,8,-0.23649941264700206
1763,6.536546610169491,0.6029495178672717,-0.08696316116387318,0.22807017543860886,-153.3160531319084,0.7026712092617275,-6.050664055389073,-4.970277324733072,156.90686928128662,-0.8199166880177434,1.75,-0.06293615488759988,-0.1096391450365192,856,907,S07_asian_fade,g004,"{""lookback"": 8, ""sl_mult"": 1.5, ""start"": ""19:30""}",0.0,8,-0.14097902617557384
1797,6.662605932203389,0.5937673900946021,-0.1072455863524133,0.2270531400965863,-192.7203186752867,0.6544186837171618,-7.36891351861498,-6.275789348503301,196.62804404797998,-1.1694365109418168,1.75,-0.0824683756414666,-0.13055114847901653,871,926,S07_asian_fade,g005,"{""lookback"": 8, ""sl_mult"": 1.5, ""start"": ""18:30""}",0.0,8,-0.15971192071467388
1273,4.719809322033898,0.4257659073055774,-0.23280967068477149,-0.5190839694656275,-296.3667107817141,0.6261587678286731,-7.8744010469278845,-7.396106860845202,299.50851709315344,-1.3864590070763878,1.4166666666666667,-0.2253529683131695,-0.2398451547544662,618,655,S07_asian_fade,g006,"{""lookback"": 16, ""sl_mult"": 0.5, ""start"": ""19:30""}",0.0,8,-0.3323128158705171
1343,4.979343220338983,0.4177215189873418,-0.2572049890464485,-0.6585365853659563,-345.4263002893804,0.5969666240226348,-8.970029146518053,-8.596824661468549,349.2240837746216,-1.5856934825653473,1.3833333333333333,-0.2657034592481038,-0.24911414895620998,655,688,S07_asian_fade,g007,"{""lookback"": 16, ""sl_mult"": 0.5, ""start"": ""18:30""}",0.0,8,-0.35586321250202424
1268,4.701271186440678,0.5,-0.11824228988347894,2.5682644322098027e-14,-149.9312235722513,0.6582587594025303,-6.3949219447793695,-5.413335265923656,151.8002729915965,-1.4013541436652341,2.5,-0.09926452391602823,-0.1361722037422974,616,652,S07_asian_fade,g008,"{""lookback"": 16, ""sl_mult"": 1.0, ""start"": ""19:30""}",0.0,8,-0.16796197536837967
1332,4.938559322033898,0.5015015015015015,-0.130223796667283,0.002403846153928807,-173.45809716082096,0.6373178553693913,-7.106082431763197,-6.222323423785768,175.42281729124164,-1.59125414292034,2.441666666666667,-0.1255105698718496,-0.13470239723863922,649,683,S07_asian_fade,g009,"{""lookback"": 16, ""sl_mult"": 1.0, ""start"": ""18:30""}",0.0,8,-0.17952912639866492
1266,4.693855932203389,0.5181674565560821,-0.06913866415574779,0.03277571251549621,-87.5295488211767,0.6962346324724638,-5.229946325990403,-4.203113561104794,90.05430767939309,-1.1954898657922588,3.0,-0.05017594280087618,-0.08705275575827627,615,651,S07_asian_fade,g010,"{""lookback"": 16, ""sl_mult"": 1.5, ""start"": ""19:30""}",0.0,8,-0.10231544589154691
1328,4.923728813559322,0.5218373493975904,-0.07699254325798127,0.053179214390685695,-102.24609744659912,0.675493128360441,-5.809616995523715,-4.857641882810891,104.5122487191643,-1.4025884300835147,3.0,-0.06311157084294204,-0.0901804862132388,647,681,S07_asian_fade,g011,"{""lookback"": 16, ""sl_mult"": 1.5, ""start"": ""18:30""}",0.0,8,-0.10990921558458114
80,1.1864406779661016,0.55,0.12648431549026617,0.06903392368558131,10.118745239221294,1.6450932264193108,1.4550449518547892,1.2910135102836833,3.046803451666685,2.417666241698604,1.9166666666666667,0.08153123726012969,0.15971050374732354,34,46,S08_tokyo_fix,default,"{""days"": ""gotobi"", ""entry"": ""08:00"", ""exit_at"": ""09:55""}",1.0,2,0.10428508890425434
270,4.004237288135593,0.5222222222222223,0.005961071709166163,0.03650592472556281,1.6094893614748642,1.0286044015172406,0.16424920075861302,0.14803419019249706,15.120293520261082,0.10418705319228373,1.9166666666666667,0.05549769693444933,-0.029153498070781374,112,158,S08_tokyo_fix,g004,"{""days"": ""all"", ""entry"": ""08:00"", ""exit_at"": ""09:55""}",0.5,2,-0.016780059705076743
190,2.8177966101694913,0.5105263157894737,-0.044785557251297,0.016943093674944277,-8.50925587774643,0.7903167804707053,-1.247824854493182,-1.1738415617919524,16.80797396190728,-0.86990944723143,1.9166666666666667,0.04414974345915271,-0.10672264167464592,78,112,S08_tokyo_fix,g005,"{""days"": ""other"", ""entry"": ""08:00"", ""exit_at"": ""09:55""}",0.0,2,-0.06775485911953195
92,1.3644067796610169,0.5,-0.03672558831429636,-0.01220446407129033,-3.3787541249152655,0.8336358099963582,-0.6209813435970645,-0.5543624269574655,5.60104296821477,-0.9294682433239293,0.9166666666666666,-0.07842539134921123,0.004974214720618479,46,46,S08_tokyo_fix,g006,"{""days"": ""gotobi"", ""entry"": ""09:00"", ""exit_at"": ""09:55""}",0.0,2,-0.058142398913117684
306,4.538135593220339,0.5098039215686274,-0.03606266067889342,0.018635837537878182,-11.035174167741387,0.8210182827263609,-1.278239236370699,-1.1537365525253234,13.937583196081091,-0.7398712076563273,0.9166666666666666,-0.037704157637343076,-0.034564794704308115,146,160,S08_tokyo_fix,g007,"{""days"": ""all"", ""entry"": ""09:00"", ""exit_at"": ""09:55""}",0.0,2,-0.058037549031191474
214,3.173728813559322,0.514018691588785,-0.03577766375152395,0.024151312708972743,-7.656420042826125,0.8148204734301682,-1.138627623543739,-1.0367041457452362,11.361951004437259,-0.658362201668386,0.9166666666666666,-0.018972390129883766,-0.05051913184068201,100,114,S08_tokyo_fix,g008,"{""days"": ""other"", ""entry"": ""09:00"", ""exit_at"": ""09:55""}",0.0,2,-0.057992473381017595
107,0.31737288135593217,0.2336448598130841,-0.43743742574388744,-1.1054623655913371,-46.80580455459596,0.486571078261427,-3.611235496096038,-3.014381661059923,46.80580455459595,-7.100263067112909,0.5333333333333333,-0.535241105057764,-0.3938222714552667,33,74,S09_news_momentum,default,"{""exit_at"": ""12:00"", ""k"": 2.5, ""mode"": ""follow"", ""sl"": ""mid"", ""slot"": ""08:30"", ""tp_r"": 2.0}",0.2,10,-0.4944896261411047
160,0.47457627118644063,0.44375,-0.2481050655765218,-1.0420966381258014,-39.696810492243486,0.6076981825986941,-3.075980058140226,-2.281489657917619,51.35752903572453,-2.986103241170878,0.23333333333333334,-0.2558804669826222,-0.2434398247328615,60,100,S09_news_momentum,g000,"{""exit_at"": ""12:00"", ""k"": 2.0, ""mode"": ""follow"", ""sl"": ""mid"", ""slot"": ""08:30"", ""tp_r"": 1.0}",0.1,10,-0.3163526684931978
160,0.47457627118644063,0.525,-0.10425828122296037,0.5766190856296911,-16.68132499567366,0.8136810641195233,-1.2716765018757274,-0.9651682330881284,23.904162260415017,0.4792970380591314,0.24166666666666667,-0.22100054720007525,-0.034212921636691436,60,100,S09_news_momentum,g001,"{""exit_at"": ""12:00"", ""k"": 2.0, ""mode"": ""fade"", ""sl"": ""mid"", ""slot"": ""08:30"", ""tp_r"": 1.0}",0.2,10,-0.1563594135108925
160,0.47457627118644063,0.28125,-0.33862196745254747,-1.105645981001938,-54.179514792407595,0.5962684588225591,-3.145397225007655,-2.81624700921253,56.73251779540991,-5.765278018705622,0.49166666666666664,-0.4889800196544435,-0.24840713613140977,60,100,S09_news_momentum,g002,"{""exit_at"": ""12:00"", ""k"": 2.0, ""mode"": ""follow"", ""sl"": ""mid"", ""slot"": ""08:30"", ""tp_r"": 2.0}",0.0,10,-0.4068695703692235
160,0.47457627118644063,0.41875,-0.0600218930369984,-1.085598311750998,-9.603502885919744,0.910383083186545,-0.5576953408362112,-0.46495327649167856,29.263025299862676,0.1183538104424656,0.675,-0.11548762338043428,-0.026742454830936815,60,100,S09_news_momentum,g003,"{""exit_at"": ""12:00"", ""k"": 2.0, ""mode"": ""fade"", ""sl"": ""mid"", ""slot"": ""08:30"", ""tp_r"": 2.0}",0.4,10,-0.11212302532493053
160,0.47457627118644063,0.13125,-0.4503045120271313,-1.1420889929743034,-72.04872192434101,0.5622241131782744,-2.2257886026927034,-2.300979295900943,76.74679947100918,-6.8860063260813265,0.7333333333333333,-0.6885756250025765,-0.30734184424186417,60,100,S09_news_momentum,g004,"{""exit_at"": ""12:00"", ""k"": 2.0, ""mode"": ""follow"", ""sl"": ""mid"", ""slot"": ""08:30"", ""tp_r"": 0}",0.3,10,-0.5185521149438073
160,0.47457627118644063,0.2625,-0.48634791591276805,-1.1432161854967056,-77.81566654604289,0.43538996261050733,-4.601488645031031,-3.337323883724739,88.08405646006734,-4.574502960772378,0.9,-0.8353671768383631,-0.2769363593574109,60,100,S09_news_momentum,g005,"{""exit_at"": ""12:00"", ""k"": 2.0, ""mode"": ""fade"", ""sl"": ""mid"", ""slot"": ""08:30"", ""tp_r"": 0}",0.2,10,-0.5384490482007
160,0.47457627118644063,0.43125,-0.0889712981021433,-0.24160300276378568,-14.235407696342929,0.8111828002435305,-1.2402575509596072,-1.044376459920922,16.346411555526018,-4.664984472138114,1.2083333333333333,-0.20880084093710538,-0.01707357240116606,60,100,S09_news_momentum,g006,"{""exit_at"": ""12:00"", ""k"": 2.0, ""mode"": ""follow"", ""sl"": ""ext"", ""slot"": ""08:30"", ""tp_r"": 1.0}",0.4,10,-0.11121548094998154
160,0.47457627118644063,0.525,-0.10425828122296037,0.5766190856296911,-16.68132499567366,0.8136810641195233,-1.2716765018757274,-0.9651682330881284,23.904162260415017,0.4792970380591314,0.24166666666666667,-0.22100054720007525,-0.034212921636691436,60,100,S09_news_momentum,g007,"{""exit_at"": ""12:00"", ""k"": 2.0, ""mode"": ""fade"", ""sl"": ""ext"", ""slot"": ""08:30"", ""tp_r"": 1.0}",0.2,10,-0.1563594135108925
160,0.47457627118644063,0.33125,-0.1450225137714233,-0.4010902236487243,-23.203602203427728,0.7401373503853104,-1.6551327311291744,-1.3588363034681608,34.06564641922244,-7.698906459897609,2.4583333333333335,-0.31127415081299575,-0.04527153154647985,60,100,S09_news_momentum,g008,"{""exit_at"": ""12:00"", ""k"": 2.0, ""mode"": ""follow"", ""sl"": ""ext"", ""slot"": ""08:30"", ""tp_r"": 2.0}",0.3,10,-0.16726669661926152
160,0.47457627118644063,0.41875,-0.06002189303699842,-1.085598311750998,-9.603502885919747,0.910383083186545,-0.5576953408362114,-0.46495327649167856,29.263025299862672,0.11835381044246525,0.675,-0.11548762338043428,-0.026742454830936842,60,100,S09_news_momentum,g009,"{""exit_at"": ""12:00"", ""k"": 2.0, ""mode"": ""fade"", ""sl"": ""ext"", ""slot"": ""08:30"", ""tp_r"": 2.0}",0.4,10,-0.11212302532493053
160,0.47457627118644063,0.3,-0.1862724544660767,-0.6340637222862084,-29.803592714572275,0.6859925668304032,-1.8177414974437986,-1.4405490822214122,43.819232274430014,-9.762457445924989,3.25,-0.35514862916110307,-0.08494674964906095,60,100,S09_news_momentum,g010,"{""exit_at"": ""12:00"", ""k"": 2.0, ""mode"": ""follow"", ""sl"": ""ext"", ""slot"": ""08:30"", ""tp_r"": 0}",0.3,10,-0.2085166373139149
160,0.47457627118644063,0.2625,-0.486347915912768,-1.1432161854967056,-77.81566654604288,0.43538996261050744,-4.60148864503103,-3.337323883724739,88.08405646006734,-4.574502960772379,0.9,-0.8353671768383631,-0.2769363593574109,60,100,S09_news_momentum,g011,"{""exit_at"": ""12:00"", ""k"": 2.0, ""mode"": ""fade"", ""sl"": ""ext"", ""slot"": ""08:30"", ""tp_r"": 0}",0.2,10,-0.5384490482007
79,0.23432203389830505,0.3291139240506329,-0.4182287518344426,-1.0643678160920014,-33.040071394920965,0.41578964617860514,-3.860290452145682,-2.6483746839332074,36.387866237515354,-6.636289816007684,0.31666666666666665,-0.40140640779966635,-0.42393124133775656,20,59,S09_news_momentum,g012,"{""exit_at"": ""12:00"", ""k"": 3.0, ""mode"": ""follow"", ""sl"": ""mid"", ""slot"": ""08:30"", ""tp_r"": 1.0}",0.0,10,-0.46477228705144014
79,0.23432203389830505,0.6455696202531646,0.15646588242057582,0.8326359832636062,12.360804711225489,1.3934414330143823,1.428634208123023,0.9989468639325545,8.127627208776445,4.93530918455761,0.35,-0.2319240769808873,0.2881234957770039,20,59,S09_news_momentum,g013,"{""exit_at"": ""12:00"", ""k"": 3.0, ""mode"": ""fade"", ""sl"": ""mid"", ""slot"": ""08:30"", ""tp_r"": 1.0}",0.6,10,0.11493886532096292
79,0.23432203389830505,0.21518987341772153,-0.45661624039482795,-1.0981233243967614,-36.07268299119141,0.45806933345503326,-3.3325323351013036,-2.6323548470706837,40.45642251974831,-7.6133817750246955,0.7166666666666667,-0.24178436791599026,-0.5294406039469762,20,59,S09_news_momentum,g014,"{""exit_at"": ""12:00"", ""k"": 3.0, ""mode"": ""follow"", ""sl"": ""mid"", ""slot"": ""08:30"", ""tp_r"": 2.0}",0.1,10,-0.5031597756118253
79,0.23432203389830505,0.5443037974683544,0.18415093303645788,0.3565459610027605,14.547923709880173,1.367331398882175,1.2700002917774296,1.042914484445626,10.341753942829605,3.501072523947639,1.0166666666666666,-0.017401973340341527,0.2524739521472374,20,59,S09_news_momentum,g015,"{""exit_at"": ""12:00"", ""k"": 3.0, ""mode"": ""fade"", ""sl"": ""mid"", ""slot"": ""08:30"", ""tp_r"": 2.0}",0.7,10,0.14262391593684504
79,0.23432203389830505,0.1518987341772152,-0.4860615877306921,-1.1044854881266168,-38.398865430724676,0.4649997336205917,-2.7340580223944824,-1.9282714518796482,42.35260445077076,-8.210349040622779,0.8,-0.5008888259244981,-0.4810354052921136,20,59,S09_news_momentum,g016,"{""exit_at"": ""12:00"", ""k"": 3.0, ""mode"": ""follow"", ""sl"": ""mid"", ""slot"": ""08:30"", ""tp_r"": 0}",0.3,10,-0.5326051229476895
79,0.23432203389830505,0.4177215189873418,-0.17931747175031096,-1.081190223166819,-14.166080268274566,0.7259638696054531,-1.2707278586862187,-0.887897844799122,28.411088872002743,-0.5698776525900136,1.8166666666666667,-0.7180785345274311,0.0033133969876959113,20,59,S09_news_momentum,g017,"{""exit_at"": ""12:00"", ""k"": 3.0, ""mode"": ""fade"", ""sl"": ""mid"", ""slot"": ""08:30"", ""tp_r"": 0}",0.5,10,-0.22084448884992383
79,0.23432203389830505,0.35443037974683544,-0.10846393624726784,-0.2672176308540032,-8.568650963534159,0.7410121709203521,-1.1916757875944055,-0.8581135771940075,17.3724416179965,-5.45285901000408,2.3333333333333335,-0.1063020959423255,-0.10919676346928224,20,59,S09_news_momentum,g018,"{""exit_at"": ""12:00"", ""k"": 3.0, ""mode"": ""follow"", ""sl"": ""ext"", ""slot"": ""08:30"", ""tp_r"": 1.0}",0.3,10,-0.12490694112105007
79,0.23432203389830505,0.6455696202531646,0.15646588242057582,0.8326359832636062,12.360804711225489,1.3934414330143823,1.428634208123023,0.9989468639325545,8.127627208776445,4.93530918455761,0.35,-0.2319240769808873,0.2881234957770039,20,59,S09_news_momentum,g019,"{""exit_at"": ""12:00"", ""k"": 3.0, ""mode"": ""fade"", ""sl"": ""ext"", ""slot"": ""08:30"", ""tp_r"": 1.0}",0.6,10,0.11493886532096292
79,0.23432203389830505,0.27848101265822783,-0.1940314065501892,-0.3364993215739394,-15.328481117464946,0.5996186339258192,-1.8921251869282087,-1.4526821906082588,18.576953933935723,-10.03895544921178,3.25,-0.33582656797631266,-0.14596525013455403,20,59,S09_news_momentum,g020,"{""exit_at"": ""12:00"", ""k"": 3.0, ""mode"": ""follow"", ""sl"": ""ext"", ""slot"": ""08:30"", ""tp_r"": 2.0}",0.3,10,-0.2104744114239713
79,0.23432203389830505,0.5443037974683544,0.18415093303645785,0.3565459610027605,14.54792370988017,1.367331398882175,1.270000291777429,1.042914484445626,10.341753942829605,3.501072523947639,1.0166666666666666,-0.017401973340341527,0.25247395214723745,20,59,S09_news_momentum,g021,"{""exit_at"": ""12:00"", ""k"": 3.0, ""mode"": ""fade"", ""sl"": ""ext"", ""slot"": ""08:30"", ""tp_r"": 2.0}",0.7,10,0.14262391593684504
79,0.23432203389830505,0.26582278481012656,-0.23557105848866633,-0.34532374100718555,-18.61011362060464,0.5272584307692854,-2.3119595113446776,-1.6541526510681106,20.705635859136393,-13.198406754861244,3.25,-0.4175471904052158,-0.1738842341101751,20,59,S09_news_momentum,g022,"{""exit_at"": ""12:00"", ""k"": 3.0, ""mode"": ""follow"", ""sl"": ""ext"", ""slot"": ""08:30"", ""tp_r"": 0}",0.3,10,-0.2520140633624486
79,0.23432203389830505,0.4177215189873418,-0.17931747175031096,-1.081190223166819,-14.166080268274566,0.7259638696054531,-1.2707278586862187,-0.887897844799122,28.411088872002743,-0.5698776525900139,1.8166666666666667,-0.7180785345274311,0.003313396987695919,20,59,S09_news_momentum,g023,"{""exit_at"": ""12:00"", ""k"": 3.0, ""mode"": ""fade"", ""sl"": ""ext"", ""slot"": ""08:30"", ""tp_r"": 0}",0.5,10,-0.22084448884992383
495,4.8940677966101696,0.47474747474747475,-0.0594164872936928,-0.10243033464808586,-29.411161210377937,0.8601517020815742,-1.4198314109814176,-1.1656322308628295,52.10474436373683,-2.000073705386896,8.0,-0.10243520288812909,-0.018928284381282176,240,255,S10_eur_seasonality,default,"{""leg"": ""europe"", ""sl_atr"": 0.4}",0.0,3,-0.08266715222221122
495,4.8940677966101696,0.4484848484848485,-0.05175950781326426,-0.3090087948656443,-25.620956367565807,0.9005424511197974,-0.9988852165017207,-0.817512855820398,49.61624569057368,-1.4866387758438446,8.0,-0.12289262549619127,0.015189308829490584,240,255,S10_eur_seasonality,g000,"{""leg"": ""europe"", ""sl_atr"": 0.3}",0.0,3,-0.0827603943846221
495,4.8940677966101696,0.49292929292929294,-0.022442770321018678,-0.019155122284929604,-11.109171308904246,0.9199785627946775,-0.7515950621282378,-0.5997920212503125,33.49809154304203,-1.436504025202924,8.0,-0.06066186939845012,0.013528146457740326,240,255,S10_eur_seasonality,g001,"{""leg"": ""europe"", ""sl_atr"": 0.6}",0.3333333333333333,3,-0.037943213606697626
495,4.8940677966101696,0.3838383838383838,-0.15254328408370277,-0.2500595379851841,-75.50892562143287,0.6514724194177512,-3.768213648804363,-2.8819060034633095,87.62407253591486,-2.9842317174566464,5.0,-0.0740769522587855,-0.22639394933068369,240,255,S10_eur_seasonality,g002,"{""leg"": ""us"", ""sl_atr"": 0.3}",0.0,3,-0.1835441706550606
495,4.8940677966101696,0.397979797979798,-0.08677623856745353,-0.09704531669697591,-42.9542380908895,0.6358654082782733,-3.7503182078514383,-2.825975607214573,51.95984794457634,-3.358867602249887,5.0,-0.038786874846589686,-0.13194269854003127,240,255,S10_eur_seasonality,g003,"{""leg"": ""us"", ""sl_atr"": 0.6}",0.0,3,-0.10227668185313249
1261,2.3376588983050848,0.3560666137985726,-0.11625297439882468,-1.0639222176251102,-146.59500071691792,0.8379183469215089,-3.016723248820284,-3.0368784150111683,172.92529316665653,-1.6270016138616177,5.383333333333334,-0.1320305121958237,-0.10108887119735441,618,643,S11_nr_breakout,default,"{""inside"": true, ""nr"": 4, ""tf"": ""4h"", ""tp_mult"": 2.0}",0.25,16,-0.1569350343668884
3989,7.394862288135593,0.4868388067184758,-0.22664222117272406,-0.0943894389439121,-904.0758202579963,0.6120209410788664,-14.727857074447499,-12.888016187748457,905.5560975615329,-1.8423300970443435,1.0166666666666666,-0.20352402211561163,-0.2477959837281039,1906,2083,S11_nr_breakout,g000,"{""inside"": true, ""nr"": 4, ""tf"": ""1h"", ""tp_mult"": 1.0}",0.0625,16,-0.29914745537494947
9137,16.938294491525422,0.4862646382839006,-0.2067002511582862,-0.09804285714264006,-1888.620194833261,0.6375214424195857,-20.431573903245965,-16.244744852393907,1892.9845437573308,-1.7918982697822632,1.0833333333333333,-0.19031613251501525,-0.2215104838472858,4338,4799,S11_nr_breakout,g001,"{""inside"": false, ""nr"": 4, ""tf"": ""1h"", ""tp_mult"": 1.0}",0.0625,16,-0.27377926459995355
3840,7.11864406779661,0.36276041666666664,-0.2220779661865774,-1.0801196055384914,-852.7793901564572,0.6928454041347103,-10.721110781265466,-9.269368162961905,863.9932202911891,-1.61526640745704,1.8166666666666667,-0.19434420017259088,-0.2476463330523247,1842,1998,S11_nr_breakout,g002,"{""inside"": true, ""nr"": 4, ""tf"": ""1h"", ""tp_mult"": 2.0}",0.0625,16,-0.2940772136199322
8320,15.423728813559322,0.36478365384615385,-0.20103961221409558,-1.0708361108482696,-1672.6495736212753,0.7147228852908595,-14.37078110166988,-11.245123722280997,1677.9835235295448,-1.740721319189325,1.9,-0.1854074635636797,-0.21515574278862484,3948,4372,S11_nr_breakout,g003,"{""inside"": false, ""nr"": 4, ""tf"": ""1h"", ""tp_mult"": 2.0}",0.0625,16,-0.2679748689678332
3797,7.038930084745762,0.3220963918883329,-0.2073487249779504,-1.0926902788244224,-787.3031087412777,0.7297558587631506,-8.648211344117316,-7.356247530864566,803.1859152559193,-1.2809015677564564,2.25,-0.14295481596919957,-0.2668796373104196,1824,1973,S11_nr_breakout,g004,"{""inside"": true, ""nr"": 4, ""tf"": ""1h"", ""tp_mult"": 3.0}",0.125,16,-0.27941699067424136
8082,14.982521186440678,0.32615689185845087,-0.1884543393946578,-1.0843350794081315,-1523.0879709876244,0.7478470890421558,-11.557334407558916,-8.487551453920146,1533.9171896801834,-1.6189177214212431,2.3833333333333333,-0.15217027012526751,-0.22139780738570483,3846,4236,S11_nr_breakout,g005,"{""inside"": false, ""nr"": 4, ""tf"": ""1h"", ""tp_mult"": 3.0}",0.0625,16,-0.2554374746339808
1289,2.3895656779661016,0.5128006206361521,-0.10556046466450944,0.503267973856516,-136.06743895255266,0.8040882567339052,-3.8456176789941,-3.994957247749011,144.43459402536897,-0.7274509075578195,2.8666666666666667,-0.0965778933216131,-0.11420123344489069,632,657,S11_nr_breakout,g006,"{""inside"": true, ""nr"": 4, ""tf"": ""4h"", ""tp_mult"": 1.0}",0.3125,16,-0.14615022910584177
2562,4.749470338983051,0.4921935987509758,-0.13729017607192567,-0.5899026987235647,-351.73743109627355,0.7537213435303094,-7.04910317405661,-6.679289462836093,357.25528509440784,-2.1525085180718677,3.4,-0.10244619335698325,-0.17111564236904672,1262,1300,S11_nr_breakout,g007,"{""inside"": false, ""nr"": 4, ""tf"": ""4h"", ""tp_mult"": 1.0}",0.0625,16,-0.1737362049999
2417,4.4806673728813555,0.35705419942076955,-0.11947657159307003,-1.0601285864311014,-288.77487354045024,0.8315974160822485,-4.33815067244655,-4.00501954005433,318.4210708146721,-1.4251336109655475,5.866666666666666,-0.09648849301234645,-0.14210605124683648,1199,1218,S11_nr_breakout,g009,"{""inside"": false, ""nr"": 4, ""tf"": ""4h"", ""tp_mult"": 2.0}",0.25,16,-0.15600904470659804
1247,2.311705508474576,0.2854851643945469,-0.1394787334305789,-1.0735187336624883,-173.92998058793188,0.8238891302495183,-3.0675061203271667,-3.082020724468727,200.7186147400021,-2.3935963175420536,6.566666666666666,-0.17566224484786486,-0.10493992707771506,609,638,S11_nr_breakout,g010,"{""inside"": true, ""nr"": 4, ""tf"": ""4h"", ""tp_mult"": 3.0}",0.25,16,-0.18023752024009687
2363,4.380561440677966,0.29411764705882354,-0.13894664501179252,-1.0678416153599122,-328.3309221628657,0.8206991913422295,-4.243453097982018,-4.4403997014868075,363.88885181064035,-2.7918021927541554,6.9,-0.10557392521616403,-0.17156533682877498,1168,1195,S11_nr_breakout,g011,"{""inside"": false, ""nr"": 4, ""tf"": ""4h"", ""tp_mult"": 3.0}",0.1875,16,-0.17572845436763151
1294,4.797669491525424,0.44435857805255025,-0.011299550079121985,-0.04181615718681919,-14.621617802383849,0.9277539041628383,-0.9738838041564699,-0.7882375734336626,23.936819246806575,-0.5560583037709834,0.48333333333333334,-0.023654539654157692,0.00024285423238371278,625,669,S12_last_half_hour,default,"{""sig"": ""first"", ""sl_atr"": 0.25}",0.25,8,-0.027589936209769034
1294,4.797669491525424,0.43972179289026275,-0.029494307279962908,-0.07670860119500403,-38.165633620272004,0.8899059918480939,-1.5459487998242374,-1.3285897482685638,50.60792361121649,-0.8066330361407703,0.48333333333333334,-0.03509577548913833,-0.024261246546428326,625,669,S12_last_half_hour,g000,"{""min_move_atr"": 0.0, ""sig"": ""first"", ""sl_atr"": 0.15}",0.125,8,-0.0566449508310413
840,3.114406779661017,0.4452380952380952,-0.025145493205222004,-0.06948400569043423,-21.122214292386484,0.9074288203611927,-1.0234524339912012,-0.7921798950746718,31.147797444967395,-0.7149134576675028,0.48333333333333334,-0.039671138791366,-0.012003242436806024,399,441,S12_last_half_hour,g001,"{""min_move_atr"": 0.2, ""sig"": ""first"", ""sl_atr"": 0.15}",0.25,8,-0.05245501201248723
1294,4.797669491525424,0.44435857805255025,-0.011299550079121992,-0.04181615718681919,-14.621617802383858,0.9277539041628382,-0.9738838041564704,-0.7882375734336624,23.93681924680658,-0.5560583037709835,0.48333333333333334,-0.023654539654157702,0.0002428542323837108,625,669,S12_last_half_hour,g002,"{""min_move_atr"": 0.0, ""sig"": ""first"", ""sl_atr"": 0.25}",0.25,8,-0.027589936209769034
840,3.114406779661017,0.45,-0.007685291531539909,-0.036770410423737146,-6.455644886493523,0.951452549486184,-0.514636069854461,-0.3876338825160732,16.579639360512758,-0.44523973321585103,0.48333333333333334,-0.026071543671435018,0.008949888975984227,399,441,S12_last_half_hour,g003,"{""min_move_atr"": 0.2, ""sig"": ""first"", ""sl_atr"": 0.25}",0.5,8,-0.024071002815899058
1294,4.797669491525424,0.44435857805255025,-0.008971637084476939,-0.026135098241762238,-11.609298387313158,0.9099790644859472,-1.2049125898563082,-0.9793990512463739,16.587172481696697,-0.6764143134578579,0.48333333333333334,-0.0179226912467711,-0.0006092920150690845,625,669,S12_last_half_hour,g004,"{""min_move_atr"": 0.0, ""sig"": ""first"", ""sl_atr"": 0.4}",0.25,8,-0.019153128416131343
840,3.114406779661017,0.45,-0.006863625518849147,-0.02298150651483567,-5.765445435833283,0.9320438370531199,-0.716166842636875,-0.5364353800784062,12.015176470221563,-0.5838771114431242,0.48333333333333334,-0.020437325997406646,0.00541734158079811,399,441,S12_last_half_hour,g005,"{""min_move_atr"": 0.2, ""sig"": ""first"", ""sl_atr"": 0.4}",0.375,8,-0.01710469507157362
1286,4.768008474576271,0.4261275272161742,-0.0813375729636433,-0.09885842315340308,-104.60011883124528,0.7218875527759213,-4.376929674236475,-3.387567866291366,113.61960578112914,-1.8224499178058313,0.48333333333333334,-0.008450884147981286,-0.14940168387270514,621,665,S12_last_half_hour,g006,"{""min_move_atr"": 0.0, ""sig"": ""penult"", ""sl_atr"": 0.15}",0.0,8,-0.1084765582649236
80,0.2966101694915254,0.5,0.2943325614855824,0.010169833737632264,23.54660491884659,1.9391189272219935,2.07924492744941,1.5559031689371838,7.7140526046274225,8.149271665271097,0.48333333333333334,0.2866084807728231,0.3028697033260006,42,38,S12_last_half_hour,g007,"{""min_move_atr"": 0.2, ""sig"": ""penult"", ""sl_atr"": 0.15}",0.8571428571428571,7,0.2665566271623523
1286,4.768008474576271,0.43157076205287714,-0.047250524319315694,-0.05500592901406091,-60.764174274639984,0.7301130332809491,-4.107918295112817,-3.123992287485242,66.65403761385174,-1.7779887455114765,0.48333333333333334,-0.004826243621882645,-0.08686778494052763,621,665,S12_last_half_hour,g008,"{""min_move_atr"": 0.0, ""sig"": ""penult"", ""sl_atr"": 0.25}",0.0,8,-0.0635339155000839
80,0.2966101694915254,0.5,0.15664420732165196,0.006101900242579023,12.531536585732157,1.7530847066795219,1.762714449006229,1.3267158583059109,5.9264186401492225,7.569536049148996,0.48333333333333334,0.1833405163287694,0.12713776052431164,42,38,S12_last_half_hour,g009,"{""min_move_atr"": 0.2, ""sig"": ""penult"", ""sl_atr"": 0.25}",1.0,7,0.13997864672771382
1286,4.768008474576271,0.43157076205287714,-0.03106788398132579,-0.03437870563378807,-39.953298799984964,0.7200040378280748,-4.215581425705324,-3.1976352102495653,43.63446338699225,-1.8674281764129599,0.48333333333333334,-0.004150285721036087,-0.05620446822138579,621,665,S12_last_half_hour,g010,"{""min_move_atr"": 0.0, ""sig"": ""penult"", ""sl_atr"": 0.4}",0.125,8,-0.04124500346930593
80,0.2966101694915254,0.5,0.08098711868340197,0.0038136876516119225,6.478969494672158,1.5512415541739155,1.372670096496331,1.023091000406034,4.866674574051704,6.7628325846161585,0.48333333333333334,0.11172459049887518,0.04701412351893162,42,38,S12_last_half_hour,g011,"{""min_move_atr"": 0.2, ""sig"": ""penult"", ""sl_atr"": 0.4}",0.8571428571428571,7,0.07057114331219064
1048,3.885593220338983,0.5133587786259542,-0.0013254068953056427,0.036580380511910676,-1.3890264262803136,0.995560325992492,-0.05749019733799519,0.031079411640169093,43.10866602764618,1.4823215438884367,17.666666666666668,0.02900806891717081,-0.029970563089276907,509,539,S13_overnight_drift,default,"{""skip_friday"": true, ""sl_atr"": 0.6}",0.375,8,-0.00808986030683703
1048,3.885593220338983,0.48091603053435117,0.009765104593832707,-0.05774343968439018,10.233829614336678,1.0233724472721035,0.3054706299943969,0.25388074813534517,51.45785600433063,2.6167081246626602,17.666666666666668,0.05582159155379847,-0.033727941533481874,509,539,S13_overnight_drift,g000,"{""skip_friday"": true, ""sl_atr"": 0.4}",0.5,8,-0.00038155964500057114
1295,4.8013771186440675,0.4664092664092664,-0.02596465565422888,-0.09197928239570688,-33.6242290722264,0.9417620725724892,-0.8826734069735622,0.09747341015270271,73.10969155990435,0.0024448047876266484,17.666666666666668,-0.041111930397011796,-0.01170305364753072,628,667,S13_overnight_drift,g001,"{""skip_friday"": false, ""sl_atr"": 0.4}",0.25,8,-0.03611749030701691
1295,4.8013771186440675,0.5003861003861004,-0.023717472387706297,0.00039719272268135214,-30.714126742079657,0.9255918564890128,-1.1101332805973516,0.034206246851496896,53.921150867727206,-0.5521920865908314,17.666666666666668,-0.028244750828384103,-0.019454907379092116,628,667,S13_overnight_drift,g003,"{""skip_friday"": false, ""sl_atr"": 0.6}",0.25,8,-0.030486037389503243
1048,3.885593220338983,0.5209923664122137,0.007938409543824194,0.025743548192564514,8.319453201927756,1.0462672331567588,0.5617162352106966,0.39866984643210995,21.942758704884604,3.658661297859593,17.666666666666668,0.026631143414774367,-0.00971391242336251,509,539,S13_overnight_drift,g004,"{""skip_friday"": true, ""sl_atr"": 1.0}",0.375,8,0.003879732406658051
1295,4.8013771186440675,0.5096525096525096,-0.0035479045867103983,0.013176216034526723,-4.594536439789966,0.9805594258145229,-0.2689528982492624,0.18721845367667053,36.394044174476605,1.4651569824022947,17.666666666666668,-0.008320491165055396,0.0009456252051946544,628,667,S13_overnight_drift,g005,"{""skip_friday"": false, ""sl_atr"": 1.0}",0.375,8,-0.007609047707154718
