label,period,n,win,avgR,pf,sumR,maxddR,exit,set,filter
,p1,0,,,,0.0,,R2,WTI_ohlc,all
,p2,26,0.5,0.23072511967618262,1.4717467175680723,5.998853111580748,5.199617378036615,R2,WTI_ohlc,all
,p3,10,0.5,0.3525003126116646,1.8273395901706608,3.525003126116646,4.260648430216569,R2,WTI_ohlc,all
,p4,0,,,,0.0,,R2,WTI_ohlc,all
,p1,0,,,,0.0,,R2,WTI_ohlc,with_trend
,p2,8,0.5,0.11889063521340244,1.2311566611884075,0.9511250817072195,1.208165704319505,R2,WTI_ohlc,with_trend
,p3,4,0.25,-0.528433194570153,0.30803092321030945,-2.113732778280612,3.054663639142702,R2,WTI_ohlc,with_trend
,p4,0,,,,0.0,,R2,WTI_ohlc,with_trend
,p1,0,,,,0.0,,R2,WTI_ohlc,counter_trend
,p2,18,0.5,0.28042933499297384,1.586834290464414,5.047728029873529,4.544601557360783,R2,WTI_ohlc,counter_trend
,p3,6,0.6666666666666666,0.939789317399543,5.675627707855466,5.638735904397258,1.2059847910738672,R2,WTI_ohlc,counter_trend
,p4,0,,,,0.0,,R2,WTI_ohlc,counter_trend
,p1,0,,,,0.0,,R2,WTI_ohlc,vol_high
,p2,9,0.6666666666666666,0.594539547775243,3.143239185578945,5.350855929977187,1.0080109864957647,R2,WTI_ohlc,vol_high
,p3,5,1.0,1.557130311266643,inf,7.785651556333215,0.0,R2,WTI_ohlc,vol_high
,p4,0,,,,0.0,,R2,WTI_ohlc,vol_high
,p1,0,,,,0.0,,R2,WTI_ohlc,vol_low
,p2,15,0.4,-0.021501184952384792,0.9649569698524045,-0.3225177742857719,5.118615498247109,R2,WTI_ohlc,vol_low
,p3,5,0.0,-0.8521296860433137,0.0,-4.260648430216569,4.260648430216569,R2,WTI_ohlc,vol_low
,p4,0,,,,0.0,,R2,WTI_ohlc,vol_low
,p1,76,0.40789473684210525,-0.40423631360223294,0.6253653838373768,-30.721959833769702,32.15139776126021,R2,WTI_eia,all
,p2,51,0.6666666666666666,0.3326853932391668,1.4855362270881156,16.966955055197506,9.366255614713017,R2,WTI_eia,all
,p3,23,0.5652173913043478,0.3293459215813196,1.4384763240475549,7.5749561963703504,5.793987550810003,R2,WTI_eia,all
,p4,21,0.6666666666666666,0.8024850778373466,2.642570615673564,16.852186634584278,2.6934643143544594,R2,WTI_eia,all
,p1,36,0.3333333333333333,-0.7245295747958799,0.4062237980548331,-26.083064692651675,28.302740992645134,R2,WTI_eia,with_trend
,p2,24,0.5833333333333334,0.041742745137187086,1.045324687876648,1.00182588329249,13.894881603408646,R2,WTI_eia,with_trend
,p3,11,0.45454545454545453,0.11941412104923592,1.1375802213210293,1.313555331541595,3.040856031128403,R2,WTI_eia,with_trend
,p4,10,0.6,0.38649502859495,1.6369570142854448,3.8649502859495,2.588207282989994,R2,WTI_eia,with_trend
,p1,40,0.475,-0.11597237852795053,0.8781728999950597,-4.638895141118021,9.427886598340319,R2,WTI_eia,counter_trend
,p2,28,0.75,0.61945564777646,2.3506841649435444,17.34475813774088,6.497008699981587,R2,WTI_eia,counter_trend
,p3,12,0.6666666666666666,0.5217834054023963,1.8102149258019884,6.261400864828756,5.486500919793959,R2,WTI_eia,counter_trend
,p4,11,0.7272727272727273,1.180657849875889,4.098243102872953,12.98723634863478,2.204737783472816,R2,WTI_eia,counter_trend
,p1,37,0.3783783783783784,-0.4576422737319832,0.5529897508978643,-16.932764128083377,16.976321864652977,R2,WTI_eia,vol_high
,p2,25,0.72,0.6438589361445761,2.4036311614694896,16.096473403614404,5.95688861419484,R2,WTI_eia,vol_high
,p3,9,0.6666666666666666,0.7869593348758159,2.315448047692856,7.082634013882344,3.040856031128403,R2,WTI_eia,vol_high
,p4,10,0.8,1.5016804671749528,7.485643641344913,15.01680467174953,1.8497053045186647,R2,WTI_eia,vol_high
,p1,39,0.4358974358974359,-0.3535691206586238,0.6874976393531986,-13.789195705686327,18.094584207293003,R2,WTI_eia,vol_low
,p2,26,0.6153846153846154,0.03348006352242694,1.0370779992591854,0.8704816515831004,11.591203155494796,R2,WTI_eia,vol_low
,p3,15,0.4666666666666667,-0.2901514941404357,0.7399459320330745,-4.352272412106535,8.465586033783556,R2,WTI_eia,vol_low
,p4,11,0.5454545454545454,0.16685290571225,1.2310327398238678,1.83538196283475,2.69346431435446,R2,WTI_eia,vol_low
,p1,80,0.5,-0.06277054055476121,0.9353317606996345,-5.021643244380897,25.994822008955445,R2,BRENT_eia,all
,p2,56,0.5535714285714286,0.4527284473033646,1.5900381710184865,25.352793048988417,10.814407777835651,R2,BRENT_eia,all
,p3,26,0.5769230769230769,0.39441790229827045,1.5675880834928857,10.254865459755031,5.156766060763244,R2,BRENT_eia,all
,p4,23,0.6521739130434783,0.5865241398729245,2.070287751791812,13.490055217077265,3.20680722891567,R2,BRENT_eia,all
,p1,32,0.46875,-0.1809897847472654,0.8416242044365919,-5.791673111912493,14.131848252193858,R2,BRENT_eia,with_trend
,p2,24,0.625,0.8465436842725375,2.3639697108981563,20.3170484225409,9.931096429055298,R2,BRENT_eia,with_trend
,p3,14,0.5714285714285714,0.6114119684058009,1.9323892832140608,8.559767557681212,4.246328890225657,R2,BRENT_eia,with_trend
,p4,9,0.6666666666666666,0.8213989355034372,2.792301719234486,7.392590419530935,1.4885057471264302,R2,BRENT_eia,with_trend
,p1,48,0.5208333333333334,0.016042288906908193,1.0187431778339489,0.7700298675315933,14.696707669649285,R2,BRENT_eia,counter_trend
,p2,32,0.5,0.15736701957648497,1.1793833667576992,5.035744626447519,11.854868339615336,R2,BRENT_eia,counter_trend
,p3,12,0.5833333333333334,0.14125815850615167,1.1907395225818815,1.6950979020738202,4.07949308755763,R2,BRENT_eia,counter_trend
,p4,14,0.6428571428571429,0.43553319982473787,1.7190827503179626,6.09746479754633,3.677431104794872,R2,BRENT_eia,counter_trend
,p1,38,0.42105263157894735,-0.35777615632667004,0.6411485362247619,-13.595493940413462,21.408961887540126,R2,BRENT_eia,vol_high
,p2,23,0.6521739130434783,0.8544450306837935,2.314037065544141,19.65223570572725,4.738278917499263,R2,BRENT_eia,vol_high
,p3,14,0.5714285714285714,0.5107858849219671,1.7709100622220293,7.151002388907539,4.207717284894322,R2,BRENT_eia,vol_high
,p4,8,0.625,0.6394386540401693,2.2316475217690948,5.1155092323213545,1.4885057471264302,R2,BRENT_eia,vol_high
,p1,40,0.575,0.20173942979397674,1.2103909947536506,8.06957719175907,8.588089373748506,R2,BRENT_eia,vol_low
,p2,33,0.48484848484848486,0.172744161917005,1.2035009334262838,5.700557343261165,11.623782834262656,R2,BRENT_eia,vol_low
,p3,12,0.5833333333333334,0.25865525590395766,1.3530571281116834,3.103863070847492,3.560878373962477,R2,BRENT_eia,vol_low
,p4,15,0.6666666666666666,0.558303065650394,1.9909824210654767,8.37454598475591,4.7837303058387555,R2,BRENT_eia,vol_low
,p1,0,,,,0.0,,R3,WTI_ohlc,all
,p2,26,0.46153846153846156,0.14063341199503707,1.2662131646313017,3.656468711870964,6.214970075132047,R3,WTI_ohlc,all
,p3,10,0.5,0.48734409168588655,2.1438261092598876,4.873440916858866,4.260648430216569,R3,WTI_ohlc,all
,p4,0,,,,0.0,,R3,WTI_ohlc,all
,p1,0,,,,0.0,,R3,WTI_ohlc,with_trend
,p2,8,0.5,0.06798827519489407,1.132188230517913,0.5439062015591526,1.208165704319505,R3,WTI_ohlc,with_trend
,p3,4,0.25,-0.528433194570153,0.30803092321030945,-2.113732778280612,3.054663639142702,R3,WTI_ohlc,with_trend
,p4,0,,,,0.0,,R3,WTI_ohlc,with_trend
,p1,0,,,,0.0,,R3,WTI_ohlc,counter_trend
,p2,18,0.4444444444444444,0.1729201394617673,1.3235349877596052,3.112562510311811,5.559954254456217,R3,WTI_ohlc,counter_trend
,p3,6,0.6666666666666666,1.164528949189913,6.793749429391858,6.987173695139477,1.2059847910738672,R3,WTI_ohlc,counter_trend
,p4,0,,,,0.0,,R3,WTI_ohlc,counter_trend
,p1,0,,,,0.0,,R3,WTI_ohlc,vol_high
,p2,9,0.6666666666666666,0.5588013509330357,3.014407547413289,5.029212158397321,1.0080109864957647,R3,WTI_ohlc,vol_high
,p3,5,1.0,1.826817869415087,inf,9.134089347075435,0.0,R3,WTI_ohlc,vol_high
,p4,0,,,,0.0,,R3,WTI_ohlc,vol_high
,p1,0,,,,0.0,,R3,WTI_ohlc,vol_low
,p2,15,0.3333333333333333,-0.22288389349437934,0.672945761106949,-3.34325840241569,6.133968195342541,R3,WTI_ohlc,vol_low
,p3,5,0.0,-0.8521296860433137,0.0,-4.260648430216569,4.260648430216569,R3,WTI_ohlc,vol_low
,p4,0,,,,0.0,,R3,WTI_ohlc,vol_low
,p1,75,0.38666666666666666,-0.252345412759756,0.7748489332313528,-18.9259059569817,22.88874573442083,R3,WTI_eia,all
,p2,48,0.5833333333333334,0.38547313516275933,1.4474155123881391,18.502710487812447,10.610178700116476,R3,WTI_eia,all
,p3,22,0.4090909090909091,0.07750306014032347,1.0815409967857799,1.7050673230871163,7.850717778786358,R3,WTI_eia,all
,p4,21,0.6190476190476191,1.0277125744146458,2.758923150996036,21.581964062707563,3.8600501321048775,R3,WTI_eia,all
,p1,36,0.3333333333333333,-0.626474302478144,0.4865833709458739,-22.553074889213182,26.181556903838466,R3,WTI_eia,with_trend
,p2,23,0.4782608695652174,0.17838531067496693,1.1618388274504823,4.10286214552424,12.084220552211518,R3,WTI_eia,with_trend
,p3,11,0.36363636363636365,0.03482312003913502,1.0344295320425299,0.38305432043048526,4.981276344945938,R3,WTI_eia,with_trend
,p4,10,0.6,0.9332478228317852,2.538024302616069,9.332478228317852,3.085248703108336,R3,WTI_eia,with_trend
,p1,40,0.45,0.0939326479633215,1.0936254014612945,3.75730591853286,10.30601943042053,R3,WTI_eia,counter_trend
,p2,27,0.7037037037037037,0.7281439972025695,2.228503804283261,19.659887924469377,6.497008699981586,R3,WTI_eia,counter_trend
,p3,12,0.5,0.20870645480274444,1.255955807718023,2.5044774576329334,7.543231147770313,R3,WTI_eia,counter_trend
,p4,11,0.6363636363636364,1.1135896213081553,2.9750381271964463,12.24948583438971,2.204737783472817,R3,WTI_eia,counter_trend
,p1,36,0.3611111111111111,-0.41267543413091884,0.6078061857061565,-14.856315628713078,15.211241737087473,R3,WTI_eia,vol_high
,p2,22,0.6363636363636364,0.6375551859956036,2.0842321460516455,14.026214091903277,5.95688861419484,R3,WTI_eia,vol_high
,p3,8,0.375,0.18505985598013358,1.187454707930988,1.4804788478410686,3.040856031128403,R3,WTI_eia,vol_high
,p4,10,0.7,1.5282432535882837,4.532908873622945,15.282432535882837,3.8600501321048775,R3,WTI_eia,vol_high
,p1,39,0.41025641025641024,-0.10434846995560558,0.9118729312675298,-4.069590328268617,12.987883918501339,R3,WTI_eia,vol_low
,p2,26,0.5384615384615384,0.1721729383041988,1.157522689838576,4.476496395909169,10.522950947521071,R3,WTI_eia,vol_low
,p3,15,0.4,-0.30800040795656647,0.741282694473397,-4.620006119348497,9.86737660012219,R3,WTI_eia,vol_low
,p4,11,0.5454545454545454,0.5726846842567931,1.7929673810247564,6.299531526824724,2.6934643143544594,R3,WTI_eia,vol_low
,p1,77,0.45454545454545453,0.014420909196040237,1.013697770935456,1.1104100080950983,23.85582585890665,R3,BRENT_eia,all
,p2,55,0.45454545454545453,0.4275288890424397,1.447351876207762,23.514088897334183,11.660990873835011,R3,BRENT_eia,all
,p3,26,0.5384615384615384,0.5430207696047186,1.7192526407576125,14.118540009722683,8.753427502869279,R3,BRENT_eia,all
,p4,21,0.5714285714285714,0.618561127781342,1.8942652092316759,12.989783683408183,6.513258811382876,R3,BRENT_eia,all
,p1,30,0.4,-0.23169004749354577,0.815309186876007,-6.950701424806373,11.252298274083625,R3,BRENT_eia,with_trend
,p2,23,0.5652173913043478,1.0368152055408821,2.4637193982946797,23.846749727440287,9.931096429055298,R3,BRENT_eia,with_trend
,p3,14,0.5714285714285714,0.8239984430136976,2.2565788001407308,11.535978202191767,4.239538364367332,R3,BRENT_eia,with_trend
,p4,9,0.6666666666666666,1.610949573796905,4.515110095615862,14.498546164172145,1.4885057471264302,R3,BRENT_eia,with_trend
,p1,48,0.4791666666666667,0.11767940485211399,1.1232157485241288,5.648611432901472,16.027431003844846,R3,BRENT_eia,counter_trend
,p2,32,0.375,-0.010395650940815467,0.9908284531729188,-0.33266083010609493,13.765863224829356,R3,BRENT_eia,counter_trend
,p3,12,0.5,0.21521348396090967,1.2471589112294832,2.582561807530916,5.122893877838441,R3,BRENT_eia,counter_trend
,p4,13,0.5384615384615384,0.0988284505803452,1.1235235046448835,1.2847698575444877,6.983882687262079,R3,BRENT_eia,counter_trend
,p1,35,0.37142857142857144,-0.21738004050797222,0.787351216645408,-7.608301417779027,17.49408046740781,R3,BRENT_eia,vol_high
,p2,22,0.5454545454545454,0.7516425435041424,1.8603670402926002,16.536135957091133,6.85057016154577,R3,BRENT_eia,vol_high
,p3,14,0.5714285714285714,0.6978274088840833,2.0532048497879907,9.769583724377167,4.207717284894322,R3,BRENT_eia,vol_high
,p4,8,0.625,0.5512643020208816,2.061811492211005,4.410114416167053,1.4885057471264302,R3,BRENT_eia,vol_high
,p1,40,0.525,0.24574556342463136,1.2240406030116675,9.829822536985255,11.564618755112296,R3,BRENT_eia,vol_low
,p2,33,0.3939393939393939,0.2114531194013046,1.209277983585834,6.977952940243052,10.674048810538002,R3,BRENT_eia,vol_low
,p3,12,0.5,0.3624130237787932,1.4200507830014357,4.348956285345518,7.164330341926837,R3,BRENT_eia,vol_low
,p4,14,0.5714285714285714,0.8123715432535413,2.0965014754025484,11.373201605549578,6.705241933745745,R3,BRENT_eia,vol_low
,p1,0,,,,0.0,,MM1,WTI_ohlc,all
,p2,26,0.46153846153846156,0.1816562865205674,1.3438677496604954,4.723063449534752,5.114555137372715,MM1,WTI_ohlc,all
,p3,10,0.5,0.4234963550338307,1.9939716030789811,4.234963550338307,4.260648430216569,MM1,WTI_ohlc,all
,p4,0,,,,0.0,,MM1,WTI_ohlc,all
,p1,0,,,,0.0,,MM1,WTI_ohlc,with_trend
,p2,8,0.5,0.16082723863774462,1.3126931523658092,1.286617909101957,1.208165704319505,MM1,WTI_ohlc,with_trend
,p3,4,0.25,-0.528433194570153,0.30803092321030945,-2.113732778280612,3.054663639142702,MM1,WTI_ohlc,with_trend
,p4,0,,,,0.0,,MM1,WTI_ohlc,with_trend
,p1,0,,,,0.0,,MM1,WTI_ohlc,counter_trend
,p2,18,0.4444444444444444,0.19091364113515535,1.3572009757802725,3.4364455404327963,4.4926532783265225,MM1,WTI_ohlc,counter_trend
,p3,6,0.6666666666666666,1.0581160547698198,6.264325367624026,6.348696328618919,1.2059847910738672,MM1,WTI_ohlc,counter_trend
,p4,0,,,,0.0,,MM1,WTI_ohlc,counter_trend
,p1,0,,,,0.0,,MM1,WTI_ohlc,vol_high
,p2,9,0.6666666666666666,0.6411026073177898,3.3110930721462313,5.769923465860108,1.0080109864957647,MM1,WTI_ohlc,vol_high
,p3,5,1.0,1.6991223961109754,inf,8.495611980554877,0.0,MM1,WTI_ohlc,vol_high
,p4,0,,,,0.0,,MM1,WTI_ohlc,vol_high
,p1,0,,,,0.0,,MM1,WTI_ohlc,vol_low
,p2,15,0.3333333333333333,-0.15471199175105774,0.7729795010466013,-2.3206798762658662,5.066667219212847,MM1,WTI_ohlc,vol_low
,p3,5,0.0,-0.8521296860433137,0.0,-4.260648430216569,4.260648430216569,MM1,WTI_ohlc,vol_low
,p4,0,,,,0.0,,MM1,WTI_ohlc,vol_low
,p1,75,0.36,-0.3847660905211265,0.6819696091377221,-28.857456789084488,32.82029656652362,MM1,WTI_eia,all
,p2,48,0.5625,0.29971719801290236,1.3097349415503137,14.386425504619314,10.732516589303083,MM1,WTI_eia,all
,p3,22,0.45454545454545453,0.2790229664084591,1.2751802290104415,6.1385052609861,8.323651088102212,MM1,WTI_eia,all
,p4,19,0.5789473684210527,1.0710038921747282,2.6888822663981795,20.349073951319838,3.8600501321048775,MM1,WTI_eia,all
,p1,36,0.3055555555555556,-0.7603695076068601,0.41424654849054454,-27.373302273846964,31.556747181196833,MM1,WTI_eia,with_trend
,p2,23,0.43478260869565216,-0.1161210040259872,0.9111937186755495,-2.6707830925977056,20.169398375320426,MM1,WTI_eia,with_trend
,p3,11,0.2727272727272727,-0.49977437914521305,0.6229189940257259,-5.497518170597344,8.086867546711417,MM1,WTI_eia,with_trend
,p4,9,0.5555555555555556,0.6302186663803053,1.9701161725240344,5.671967997422748,2.5561006533558706,MM1,WTI_eia,with_trend
,p1,40,0.425,0.01593667765960295,1.0144858257692524,0.637467106384118,10.148124693578424,MM1,WTI_eia,counter_trend
,p2,27,0.7037037037037037,0.8584268482127363,2.4155701206073563,23.17752490174388,6.497008699981587,MM1,WTI_eia,counter_trend
,p3,12,0.6666666666666666,1.068207323879979,2.658691151726273,12.818487886559748,5.486500919793959,MM1,WTI_eia,counter_trend
,p4,10,0.6,1.467710595389709,3.366453926945004,14.67710595389709,2.204737783472817,MM1,WTI_eia,counter_trend
,p1,37,0.3783783783783784,-0.35982864286296223,0.6485309585397788,-13.313659785929604,13.945020343202355,MM1,WTI_eia,vol_high
,p2,22,0.6363636363636364,0.6616340401956108,2.1251808644327372,14.555948884303437,5.95688861419484,MM1,WTI_eia,vol_high
,p3,8,0.5,0.6625120090901813,1.761246841230851,5.30009607272145,3.040856031128403,MM1,WTI_eia,vol_high
,p4,9,0.5555555555555556,1.5026935382866,3.4773383578652317,13.5242418445794,3.8600501321048775,MM1,WTI_eia,vol_high
,p1,39,0.358974358974359,-0.34415834311623716,0.7460711285625855,-13.422175381533249,18.214351279072044,MM1,WTI_eia,vol_low
,p2,26,0.5,-0.006520129987850744,0.9949412611829053,-0.16952337968411935,13.701099443746964,MM1,WTI_eia,vol_low
,p3,15,0.4,-0.26707902708865966,0.8015700987613463,-4.0061854063298945,11.594103836495357,MM1,WTI_eia,vol_low
,p4,10,0.6,0.6824832106740439,2.0356882560514755,6.824832106740439,2.6934643143544594,MM1,WTI_eia,vol_low
,p1,78,0.44871794871794873,0.023591142307868056,1.021031300118016,1.8401091000137084,31.27101632856337,MM1,BRENT_eia,all
,p2,56,0.4642857142857143,0.45527429003683634,1.4850452547269493,25.495360242062834,11.660990873835011,MM1,BRENT_eia,all
,p3,26,0.5769230769230769,0.826069562759958,2.188757501185023,21.477808631758908,5.179364930819741,MM1,BRENT_eia,all
,p4,23,0.6086956521739131,0.739747329370608,2.2045342894822757,17.014188575523985,6.65021735468957,MM1,BRENT_eia,all
,p1,31,0.41935483870967744,-0.15303052220569824,0.8783031905337447,-4.743946188376645,14.676446547994223,MM1,BRENT_eia,with_trend
,p2,24,0.5833333333333334,0.962243715560711,2.417506176012905,23.093849173457063,9.931096429055298,MM1,BRENT_eia,with_trend
,p3,14,0.5714285714285714,0.7450420886336148,2.136172163585033,10.430589240870606,4.268927760282154,MM1,BRENT_eia,with_trend
,p4,9,0.5555555555555556,1.109946083102689,2.7694292761096384,9.9895147479242,2.972786249894696,MM1,BRENT_eia,with_trend
,p1,48,0.4583333333333333,0.08690740184146573,1.081916222467043,4.171555288390355,19.46166059893242,MM1,BRENT_eia,counter_trend
,p2,32,0.375,0.07504722089393036,1.0662102935727265,2.4015110686057715,13.63597969937009,MM1,BRENT_eia,counter_trend
,p3,12,0.5833333333333334,0.9206016159073583,2.243079440955839,11.0472193908883,4.07949308755763,MM1,BRENT_eia,counter_trend
,p4,14,0.6428571428571429,0.5017624162571275,1.8284298382615929,7.024673827599784,3.677431104794872,MM1,BRENT_eia,counter_trend
,p1,36,0.3611111111111111,-0.1780880818787191,0.8371593483822011,-6.411170947633888,23.281069451495945,MM1,BRENT_eia,vol_high
,p2,23,0.5652173913043478,1.0139483458505296,2.213370403498816,23.32081195456218,6.850570161545768,MM1,BRENT_eia,vol_high
,p3,14,0.5714285714285714,0.9827558852147045,2.483236759245363,13.758582393005863,4.207717284894322,MM1,BRENT_eia,vol_high
,p4,8,0.625,0.8058764554265463,2.5522298079837635,6.44701164341237,1.4885057471264302,MM1,BRENT_eia,vol_high
,p1,40,0.525,0.23405977896896807,1.2004284045036373,9.362391158758722,12.516999707493245,MM1,BRENT_eia,vol_low
,p2,33,0.3939393939393939,0.06589540265153507,1.0652175623302949,2.174548287500657,12.076551222327097,MM1,BRENT_eia,vol_low
,p3,12,0.5833333333333334,0.6432688532294204,1.878043839206595,7.719226238753045,3.560878373962477,MM1,BRENT_eia,vol_low
,p4,15,0.6,0.7044784621407741,2.0597134689959526,10.567176932111613,8.227140431612655,MM1,BRENT_eia,vol_low
,p1,0,,,,0.0,,TR3.5,WTI_ohlc,all
,p2,24,0.2916666666666667,0.12463632902908413,1.2074342427167797,2.991271896698019,9.463617502885274,TR3.5,WTI_ohlc,all
,p3,10,0.5,0.7569062315119666,2.5790977804243793,7.569062315119665,4.79328285363399,TR3.5,WTI_ohlc,all
,p4,0,,,,0.0,,TR3.5,WTI_ohlc,all
,p1,0,,,,0.0,,TR3.5,WTI_ohlc,with_trend
,p2,8,0.25,0.4483159019196217,1.649878767811026,3.5865272153569734,5.0289285921396045,TR3.5,WTI_ohlc,with_trend
,p3,4,0.25,-0.4843642599237747,0.3268950861973634,-1.9374570396950987,2.878387900557189,TR3.5,WTI_ohlc,with_trend
,p4,0,,,,0.0,,TR3.5,WTI_ohlc,with_trend
,p1,0,,,,0.0,,TR3.5,WTI_ohlc,counter_trend
,p2,17,0.29411764705882354,-0.09443169812166766,0.8380352858196481,-1.6053388680683502,6.434777918438402,TR3.5,WTI_ohlc,counter_trend
,p3,6,0.6666666666666666,1.5844198924691273,5.964512199240983,9.506519354814763,1.9148949530768005,TR3.5,WTI_ohlc,counter_trend
,p4,0,,,,0.0,,TR3.5,WTI_ohlc,counter_trend
,p1,0,,,,0.0,,TR3.5,WTI_ohlc,vol_high
,p2,9,0.5555555555555556,1.1663277747994074,3.819367441859843,10.496949973194667,2.715909954858113,TR3.5,WTI_ohlc,vol_high
,p3,5,1.0,2.4724690337507313,inf,12.362345168753656,0.0,TR3.5,WTI_ohlc,vol_high
,p4,0,,,,0.0,,TR3.5,WTI_ohlc,vol_high
,p1,0,,,,0.0,,TR3.5,WTI_ohlc,vol_low
,p2,15,0.13333333333333333,-0.5400556660045126,0.28262547264683924,-8.100834990067689,8.100834990067689,TR3.5,WTI_ohlc,vol_low
,p3,5,0.0,-0.9586565707267978,0.0,-4.793282853633989,4.793282853633989,TR3.5,WTI_ohlc,vol_low
,p4,0,,,,0.0,,TR3.5,WTI_ohlc,vol_low
,p1,64,0.21875,-0.5559684689210012,0.6297742465917927,-35.581982010944074,40.61447351850423,TR3.5,WTI_eia,all
,p2,38,0.39473684210526316,0.3447134655278388,1.2974049030161028,13.099111690057875,18.169398483564,TR3.5,WTI_eia,all
,p3,16,0.4375,4.8020443385463984,6.047024102425405,76.83270941674238,12.169578604024489,TR3.5,WTI_eia,all
,p4,15,0.4,2.792539112938766,3.039355593922577,41.88808669408149,14.385307421968893,TR3.5,WTI_eia,all
,p1,35,0.14285714285714285,-1.246645990213304,0.16910312980644074,-43.63260965746564,44.39879670782536,TR3.5,WTI_eia,with_trend
,p2,19,0.3157894736842105,0.5663568326542755,1.3682833930604887,10.760779820431233,25.765780681385827,TR3.5,WTI_eia,with_trend
,p3,8,0.375,1.941340202324864,2.5508912112186555,15.530721618598912,5.028261331852263,TR3.5,WTI_eia,with_trend
,p4,8,0.375,0.7149114338399343,1.4985161520779906,5.719291470719474,8.870719919454892,TR3.5,WTI_eia,with_trend
,p1,38,0.2631578947368421,-0.008310291721825297,0.9941199899193126,-0.3157910854293613,18.934184259879817,TR3.5,WTI_eia,counter_trend
,p2,25,0.36,-0.46036975116333495,0.5986109048673333,-11.509243779083373,16.314803529008586,TR3.5,WTI_eia,counter_trend
,p3,11,0.45454545454545453,5.7041097308707585,7.687193923631088,62.74520703957835,7.141317272172226,TR3.5,WTI_eia,counter_trend
,p4,10,0.5,5.106624416616059,5.677707132539019,51.06624416616059,6.919525365172198,TR3.5,WTI_eia,counter_trend
,p1,33,0.18181818181818182,-0.35018832203010575,0.7192899201526315,-11.556214626993489,24.549963630402743,TR3.5,WTI_eia,vol_high
,p2,18,0.5,1.5698392565060832,3.2074472058341787,28.2571066171095,5.95688861419484,TR3.5,WTI_eia,vol_high
,p3,5,0.6,3.1366591284208596,12.654290625563531,15.683295642104298,1.3457100175366485,TR3.5,WTI_eia,vol_high
,p4,8,0.625,6.798004180030959,11.535938257799476,54.38403344024767,3.151419802155104,TR3.5,WTI_eia,vol_high
,p1,33,0.2727272727272727,-0.6814668634438944,0.5922095530091985,-22.488406493648515,25.131326045740746,TR3.5,WTI_eia,vol_low
,p2,24,0.25,-0.9880887845703569,0.40416809175923113,-23.714130829688564,27.27720806234506,TR3.5,WTI_eia,vol_low
,p3,13,0.38461538461538464,4.7632017275947724,4.307380853405908,61.921622458732045,11.636085781057986,TR3.5,WTI_eia,vol_low
,p4,9,0.3333333333333333,0.20153580518930989,1.117948401458119,1.813822246703789,13.220956585331043,TR3.5,WTI_eia,vol_low
,p1,63,0.2698412698412698,0.05686803018661754,1.0432033289351996,3.5826859017569053,44.557155505341406,TR3.5,BRENT_eia,all
,p2,44,0.36363636363636365,1.2578758448040184,2.2179960497817452,55.34653717137681,16.789870382362263,TR3.5,BRENT_eia,all
,p3,18,0.3888888888888889,1.62614845467017,2.588681936349035,29.270672184063063,11.331142529326605,TR3.5,BRENT_eia,all
,p4,18,0.2222222222222222,0.6241739155642051,1.6228985217806113,11.235130480155691,8.355632958972725,TR3.5,BRENT_eia,all
,p1,27,0.25925925925925924,-0.761328306552159,0.5210515830987837,-20.55586427690829,20.911512964567642,TR3.5,BRENT_eia,with_trend
,p2,20,0.4,1.6537638630323102,2.7755682858892308,33.0752772606462,10.648873013373244,TR3.5,BRENT_eia,with_trend
,p3,10,0.4,1.4936416581776908,2.5466853769487936,14.936416581776907,8.691814305237843,TR3.5,BRENT_eia,with_trend
,p4,7,0.2857142857142857,2.949865344863471,4.070258543028619,20.649057414044297,2.9727862498946998,TR3.5,BRENT_eia,with_trend
,p1,43,0.2558139534883721,0.2810494080987094,1.2229562503155038,12.085124548244503,37.01916445509663,TR3.5,BRENT_eia,counter_trend
,p2,28,0.2857142857142857,0.5542169592915475,1.4623174327819872,15.518074860163328,16.16838629160086,TR3.5,BRENT_eia,counter_trend
,p3,10,0.4,4.973575149902742,6.402675180737603,49.73575149902742,6.201092929971143,TR3.5,BRENT_eia,counter_trend
,p4,14,0.2857142857142857,1.1742615998080423,2.2811134785000253,16.439662397312592,6.903825730057065,TR3.5,BRENT_eia,counter_trend
,p1,32,0.21875,0.49895338215622603,1.396782274322897,15.966508228999233,36.856717748993205,TR3.5,BRENT_eia,vol_high
,p2,18,0.4444444444444444,1.8009528123302136,2.805751182739548,32.41715062194385,8.73964865983929,TR3.5,BRENT_eia,vol_high
,p3,10,0.5,3.8581544266403944,6.2315081969746,38.581544266403945,4.370170746088443,TR3.5,BRENT_eia,vol_high
,p4,8,0.25,2.2858594842671036,3.8421123582696595,18.28687587413683,3.5681065061064032,TR3.5,BRENT_eia,vol_high
,p1,33,0.3333333333333333,-0.3959011672482624,0.7183031940943019,-13.064738519192659,15.164738519192673,TR3.5,BRENT_eia,vol_low
,p2,29,0.27586206896551724,0.6350230429903374,1.575450011820527,18.415668246719786,13.806067032011327,TR3.5,BRENT_eia,vol_low
,p3,11,0.18181818181818182,-1.2817507432194997,0.10978548244693252,-14.099258175414496,14.87281089388247,TR3.5,BRENT_eia,vol_low
,p4,12,0.3333333333333333,1.6935685798499254,2.751574874309215,20.322822958199104,7.349541956742275,TR3.5,BRENT_eia,vol_low
